CHEMBL553,AAKJLRGGTJKAMG-UHFFFAOYSA-N,ERLOTINIB,,P49336,CELL DIVISION PROTEIN KINASE 8,CDK8,21336281.0,pKI,5.400007822415902,NM,COCCOc1cc2ncnc(Nc3cccc(c3)C#C)c2cc1OCCOC
CHEMBL553,AAKJLRGGTJKAMG-UHFFFAOYSA-N,ERLOTINIB,,P49336,CELL DIVISION PROTEIN KINASE 8,CDK8,,pKI,5.40000018605658,NM,COCCOc1cc2ncnc(Nc3cccc(c3)C#C)c2cc1OCCOC
CHEMBL2004290,ADLPKFFMGIJZIM-UHFFFAOYSA-N,,,P49336,CELL DIVISION PROTEIN KINASE 8,CDK8,,pKI,6.699991797446187,NM,COc1ccc(NC(=O)Nc2ccc(cc2)c3csc4c(cnc(N)c34)c5cnn(CC(C)(C)O)c5)cc1
CHEMBL1990590,AESRIYKYGWVZLI-UHFFFAOYSA-N,,,P49336,CELL DIVISION PROTEIN KINASE 8,CDK8,,pKI,5.40000018605658,NM,Cc1cc(O)nc2[nH]nc(c3cccc(c3)c4ccc(Cl)cc4)c12
CHEMBL1988141,AEYLJTAIDDIOBA-UHFFFAOYSA-N,,,P49336,CELL DIVISION PROTEIN KINASE 8,CDK8,,pKI,6.599997654072044,NM,CCC(=O)Nc1ccc(C(=O)N2CCNCC2)c(O)c1
CHEMBL2001451,AGSASGLZNILGCY-UHFFFAOYSA-N,,,P49336,CELL DIVISION PROTEIN KINASE 8,CDK8,,pKI,5.59999938302362,NM,CN(C)CCCCNC(=O)c1cccc(c1)n2nc(cc2NC(=O)Nc3cccc4ccccc34)C(C)(C)C
CHEMBL189963,AHJRHEGDXFFMBM-UHFFFAOYSA-N,PALBOCICLIB,PFE-PKIS 32,P49336,CELL DIVISION PROTEIN KINASE 8,CDK8,21336281.0,pKI,5.400007822415902,NM,CC(=O)C1=C(C)c2cnc(Nc3ccc(cn3)N4CCNCC4)nc2N(C5CCCC5)C1=O
CHEMBL189963,AHJRHEGDXFFMBM-UHFFFAOYSA-N,PALBOCICLIB,PFE-PKIS 32,P49336,CELL DIVISION PROTEIN KINASE 8,CDK8,,pKI,5.40000018605658,NM,CC(=O)C1=C(C)c2cnc(Nc3ccc(cn3)N4CCNCC4)nc2N(C5CCCC5)C1=O
CHEMBL2002586,AMEJAXGXJBKLDC-UHFFFAOYSA-N,,,P49336,CELL DIVISION PROTEIN KINASE 8,CDK8,,pKI,5.40000018605658,NM,Clc1cc(Nc2nc(NC3CC3)c4sccc4n2)ccc1N5CCOCC5
CHEMBL2007603,AMVPASHAQNNOFN-UHFFFAOYSA-N,,,P49336,CELL DIVISION PROTEIN KINASE 8,CDK8,,pKI,7.100015437450609,NM,Fc1ccc2nccc(NC(=O)Nc3cccc(n3)C(F)(F)F)c2c1
CHEMBL2003514,AOFGEEDOUASHKV-UHFFFAOYSA-N,,,P49336,CELL DIVISION PROTEIN KINASE 8,CDK8,,pKI,5.40000018605658,NM,COc1cccc(c1)C(C)NC(=O)c2cnc(nc2)c3ccncc3
CHEMBL1998110,ASMBMGMEQLFISS-HPRDVNIFSA-N,,,P49336,CELL DIVISION PROTEIN KINASE 8,CDK8,,pKI,5.40000018605658,NM,[2H]C([2H])([2H])Oc1cccc(c1)C(C)NC(=O)c2sc(nc2C)c3ccncc3
CHEMBL1978567,ASMBMGMEQLFISS-UHFFFAOYSA-N,,,P49336,CELL DIVISION PROTEIN KINASE 8,CDK8,,pKI,5.40000018605658,NM,COc1cccc(c1)C(C)NC(=O)c2sc(nc2C)c3ccncc3
CHEMBL1967998,ASOBSKNWRJNQBK-UHFFFAOYSA-N,,,P49336,CELL DIVISION PROTEIN KINASE 8,CDK8,,pKI,5.40000018605658,NM,CCN1CCN(CC1)c2ccc(Nc3ncc(Cl)c(Nc4ccc5[nH]ncc5c4)n3)cc2
CHEMBL1993877,ATGVCJYHNOSZEV-UHFFFAOYSA-N,,,P49336,CELL DIVISION PROTEIN KINASE 8,CDK8,,pKI,7.199970640755866,NM,Nc1ncnc2c1c(cn2C3CCCC3)C#C
CHEMBL1996048,AUDNGNGLLRZLDR-UHFFFAOYSA-N,,,P49336,CELL DIVISION PROTEIN KINASE 8,CDK8,,pKI,5.40000018605658,NM,Cc1ccc(cc1)c2cc3c(NCCN)ccc(C(=O)N)c3[nH]2
CHEMBL2005699,AWKZEYXIJBNHRM-UHFFFAOYSA-N,,,P49336,CELL DIVISION PROTEIN KINASE 8,CDK8,,pKI,6.299997602857746,NM,CC(C)(C)c1cc(NC(=O)C(=O)c2cccc3ccccc23)n(n1)c4ccc(OCC(=O)O)cc4
CHEMBL2007266,AYXVSCVVQIADBF-UHFFFAOYSA-N,,,P49336,CELL DIVISION PROTEIN KINASE 8,CDK8,,pKI,7.700057099977233,NM,Cc1ccc(F)c(NC(=O)Nc2ccc(cc2)c3ccc(OCCCn4cccc4)c5[nH]nc(N)c35)c1
CHEMBL1991377,BBXIECANPYCIMM-UHFFFAOYSA-N,,,P49336,CELL DIVISION PROTEIN KINASE 8,CDK8,,pKI,5.40000018605658,NM,CC1=CC(=O)Nc2[nH]nc(c3cccc(c3)C(F)(F)F)c12
CHEMBL1991410,BBZSEXSOPOXLIQ-UHFFFAOYSA-N,,,P49336,CELL DIVISION PROTEIN KINASE 8,CDK8,,pKI,7.199970640755866,NM,Fc1cccc(F)c1C(=O)Nc2cc(cc(Cl)n2)c3c[nH]c4ncccc34
CHEMBL554,BCFGMOOMADDAQU-UHFFFAOYSA-N,LAPATINIB,,P49336,CELL DIVISION PROTEIN KINASE 8,CDK8,21336281.0,pKI,5.400007822415902,NM,CS(=O)(=O)CCNCc1oc(cc1)c2ccc3ncnc(Nc4ccc(OCc5cccc(F)c5)c(Cl)c4)c3c2
CHEMBL554,BCFGMOOMADDAQU-UHFFFAOYSA-N,LAPATINIB,,P49336,CELL DIVISION PROTEIN KINASE 8,CDK8,,pKI,5.40000018605658,NM,CS(=O)(=O)CCNCc1oc(cc1)c2ccc3ncnc(Nc4ccc(OCc5cccc(F)c5)c(Cl)c4)c3c2
CHEMBL1990162,BEJCLDKQCNVTQR-UHFFFAOYSA-N,,,P49336,CELL DIVISION PROTEIN KINASE 8,CDK8,,pKI,5.59999938302362,NM,O=C(Nc1n[nH]c2ccc(cc12)c3cn(Cc4ccccc4)nn3)c5ccc(cc5)C#N
CHEMBL1996980,BGYVWFZMYBWCNY-UHFFFAOYSA-N,,,P49336,CELL DIVISION PROTEIN KINASE 8,CDK8,,pKI,8.801342913045577,NM,CNCC(=O)NC1CCC(CC1)Nc2nc(Cl)cc(n2)c3c[nH]c4ncccc34
CHEMBL422897,BIIVYFLTOXDAOV-UHFFFAOYSA-N,,,P49336,CELL DIVISION PROTEIN KINASE 8,CDK8,,pKI,8.698970004336019,NM,CN1CCC(C(O)C1)c2c(O)cc(O)c3C(=O)C=C(Oc23)c4ccccc4Cl
CHEMBL1978167,BKBCSMDCCAWWNC-UHFFFAOYSA-N,,,P49336,CELL DIVISION PROTEIN KINASE 8,CDK8,,pKI,5.40000018605658,NM,Cn1cc(c2cc3nc(Br)cnc3[nH]2)c4ccccc14
CHEMBL1976040,BKWJAKQVGHWELA-UHFFFAOYSA-N,AZD-1775,,P49336,CELL DIVISION PROTEIN KINASE 8,CDK8,,pKI,5.40000018605658,NM,CN1CCN(CC1)c2ccc(Nc3ncc4C(=O)N(CC=C)N(c5cccc(n5)C(C)(C)O)c4n3)cc2
CHEMBL1983923,BLQYVHBZHAISJM-UHFFFAOYSA-N,,,P49336,CELL DIVISION PROTEIN KINASE 8,CDK8,,pKI,5.40000018605658,NM,CN1CCN(CC1)c2cc(Nc3cc(C)[nH]n3)nc(C=Cc4ccccc4)n2
CHEMBL1969664,BLTVBQXJFVRPFK-UHFFFAOYSA-N,AZD-1080,,P49336,CELL DIVISION PROTEIN KINASE 8,CDK8,,pKI,5.40000018605658,NM,Oc1[nH]c2ccc(cc2c1c3ccc(CN4CCOCC4)cn3)C#N
CHEMBL1986684,BMKHCMLGQGVJTF-UHFFFAOYSA-N,,,P49336,CELL DIVISION PROTEIN KINASE 8,CDK8,,pKI,5.700000503883016,NM,Cc1cc(C(=O)N)n2nc(cc2n1)C(C)(C)C
CHEMBL1967513,BOVQIKHARODWQD-UHFFFAOYSA-N,,,P49336,CELL DIVISION PROTEIN KINASE 8,CDK8,,pKI,7.199970640755866,NM,FC(F)(F)c1cccc(NC(=O)Nc2ccnc3ccc(Cl)cc23)n1
CHEMBL1979970,BQWACEUCYSZDBQ-UHFFFAOYSA-N,,,P49336,CELL DIVISION PROTEIN KINASE 8,CDK8,,pKI,5.40000018605658,NM,CCCC(=O)Nc1n[nH]c2nnc(cc12)c3cccc(F)c3F
CHEMBL1987535,BQYDGSNDLAZAEW-UHFFFAOYSA-N,,,P49336,CELL DIVISION PROTEIN KINASE 8,CDK8,,pKI,7.100015437450609,NM,O=C(NCCc1cccs1)N2CCC(=CC2)c3c[nH]c4ncccc34
CHEMBL1965170,BRTHUECZMVKNMQ-UHFFFAOYSA-N,,,P49336,CELL DIVISION PROTEIN KINASE 8,CDK8,,pKI,7.199970640755866,NM,COc1ccc(NC(=O)Nc2ccc(cc2)c3csc4c(cnc(N)c34)c5cnn(CC(O)CO)c5)cc1
CHEMBL52387,BTIHMVBBUGXLCJ-UHFFFAOYSA-N,(RS)-ROSCOVITINE,,P49336,CELL DIVISION PROTEIN KINASE 8,CDK8,21336281.0,pKI,5.400007822415902,NM,CCC(CO)Nc1nc(NCc2ccccc2)c3ncn(C(C)C)c3n1
CHEMBL52387,BTIHMVBBUGXLCJ-UHFFFAOYSA-N,(RS)-ROSCOVITINE,,P49336,CELL DIVISION PROTEIN KINASE 8,CDK8,,pKI,5.40000018605658,NM,CCC(CO)Nc1nc(NCc2ccccc2)c3ncn(C(C)C)c3n1
CHEMBL1975923,BUDOGSSTKVVWDR-UHFFFAOYSA-N,,,P49336,CELL DIVISION PROTEIN KINASE 8,CDK8,,pKI,5.700000503883016,NM,CC(CCC(=O)O)(c1ccc(O)c(N)c1)c2ccc(O)c(N)c2
CHEMBL2006149,CCGONFUHNLRGRE-UHFFFAOYSA-N,,,P49336,CELL DIVISION PROTEIN KINASE 8,CDK8,,pKI,5.800000874803203,NM,CC(C)(C)c1cc(NC(=O)C(=O)c2cccc3ccccc23)n(n1)c4ccc(OCC(=O)NCCO)cc4
CHEMBL10,CDMGBJANTYXAIV-UHFFFAOYSA-N,SB-203580,,P49336,CELL DIVISION PROTEIN KINASE 8,CDK8,21336281.0,pKI,5.400007822415902,NM,C[S+]([O-])c1ccc(cc1)c2nc(c3ccc(F)cc3)c([nH]2)c4ccncc4
CHEMBL10,CDMGBJANTYXAIV-UHFFFAOYSA-N,SB-203580,,P49336,CELL DIVISION PROTEIN KINASE 8,CDK8,,pKI,5.40000018605658,NM,C[S+]([O-])c1ccc(cc1)c2nc(c3ccc(F)cc3)c([nH]2)c4ccncc4
CHEMBL1972346,CDRPUGZCRXZLFL-UHFFFAOYSA-N,,,P49336,CELL DIVISION PROTEIN KINASE 8,CDK8,,pKI,6.599997654072044,NM,Oc1cc(O)cc(C=Cc2ccc(O)c(O)c2)c1
CHEMBL1991063,CHTMRWQLNNRRFJ-UHFFFAOYSA-N,,,P49336,CELL DIVISION PROTEIN KINASE 8,CDK8,,pKI,7.899974269892137,NM,Cc1n[nH]c2ccc(cc12)c3cncc(OCC(N)Cc4ccc(Cl)c(Cl)c4)c3
CHEMBL1987430,CJJKTILOCMYOOH-UHFFFAOYSA-N,,,P49336,CELL DIVISION PROTEIN KINASE 8,CDK8,,pKI,5.499999678657065,NM,CCCc1ccc2nccc(NC(=O)Nc3cccc(n3)C(F)(F)F)c2c1
CHEMBL1965033,CJUJLGFTKBBDMG-UHFFFAOYSA-N,,,P49336,CELL DIVISION PROTEIN KINASE 8,CDK8,,pKI,6.699991797446187,NM,CC1=CC(=O)NN=C1c2ccc(NC(=O)Nc3cc(ccc3F)C(F)(F)F)cc2
CHEMBL2006439,CLEGDJQQHUTCOW-UHFFFAOYSA-N,,,P49336,CELL DIVISION PROTEIN KINASE 8,CDK8,,pKI,8.400116927926312,NM,Clc1cc(nc(NC2CCCCC2)n1)c3c[nH]c4ncccc34
CHEMBL1998470,CRKQBJZCCHKEGI-UHFFFAOYSA-N,,,P49336,CELL DIVISION PROTEIN KINASE 8,CDK8,,pKI,8.100179497572904,NM,CCCC(=O)Nc1cc(cc(Cl)n1)c2c[nH]c3ncccc23
CHEMBL424872,CUIDQTVRAWOMCM-UHFFFAOYSA-N,,,P49336,CELL DIVISION PROTEIN KINASE 8,CDK8,21336281.0,pKI,5.400007822415902,NM,CCOc1nc(cc(N)c1C#N)C(=O)NCc2ccc(cc2)S(=O)(=O)C
CHEMBL424872,CUIDQTVRAWOMCM-UHFFFAOYSA-N,,,P49336,CELL DIVISION PROTEIN KINASE 8,CDK8,,pKI,5.40000018605658,NM,CCOc1nc(cc(N)c1C#N)C(=O)NCc2ccc(cc2)S(=O)(=O)C
CHEMBL477772,CUIHSIWYWATEQL-UHFFFAOYSA-N,PAZOPANIB,,P49336,CELL DIVISION PROTEIN KINASE 8,CDK8,21336281.0,pKI,5.400007822415902,NM,CN(c1ccc2c(C)n(C)nc2c1)c3ccnc(Nc4ccc(C)c(c4)S(=O)(=O)N)n3
CHEMBL477772,CUIHSIWYWATEQL-UHFFFAOYSA-N,PAZOPANIB,,P49336,CELL DIVISION PROTEIN KINASE 8,CDK8,,pKI,5.40000018605658,NM,CN(c1ccc2c(C)n(C)nc2c1)c3ccnc(Nc4ccc(C)c(c4)S(=O)(=O)N)n3
CHEMBL1980435,CYLGCMABIBXHIQ-UHFFFAOYSA-N,,,P49336,CELL DIVISION PROTEIN KINASE 8,CDK8,,pKI,5.40000018605658,NM,COc1cccc(c1)C(=O)Nc2n[nH]c3ccc(cc23)c4cn(Cc5ccccc5)nn4
CHEMBL98350,CZQHHVNHHHRRDU-UHFFFAOYSA-N,LY-294002,,P49336,CELL DIVISION PROTEIN KINASE 8,CDK8,21336281.0,pKI,5.50003813440381,NM,O=C1C=C(Oc2c1cccc2c3ccccc3)N4CCOCC4
CHEMBL98350,CZQHHVNHHHRRDU-UHFFFAOYSA-N,LY-294002,,P49336,CELL DIVISION PROTEIN KINASE 8,CDK8,,pKI,5.499999678657065,NM,O=C1C=C(Oc2c1cccc2c3ccccc3)N4CCOCC4
CHEMBL1979773,DADQIQQXJSXLAV-UHFFFAOYSA-N,,,P49336,CELL DIVISION PROTEIN KINASE 8,CDK8,,pKI,5.700000503883016,NM,CN(CCN)C(=O)c1cccc(c1)n2nc(cc2NC(=O)Nc3cccc4ccccc34)C(C)(C)C
CHEMBL243664,DANYIYRPLHHOCZ-UHFFFAOYSA-N,ACACETIN,,P49336,CELL DIVISION PROTEIN KINASE 8,CDK8,21336281.0,pKI,6.200659450546418,NM,COc1ccc(cc1)C2=CC(=O)c3c(O)cc(O)cc3O2
CHEMBL243664,DANYIYRPLHHOCZ-UHFFFAOYSA-N,ACACETIN,,P49336,CELL DIVISION PROTEIN KINASE 8,CDK8,,pKI,6.199998172182031,NM,COc1ccc(cc1)C2=CC(=O)c3c(O)cc(O)cc3O2
CHEMBL1990583,DASFSPDIWCMVRW-UHFFFAOYSA-N,,,P49336,CELL DIVISION PROTEIN KINASE 8,CDK8,,pKI,6.399996913372259,NM,Nc1ncnn2ccc(C(=O)Nc3ccc(NC(=O)Nc4cccc(F)c4)cc3)c12
CHEMBL1986265,DBFCGNXJRISFMI-UHFFFAOYSA-N,,,P49336,CELL DIVISION PROTEIN KINASE 8,CDK8,,pKI,5.40000018605658,NM,OC(=O)C1CN(Cc2ccc(OCc3cccc(c3)C(F)(F)F)cc2Cl)C1
CHEMBL1998405,DCEAVJCLOUAHCY-UHFFFAOYSA-N,,,P49336,CELL DIVISION PROTEIN KINASE 8,CDK8,,pKI,5.59999938302362,NM,COc1ccc(CCN(C)C(=O)CCc2ccc(Cl)c(Cl)c2)cc1OC
CHEMBL1984842,DDDPTRGZLJPPQR-UHFFFAOYSA-N,,,P49336,CELL DIVISION PROTEIN KINASE 8,CDK8,,pKI,5.40000018605658,NM,CC(C)COc1nccn2c(c3ccnc(NCC(C)(C)CO)n3)c(nc12)c4ccc(F)cc4
CHEMBL1982711,DFMCXVONDDGQIY-UHFFFAOYSA-N,,,P49336,CELL DIVISION PROTEIN KINASE 8,CDK8,,pKI,6.699991797446187,NM,NC(=O)c1ccc(cc1)c2c[nH]c3nccc(Cl)c23
CHEMBL2001584,DGVVZCKWBRQGCX-UHFFFAOYSA-N,,,P49336,CELL DIVISION PROTEIN KINASE 8,CDK8,,pKI,5.40000018605658,NM,CN1C=C(C=C(Nc2ccc(cn2)C(=O)N3CCOCC3)C1=O)c4cccc(NC(=O)c5ccc(cc5)C(C)(C)C)c4CO
CHEMBL1989423,DGYDIEIMGSEYDK-UHFFFAOYSA-N,,,P49336,CELL DIVISION PROTEIN KINASE 8,CDK8,,pKI,4.70000006855703,NM,C1c2ccccc2c3n[nH]cc13
CHEMBL1970340,DJRPFIWIDKXORZ-UHFFFAOYSA-N,,,P49336,CELL DIVISION PROTEIN KINASE 8,CDK8,,pKI,6.299997602857746,NM,Nc1noc2cccc(c3cccc(O)c3)c12
CHEMBL2001539,DKVMJCMHPQSNGP-UHFFFAOYSA-N,,,P49336,CELL DIVISION PROTEIN KINASE 8,CDK8,,pKI,5.300000202445418,NM,C1Cc2sccc2c3[nH]ncc13
CHEMBL225519,DKXHSOUZPMHNIZ-UHFFFAOYSA-N,PHA-767491,,P49336,CELL DIVISION PROTEIN KINASE 8,CDK8,,pKI,8.0,NM,O=C1NCCc2[nH]c(cc12)c3ccncc3
CHEMBL1977814,DNUARRYUJCTBON-UHFFFAOYSA-N,,,P49336,CELL DIVISION PROTEIN KINASE 8,CDK8,,pKI,5.40000018605658,NM,CC(C)CON1c2ccc(Cl)cc2C(=O)c3c(C)nn(C)c13
CHEMBL2004438,DOLVPVSWTLFZMQ-UHFFFAOYSA-N,,,P49336,CELL DIVISION PROTEIN KINASE 8,CDK8,,pKI,8.698970004336019,NM,Nc1c(ccc2nccnc12)c3ccc(NC(=O)Nc4cccc(c4)C(F)(F)F)cc3
CHEMBL379975,DPEXRCOBPACFOO-UHFFFAOYSA-N,681640,,P49336,CELL DIVISION PROTEIN KINASE 8,CDK8,21336281.0,pKI,5.400007822415902,NM,Oc1ccc2[nH]c3cc(c4ccccc4Cl)c5C(=O)NC(=O)c5c3c2c1
CHEMBL379975,DPEXRCOBPACFOO-UHFFFAOYSA-N,681640,,P49336,CELL DIVISION PROTEIN KINASE 8,CDK8,,pKI,5.40000018605658,NM,Oc1ccc2[nH]c3cc(c4ccccc4Cl)c5C(=O)NC(=O)c5c3c2c1
CHEMBL1994438,DQPYZHUAILXFJI-UHFFFAOYSA-N,,,P49336,CELL DIVISION PROTEIN KINASE 8,CDK8,,pKI,7.899974269892137,NM,NC1CCCCC1Nc2nc(Cl)cc(n2)c3c[nH]c4ncccc34
CHEMBL1973961,DSSRVQAIWBZWON-UHFFFAOYSA-N,,,P49336,CELL DIVISION PROTEIN KINASE 8,CDK8,,pKI,5.40000018605658,NM,COc1cc(ccc1C(=O)Nc2n[nH]c3ccc(Cc4cc(F)cc(F)c4)cc23)N5CCN(C)CC5
CHEMBL243298,DTMZXHDQZQLTHA-UHFFFAOYSA-N,,,P49336,CELL DIVISION PROTEIN KINASE 8,CDK8,21336281.0,pKI,6.300162274132754,NM,OC(=O)c1ccccc1Nc2ccnc(Nc3cccc(F)c3)n2
CHEMBL243298,DTMZXHDQZQLTHA-UHFFFAOYSA-N,,,P49336,CELL DIVISION PROTEIN KINASE 8,CDK8,,pKI,6.299997602857746,NM,OC(=O)c1ccccc1Nc2ccnc(Nc3cccc(F)c3)n2
CHEMBL1988805,DVWFMBFZDOBWAD-UHFFFAOYSA-N,,,P49336,CELL DIVISION PROTEIN KINASE 8,CDK8,,pKI,6.799998134593398,NM,Nc1nc2ccc(cc2n1c3nccs3)C#N
CHEMBL2002992,DWTNLZZEPSCAIH-UHFFFAOYSA-N,,,P49336,CELL DIVISION PROTEIN KINASE 8,CDK8,,pKI,6.299997602857746,NM,CC(N)C1CCC(CC1)C(=O)Nc2ccnc3[nH]ccc23
CHEMBL1972934,DYTQGJLVGDSCLF-UHFFFAOYSA-N,,,P49336,CELL DIVISION PROTEIN KINASE 8,CDK8,,pKI,5.0,NM,Nc1ncnc2sccc12
CHEMBL482767,FAYAUAZLLLJJGH-UHFFFAOYSA-N,SNS-314,,P49336,CELL DIVISION PROTEIN KINASE 8,CDK8,,pKI,8.801342913045577,NM,OC(=Nc1cccc(Cl)c1)Nc2ncc(CCN=C3NC=Nc4ccsc34)s2
CHEMBL1977134,FFCFHBVSGILIJY-UHFFFAOYSA-N,,,P49336,CELL DIVISION PROTEIN KINASE 8,CDK8,,pKI,7.599980364934842,NM,Nc1c(cnc2c(cnn12)c3ccc4OCOc4c3)c5ccc(NC(=O)Nc6cccc(c6)C(F)(F)F)cc5
CHEMBL1966175,FHIVNWJIENRJBH-UHFFFAOYSA-N,,,P49336,CELL DIVISION PROTEIN KINASE 8,CDK8,,pKI,5.499999678657065,NM,CC1CCN(CC1c2ncc3cnc4[nH]ccc4n23)C(=O)CC#N
CHEMBL440084,FHYUGAJXYORMHI-UHFFFAOYSA-N,SB-431542,,P49336,CELL DIVISION PROTEIN KINASE 8,CDK8,21336281.0,pKI,5.400007822415902,NM,NC(=O)c1ccc(cc1)c2nc(c3ccccn3)c([nH]2)c4ccc5OCOc5c4
CHEMBL440084,FHYUGAJXYORMHI-UHFFFAOYSA-N,SB-431542,,P49336,CELL DIVISION PROTEIN KINASE 8,CDK8,,pKI,5.40000018605658,NM,NC(=O)c1ccc(cc1)c2nc(c3ccccn3)c([nH]2)c4ccc5OCOc5c4
CHEMBL1974617,FISNDZKRNXBCLC-UHFFFAOYSA-N,,,P49336,CELL DIVISION PROTEIN KINASE 8,CDK8,,pKI,5.200000237109354,NM,OCc1cc(on1)c2ccc3[nH]ncc3c2
CHEMBL1965631,FLHJZUQGFPJXRD-UHFFFAOYSA-N,,,P49336,CELL DIVISION PROTEIN KINASE 8,CDK8,,pKI,5.499999678657065,NM,CN(C)CC(=O)Nc1n[nH]c2ccc(cc12)c3cn(Cc4ccccc4)nn3
CHEMBL2004118,FOXLXMLEOCIUHE-UHFFFAOYSA-N,,,P49336,CELL DIVISION PROTEIN KINASE 8,CDK8,,pKI,5.40000018605658,NM,CCc1nc(Nc2ccc(N3CCOCC3)c(Cl)c2)nc4[nH]ccc14
CHEMBL1981215,FPLAQCFCGCSDRB-UHFFFAOYSA-N,,,P49336,CELL DIVISION PROTEIN KINASE 8,CDK8,,pKI,5.40000018605658,NM,FC(F)Oc1ccc2c(NC(=O)Nc3cccc(n3)C(F)(F)F)ccnc2c1
CHEMBL377408,FTIAKTLRFKSDFR-UHFFFAOYSA-N,,,P49336,CELL DIVISION PROTEIN KINASE 8,CDK8,21336281.0,pKI,5.400007822415902,NM,CCOc1nc(cc(N)c1C#N)C(=O)NCc2ccccc2S(=O)(=O)N
CHEMBL377408,FTIAKTLRFKSDFR-UHFFFAOYSA-N,,,P49336,CELL DIVISION PROTEIN KINASE 8,CDK8,,pKI,5.40000018605658,NM,CCOc1nc(cc(N)c1C#N)C(=O)NCc2ccccc2S(=O)(=O)N
CHEMBL2007559,FTKWFHKMPQIDLM-UHFFFAOYSA-N,,,P49336,CELL DIVISION PROTEIN KINASE 8,CDK8,,pKI,5.40000018605658,NM,CCCNC(=O)c1ccc(Nc2nc(NCC(F)(F)F)c3sccc3n2)cc1
CHEMBL2002471,FTOZKRZEPRFQLJ-UHFFFAOYSA-N,,,P49336,CELL DIVISION PROTEIN KINASE 8,CDK8,,pKI,6.0,NM,Nc1cc2c(Oc3ccc(Cl)cc3)cncc2s1
CHEMBL1986943,FUMCKNCUEAQHCV-UHFFFAOYSA-N,,,P49336,CELL DIVISION PROTEIN KINASE 8,CDK8,,pKI,9.100179497572904,NM,OC1CCC(CC1)Nc2nc(Cl)cc(n2)c3c[nH]c4ncccc34
CHEMBL2002690,FWQLGWJRPGEROE-UHFFFAOYSA-N,,,P49336,CELL DIVISION PROTEIN KINASE 8,CDK8,,pKI,5.40000018605658,NM,Oc1cccc2sc(NC(=O)Nc3ccccc3c4ccccc4)nc12
CHEMBL1969942,FYRQDEVTRMEZHR-UHFFFAOYSA-N,,,P49336,CELL DIVISION PROTEIN KINASE 8,CDK8,,pKI,6.900008766455316,NM,Fc1cccc(NC(=O)Nc2ccc(cc2)c3ccc4cn[nH]c4c3)c1
CHEMBL1999484,GAKKPKBEHVIOLH-UHFFFAOYSA-N,,,P49336,CELL DIVISION PROTEIN KINASE 8,CDK8,,pKI,5.700000503883016,NM,CNc1nc(C)c(s1)c2ccnc(Nc3ccc(cc3)N4CCNCC4)n2
CHEMBL415049,GBJVVSCPOBPEIT-UHFFFAOYSA-N,BARASERTIB,,P49336,CELL DIVISION PROTEIN KINASE 8,CDK8,21336281.0,pKI,5.400007822415902,NM,CCN(CCCOc1ccc2c(Nc3cc(CC(=O)Nc4cccc(F)c4)[nH]n3)ncnc2c1)CCOP(=O)(O)O
CHEMBL415049,GBJVVSCPOBPEIT-UHFFFAOYSA-N,BARASERTIB,,P49336,CELL DIVISION PROTEIN KINASE 8,CDK8,,pKI,5.40000018605658,NM,CCN(CCCOc1ccc2c(Nc3cc(CC(=O)Nc4cccc(F)c4)[nH]n3)ncnc2c1)CCOP(=O)(O)O
CHEMBL572878,GCIKSSRWRFVXBI-UHFFFAOYSA-N,TOZASERTIB,,P49336,CELL DIVISION PROTEIN KINASE 8,CDK8,21336281.0,pKI,5.400007822415902,NM,CN1CCN(CC1)c2cc(Nc3cc(C)[nH]n3)nc(Sc4ccc(NC(=O)C5CC5)cc4)n2
CHEMBL572878,GCIKSSRWRFVXBI-UHFFFAOYSA-N,TOZASERTIB,,P49336,CELL DIVISION PROTEIN KINASE 8,CDK8,,pKI,5.40000018605658,NM,CN1CCN(CC1)c2cc(Nc3cc(C)[nH]n3)nc(Sc4ccc(NC(=O)C5CC5)cc4)n2
CHEMBL1991782,GHHHKQJZQNKCCH-UHFFFAOYSA-N,,,P49336,CELL DIVISION PROTEIN KINASE 8,CDK8,,pKI,4.100000018985305,NM,O=C1NCc2c1cccc2c3cccs3
CHEMBL1988622,GIMMCSLNUXYLSO-UHFFFAOYSA-N,,,P49336,CELL DIVISION PROTEIN KINASE 8,CDK8,,pKI,4.900000142057633,NM,C(=Cc1ccc2nccn2n1)c3ccccc3
CHEMBL1983640,GJKVMXDBPDDFHI-UHFFFAOYSA-N,,,P49336,CELL DIVISION PROTEIN KINASE 8,CDK8,,pKI,8.100179497572904,NM,Cc1ccc(F)c(NC(=O)Nc2ccc(cc2)c3coc4c(cnc(N)c34)C#CCN5CCOCC5)c1
CHEMBL2000029,GJOXRIYWDHESDF-UHFFFAOYSA-N,,,P49336,CELL DIVISION PROTEIN KINASE 8,CDK8,,pKI,7.50003813440381,NM,Cc1ccccc1c2c(nnn2Cc3ccccc3)c4ccc5[nH]nc(N)c5c4
CHEMBL1973868,GKODJBVKKLQMEY-UHFFFAOYSA-N,,,P49336,CELL DIVISION PROTEIN KINASE 8,CDK8,,pKI,6.499996931948306,NM,Oc1cnc2ccc(cc2c1)c3ccncc3
CHEMBL1976196,GKQJYCBMMCLAOZ-UHFFFAOYSA-N,,,P49336,CELL DIVISION PROTEIN KINASE 8,CDK8,,pKI,5.800000874803203,NM,[O-][N+](=O)c1ccc(NC(=O)N2CCc3[nH]c4c(Cl)cc(Cl)cc4c3C2)cc1
CHEMBL101311,GNLAGGCSJGJECE-UHFFFAOYSA-N,,,P49336,CELL DIVISION PROTEIN KINASE 8,CDK8,21336281.0,pKI,5.50003813440381,NM,CN(C)CC(O)COc1ccc(Nc2nccc(Nc3cc(Cl)ccc3Cl)n2)cc1
CHEMBL101311,GNLAGGCSJGJECE-UHFFFAOYSA-N,,,P49336,CELL DIVISION PROTEIN KINASE 8,CDK8,,pKI,5.499999678657065,NM,CN(C)CC(O)COc1ccc(Nc2nccc(Nc3cc(Cl)ccc3Cl)n2)cc1
CHEMBL1980763,GQVOLDFSBVIZQO-UHFFFAOYSA-N,,,P49336,CELL DIVISION PROTEIN KINASE 8,CDK8,,pKI,5.40000018605658,NM,CC(C)Cc1nc(Nc2ccc(N3CCOCC3)c(Cl)c2)nc4[nH]ccc14
CHEMBL1965387,GSYNTOXSBKQRAW-UHFFFAOYSA-N,,,P49336,CELL DIVISION PROTEIN KINASE 8,CDK8,,pKI,7.299988937677887,NM,Nc1n[nH]c2c(OCCCn3cccc3)ccc(c4ccc(NC(=O)Nc5cccc(Cl)c5)cc4)c12
CHEMBL1992673,GUMIRECWDDFABT-UHFFFAOYSA-N,,,P49336,CELL DIVISION PROTEIN KINASE 8,CDK8,,pKI,4.200000030616179,NM,Clc1ccc2NC(=O)n3ncnc3c2c1
CHEMBL1967992,GWXPHWSUMLUDPO-UHFFFAOYSA-N,,,P49336,CELL DIVISION PROTEIN KINASE 8,CDK8,,pKI,7.100015437450609,NM,N#Cc1ccc(cc1NCc2ccccc2)c3ccncc3
CHEMBL2002723,GZAQDFYUURXJSL-UHFFFAOYSA-N,,,P49336,CELL DIVISION PROTEIN KINASE 8,CDK8,,pKI,5.59999938302362,NM,CC(=O)Nc1ccc(cc1)n2nc3ccc(N)nc3n2
CHEMBL1983268,HAYYBYPASCDWEQ-UHFFFAOYSA-N,ENTRECTINIB,,P49336,CELL DIVISION PROTEIN KINASE 8,CDK8,,pKI,5.40000018605658,NM,CN1CCN(CC1)c2ccc(C(=O)Nc3n[nH]c4ccc(Cc5cc(F)cc(F)c5)cc34)c(NC6CCOCC6)c2
CHEMBL1977749,HDRLAVNNWSHSOA-UHFFFAOYSA-N,,,P49336,CELL DIVISION PROTEIN KINASE 8,CDK8,,pKI,6.299997602857746,NM,ON=C1C=C(Oc2c(CC=C)cccc12)c3ccccc3
CHEMBL1967719,HEWSYCQXZBBREJ-UHFFFAOYSA-N,,,P49336,CELL DIVISION PROTEIN KINASE 8,CDK8,,pKI,5.700000503883016,NM,Brc1ccc(C=CC(=O)Nc2cccc3cnccc23)cc1
CHEMBL2002099,HFNKQEVNSGCOJV-UHFFFAOYSA-N,,,P49336,CELL DIVISION PROTEIN KINASE 8,CDK8,,pKI,5.499999678657065,NM,N#CCC(C1CCCC1)n2cc(cn2)c3ncnc4[nH]ccc34
CHEMBL2002099,HFNKQEVNSGCOJV-UHFFFAOYSA-N,,,P49336,CELL DIVISION PROTEIN KINASE 8,CDK8,,pKI,5.40000018605658,NM,N#CCC(C1CCCC1)n2cc(cn2)c3ncnc4[nH]ccc34
CHEMBL259084,HHFBDROWDBDFBR-UHFFFAOYSA-N,MLN-8054,,P49336,CELL DIVISION PROTEIN KINASE 8,CDK8,21336281.0,pKI,5.400007822415902,NM,OC(=O)c1ccc(Nc2ncc3CN=C(c4cc(Cl)ccc4c3n2)c5c(F)cccc5F)cc1
CHEMBL259084,HHFBDROWDBDFBR-UHFFFAOYSA-N,MLN-8054,,P49336,CELL DIVISION PROTEIN KINASE 8,CDK8,,pKI,5.40000018605658,NM,OC(=O)c1ccc(Nc2ncc3CN=C(c4cc(Cl)ccc4c3n2)c5c(F)cccc5F)cc1
CHEMBL1995811,HJYHJYGXRBYDIG-UHFFFAOYSA-N,,,P49336,CELL DIVISION PROTEIN KINASE 8,CDK8,,pKI,5.40000018605658,NM,Fc1ccc(F)c(c1)C(=O)Nc2n[nH]c3ccc(cc23)c4cn(Cc5ccccc5)nn4
CHEMBL1980995,HKSZLNNOFSGOKW-UHFFFAOYSA-N,,,P49336,CELL DIVISION PROTEIN KINASE 8,CDK8,,pKI,7.700057099977233,NM,CNC1CC2OC(C)(C1OC)n3c4ccccc4c5c6CNC(=O)c6c7c8ccccc8n2c7c35
CHEMBL1998253,HLHYXKMOBCRCRR-UHFFFAOYSA-N,,,P49336,CELL DIVISION PROTEIN KINASE 8,CDK8,,pKI,5.40000018605658,NM,CN(C)c1ccc(N)c2ccccc12
CHEMBL1999120,HQOCNFJGTTWKHC-UHFFFAOYSA-N,,,P49336,CELL DIVISION PROTEIN KINASE 8,CDK8,,pKI,4.499999953328896,NM,CC(C)C1=CC(=O)NC2=C1C(=O)NN2
CHEMBL1968705,HTROFVQKJODSCL-UHFFFAOYSA-N,,,P49336,CELL DIVISION PROTEIN KINASE 8,CDK8,,pKI,5.40000018605658,NM,CCCC(=O)Nc1cccc(c1)c2nc(Nc3ccc4[nH]ncc4c3)c5cc(OCCN6CCCC6)ccc5n2
CHEMBL1981492,HWBWADPFWYTSBY-UHFFFAOYSA-N,,,P49336,CELL DIVISION PROTEIN KINASE 8,CDK8,,pKI,4.70000006855703,NM,COC(=O)c1c(N)nc2ccccn12
CHEMBL1967252,HXESDBWWDYJEJQ-UHFFFAOYSA-N,,,P49336,CELL DIVISION PROTEIN KINASE 8,CDK8,,pKI,7.599980364934842,NM,Cc1n[nH]c2ccc(cc12)c3cccnc3
CHEMBL253969,HXHAJRMTJXHJJZ-UHFFFAOYSA-N,OSI-632,,P49336,CELL DIVISION PROTEIN KINASE 8,CDK8,21336281.0,pKI,5.700057099977233,NM,NC(=O)c1c(NC(=O)NCCCCN2CCCC2)snc1OCc3c(F)cc(Br)cc3F
CHEMBL253969,HXHAJRMTJXHJJZ-UHFFFAOYSA-N,OSI-632,,P49336,CELL DIVISION PROTEIN KINASE 8,CDK8,,pKI,5.700000503883016,NM,NC(=O)c1c(NC(=O)NCCCCN2CCCC2)snc1OCc3c(F)cc(Br)cc3F
CHEMBL482538,HZJDBCYRQSJNLZ-UHFFFAOYSA-N,,,P49336,CELL DIVISION PROTEIN KINASE 8,CDK8,,pKI,5.899998417198648,NM,c1ccc(cc1)c2ccnc3[nH]ccc23
CHEMBL1977138,HZPACYSNLOCDLW-UHFFFAOYSA-N,,,P49336,CELL DIVISION PROTEIN KINASE 8,CDK8,,pKI,8.100179497572904,NM,CC(Nc1cncc(n1)n2cnc3ccc(cc23)C#N)c4ccccc4F
CHEMBL1992231,IABDKYMGRMDGMM-UHFFFAOYSA-N,,,P49336,CELL DIVISION PROTEIN KINASE 8,CDK8,,pKI,5.40000018605658,NM,OC(=O)c1ccccc1Nc2ncnc(Nc3ccc(F)cc3)n2
CHEMBL49120,IFPPYSWJNWHOLQ-UHFFFAOYSA-N,PD-0166285,,P49336,CELL DIVISION PROTEIN KINASE 8,CDK8,21336281.0,pKI,5.400007822415902,NM,CCN(CC)CCOc1ccc(Nc2ncc3C=C(C(=O)N(C)c3n2)c4c(Cl)cccc4Cl)cc1
CHEMBL49120,IFPPYSWJNWHOLQ-UHFFFAOYSA-N,PD-0166285,,P49336,CELL DIVISION PROTEIN KINASE 8,CDK8,,pKI,5.40000018605658,NM,CCN(CC)CCOc1ccc(Nc2ncc3C=C(C(=O)N(C)c3n2)c4c(Cl)cccc4Cl)cc1
CHEMBL1995172,IIIJQZOSLLAVTL-UHFFFAOYSA-N,,,P49336,CELL DIVISION PROTEIN KINASE 8,CDK8,,pKI,5.300000202445418,NM,Brc1ccc2Cc3cn[nH]c3c2c1
CHEMBL2000568,IJRBJCMLWLFMIN-UHFFFAOYSA-N,,,P49336,CELL DIVISION PROTEIN KINASE 8,CDK8,,pKI,6.299997602857746,NM,CC(=O)c1cccc(c1)c2cnc3[nH]ccc3c2
CHEMBL2000879,IKYYBGDSXDEYBE-UHFFFAOYSA-N,,,P49336,CELL DIVISION PROTEIN KINASE 8,CDK8,,pKI,4.399999967876858,NM,C1Cc2[nH]ncc2CC1c3ccccc3
CHEMBL1985367,IPTSYCYNQJITNJ-UHFFFAOYSA-N,,,P49336,CELL DIVISION PROTEIN KINASE 8,CDK8,,pKI,5.40000018605658,NM,Cc1ccnc(Nc2cc(C)nc(n2)c3ccccc3)c1
CHEMBL1984686,IWPWKQLFCMXCMD-UHFFFAOYSA-N,,,P49336,CELL DIVISION PROTEIN KINASE 8,CDK8,,pKI,5.40000018605658,NM,Brc1ccc2cnc(Nc3ccncn3)cc2c1
CHEMBL1984847,IXLOPQOCFOQEQN-UHFFFAOYSA-N,,,P49336,CELL DIVISION PROTEIN KINASE 8,CDK8,,pKI,5.40000018605658,NM,CC(=O)OCCn1nc(c2cccc(Br)c2)c3C(=CC(=O)Nc13)C(F)(F)F
CHEMBL1994526,IYOZTVGMEWJPKR-UHFFFAOYSA-N,,,P49336,CELL DIVISION PROTEIN KINASE 8,CDK8,,pKI,5.59999938302362,NM,CC(N)C1CCC(CC1)C(=O)Nc2ccncc2
CHEMBL1994977,IZAGQAWPQKJTHN-UHFFFAOYSA-N,,,P49336,CELL DIVISION PROTEIN KINASE 8,CDK8,,pKI,6.199998172182031,NM,CC(C)(C)c1cc(NC(=O)Nc2cccc3ccccc23)n(n1)c4cccc(c4)C(=O)NCCCCO
CHEMBL2006299,JBLPUDJLELBRHC-UHFFFAOYSA-N,,,P49336,CELL DIVISION PROTEIN KINASE 8,CDK8,,pKI,5.40000018605658,NM,COc1cccc(CNC(=O)c2ccc(cc2)c3ccncc3)c1
CHEMBL1978371,JBRASADWXDKCLJ-UHFFFAOYSA-N,,,P49336,CELL DIVISION PROTEIN KINASE 8,CDK8,,pKI,6.399996913372259,NM,Clc1ccc(cc1)C2CC(=C(C#N)C(=O)C2C(=O)c3ccccc3)c4ccccc4
CHEMBL1993413,JFKIXRTUZAZONT-UHFFFAOYSA-N,,,P49336,CELL DIVISION PROTEIN KINASE 8,CDK8,,pKI,7.100015437450609,NM,Clc1cc(cc(NC(=O)c2ccccc2)n1)c3c[nH]c4ncccc34
CHEMBL2007479,JGBCLJZMLUMHOO-UHFFFAOYSA-N,,,P49336,CELL DIVISION PROTEIN KINASE 8,CDK8,,pKI,5.40000018605658,NM,CCCCNc1nc(N)c(s1)C(=O)c2ccccc2
CHEMBL1982413,JHYHWHUTTXJICB-UHFFFAOYSA-N,,,P49336,CELL DIVISION PROTEIN KINASE 8,CDK8,,pKI,5.700000503883016,NM,CN(Cc1cc(Cl)c(O)c2ncccc12)C3CCCCC3
CHEMBL2007124,JISZKDFLHFISOW-UHFFFAOYSA-N,,,P49336,CELL DIVISION PROTEIN KINASE 8,CDK8,,pKI,6.799998134593398,NM,FC(F)(F)c1cccc(NC(=O)Nc2ccc(cc2)C3=NNC(=O)C=C3)c1
CHEMBL1983348,JJGSOVIZOMZMCS-UHFFFAOYSA-N,,,P49336,CELL DIVISION PROTEIN KINASE 8,CDK8,,pKI,5.40000018605658,NM,CCCCN(CCC#N)C(=O)c1ccc2nc([nH]c2c1)c3n[nH]c4ccccc34
CHEMBL2002613,JJTYLBBKGQOISV-UHFFFAOYSA-N,,,P49336,CELL DIVISION PROTEIN KINASE 8,CDK8,,pKI,7.50003813440381,NM,COc1cc(OC)cc(c1)C(=O)Nc2n[nH]c3ccc(cc23)c4cn(Cc5ccccc5)nn4
CHEMBL2006450,JLTBOCSFMNSLFH-UHFFFAOYSA-N,,,P49336,CELL DIVISION PROTEIN KINASE 8,CDK8,,pKI,7.79997073344623,NM,CCCCC(=O)Nc1cc(cc(Cl)n1)c2c[nH]c3ncccc23
CHEMBL1984296,JMIIFJIJWDCOEP-UHFFFAOYSA-N,,,P49336,CELL DIVISION PROTEIN KINASE 8,CDK8,,pKI,6.0,NM,Cc1ccc(C)c(NC(=O)c2cc(nc3ccccc23)c4occc4)c1
CHEMBL1975927,JNXJKTXDSPWNRP-UHFFFAOYSA-N,,,P49336,CELL DIVISION PROTEIN KINASE 8,CDK8,,pKI,5.40000018605658,NM,COc1ccc(cc1)n2ccc3cnc(Nc4cc(OC)c(OC)c(OC)c4)nc23
CHEMBL1879463,JOGKUKXHTYWRGZ-UHFFFAOYSA-N,DACTOLISIB,,P49336,CELL DIVISION PROTEIN KINASE 8,CDK8,,pKI,5.499999678657065,NM,CN1C(=O)N(c2ccc(cc2)C(C)(C)C#N)c3c1cnc4ccc(cc34)c5cnc6ccccc6c5
CHEMBL2007375,JOZIXEURKWTTSA-UHFFFAOYSA-N,,,P49336,CELL DIVISION PROTEIN KINASE 8,CDK8,,pKI,5.800000874803203,NM,CC#Cc1ccc2nccc(NC(=O)Nc3cccc(n3)C(F)(F)F)c2c1
CHEMBL1984236,JQAOLPKLHNHEJX-UHFFFAOYSA-N,,,P49336,CELL DIVISION PROTEIN KINASE 8,CDK8,,pKI,5.40000018605658,NM,CN(C)c1ccc(Nc2cc([nH]n2)c3csc(Br)c3)cc1
CHEMBL1997193,JRLSUZIPUYDUKX-UHFFFAOYSA-N,,,P49336,CELL DIVISION PROTEIN KINASE 8,CDK8,,pKI,5.899998417198648,NM,Cc1ccc(s1)C2=C(C#N)C(=O)NC(=C2)c3cc(Br)ccc3O
CHEMBL1975121,JRVSFZKYQCETAH-UHFFFAOYSA-N,,,P49336,CELL DIVISION PROTEIN KINASE 8,CDK8,,pKI,5.700000503883016,NM,COc1cccc(c1)C(C)NC(=O)c2ccc(cc2)c3ccncc3
CHEMBL1981744,JUTMUSMWCYHBGU-UHFFFAOYSA-N,,,P49336,CELL DIVISION PROTEIN KINASE 8,CDK8,,pKI,5.40000018605658,NM,FC(F)(F)c1cccc(NC(=O)Nc2ccnc3cc(Cl)ccc23)n1
CHEMBL1988692,JVURXNNRGXPWGP-UHFFFAOYSA-N,,,P49336,CELL DIVISION PROTEIN KINASE 8,CDK8,,pKI,5.40000018605658,NM,CC(C)NC1=NNC(=O)C1=Cc2cc3ccccc3[nH]2
CHEMBL1984038,JYRQCAFYZKCCBK-UHFFFAOYSA-N,,,P49336,CELL DIVISION PROTEIN KINASE 8,CDK8,,pKI,5.499999678657065,NM,COc1cc(cc(OC)c1OC)c2ccc3Nc4cc(ccc4C(=O)Nc3c2)c5ccccc5NS(=O)(=O)C
CHEMBL1974328,JZTOUVBEZONDKA-UHFFFAOYSA-N,,,P49336,CELL DIVISION PROTEIN KINASE 8,CDK8,,pKI,5.499999678657065,NM,Cc1cccc(Nc2nc(NC3CCCCC3N)cnc2C(=O)N)c1
CHEMBL1977128,KAZJIBCOYQRDGG-UHFFFAOYSA-N,,,P49336,CELL DIVISION PROTEIN KINASE 8,CDK8,,pKI,5.59999938302362,NM,O=C(Nc1n[nH]c2ccc(cc12)c3cn(Cc4ccccc4)nn3)c5cccc(c5)C#N
CHEMBL550418,KDJGCVHPUMHUOL-UHFFFAOYSA-N,,,P49336,CELL DIVISION PROTEIN KINASE 8,CDK8,,pKI,5.899998417198648,NM,COc1cc(ccc1O)c2ccc3C(=O)Nc4cccc(O)c4Nc3c2
CHEMBL191003,KDKUVYLMPJIGKA-UHFFFAOYSA-N,JNJ-7706621,,P49336,CELL DIVISION PROTEIN KINASE 8,CDK8,21336281.0,pKI,5.400007822415902,NM,Nc1nc(Nc2ccc(cc2)S(=O)(=O)N)nn1C(=O)c3c(F)cccc3F
CHEMBL191003,KDKUVYLMPJIGKA-UHFFFAOYSA-N,JNJ-7706621,,P49336,CELL DIVISION PROTEIN KINASE 8,CDK8,,pKI,5.40000018605658,NM,Nc1nc(Nc2ccc(cc2)S(=O)(=O)N)nn1C(=O)c3c(F)cccc3F
CHEMBL1964948,KDLLVDABAMKMLD-UHFFFAOYSA-N,,,P49336,CELL DIVISION PROTEIN KINASE 8,CDK8,,pKI,6.399996913372259,NM,CN(C)CCCN(C)C(=O)c1cccc(c1)n2nc(cc2NC(=O)Nc3cccc4ccccc34)C(C)(C)C
CHEMBL1967336,KGCRKAITGGKXHI-UHFFFAOYSA-N,,,P49336,CELL DIVISION PROTEIN KINASE 8,CDK8,,pKI,6.599997654072044,NM,Fc1cc(F)c2nccc(NC(=O)Nc3cnccn3)c2c1
CHEMBL1994669,KHGPYYFCIAISBU-UHFFFAOYSA-N,,,P49336,CELL DIVISION PROTEIN KINASE 8,CDK8,,pKI,6.0999990348465305,NM,Cn1cc(Nc2ncc(Br)c(Nc3ccccc3C(=O)N)n2)cn1
CHEMBL1978083,KHLFMQGTPNVRPN-UHFFFAOYSA-N,,,P49336,CELL DIVISION PROTEIN KINASE 8,CDK8,,pKI,5.499999678657065,NM,Cc1cc(C)cc(NC(=O)NC2=NN(C(=O)C2)c3ccccc3)c1
CHEMBL1997335,KHVGJDSHXSUFAB-UHFFFAOYSA-N,DNDI1417467,,P49336,CELL DIVISION PROTEIN KINASE 8,CDK8,,pKI,5.40000018605658,NM,COc1ccc(cc1OC)C2=NNc3cccc4c(OC)ccc2c34
CHEMBL1980003,KKBGOEDJXYSSBS-UHFFFAOYSA-N,,,P49336,CELL DIVISION PROTEIN KINASE 8,CDK8,,pKI,4.900000142057633,NM,Cc1ccccc1c2cccc3nccn23
CHEMBL2001398,KQSQZFWRXUXPMI-UHFFFAOYSA-N,,,P49336,CELL DIVISION PROTEIN KINASE 8,CDK8,,pKI,6.199998172182031,NM,CC(C)(C)CCOc1cc(cc2[nH]nc(N)c12)c3ccc(cc3)C(=O)N
CHEMBL1981671,KRWXTTZXSCKDAP-UHFFFAOYSA-N,,,P49336,CELL DIVISION PROTEIN KINASE 8,CDK8,,pKI,5.40000018605658,NM,CCOC(=O)Cc1nc2c(N)cccc2[nH]1
CHEMBL1987240,KSFQCYGGGNTPKE-UHFFFAOYSA-N,,,P49336,CELL DIVISION PROTEIN KINASE 8,CDK8,,pKI,4.499999953328896,NM,CN1N=C(C)C(=C(N)C1=O)c2ccccc2
CHEMBL1967878,KSOVGRCOLZZTPF-UHFFFAOYSA-N,CENISERTIB,,P49336,CELL DIVISION PROTEIN KINASE 8,CDK8,,pKI,5.40000018605658,NM,CN1CCN(CC1)c2ccc(Nc3ncc(F)c(NC4C5CC(C=C5)C4C(=O)N)n3)cc2C
CHEMBL1825138,KTEIFNKAUNYNJU-UHFFFAOYSA-N,,,P49336,CELL DIVISION PROTEIN KINASE 8,CDK8,,pKI,5.40000018605658,NM,CC(Oc1cc(cnc1N)c2cnn(c2)C3CCNCC3)c4c(Cl)ccc(F)c4Cl
CHEMBL941,KTUFNOKKBVMGRW-UHFFFAOYSA-N,IMATINIB,,P49336,CELL DIVISION PROTEIN KINASE 8,CDK8,21336281.0,pKI,5.400007822415902,NM,CN1CCN(Cc2ccc(cc2)C(=O)Nc3ccc(C)c(Nc4nccc(n4)c5cccnc5)c3)CC1
CHEMBL941,KTUFNOKKBVMGRW-UHFFFAOYSA-N,IMATINIB,,P49336,CELL DIVISION PROTEIN KINASE 8,CDK8,,pKI,5.40000018605658,NM,CN1CCN(Cc2ccc(cc2)C(=O)Nc3ccc(C)c(Nc4nccc(n4)c5cccnc5)c3)CC1
CHEMBL2006456,KTWBYGUSEYSRND-UHFFFAOYSA-N,,,P49336,CELL DIVISION PROTEIN KINASE 8,CDK8,,pKI,8.400116927926312,NM,CC(C)CNC1CCC(CC1)Nc2nc(Cl)cc(n2)c3c[nH]c4ncccc34
CHEMBL1974998,KUGISNGUKOTYLF-UHFFFAOYSA-N,,,P49336,CELL DIVISION PROTEIN KINASE 8,CDK8,,pKI,5.40000018605658,NM,CN(CCC#N)C(=O)c1cccc(c1)n2nc(cc2NC(=O)Nc3cccc4ccccc34)C(C)(C)C
CHEMBL1999414,KUNZDWIFPOMUOX-UHFFFAOYSA-N,,,P49336,CELL DIVISION PROTEIN KINASE 8,CDK8,,pKI,7.100015437450609,NM,CCN(CC)CCCNC(=O)c1cnc(N)c2c(csc12)c3ccc(NC(=O)Nc4cccc(C)c4)cc3
CHEMBL1978271,KUVNSIJSYBSMJX-UHFFFAOYSA-N,,,P49336,CELL DIVISION PROTEIN KINASE 8,CDK8,,pKI,6.599997654072044,NM,CC(C)(C)c1cc(NC(=O)Nc2cccc3ccccc23)n(n1)c4cccc(c4)C(=O)NCCOCCO
CHEMBL1727312,KVVFXAAMMFTLGN-UHFFFAOYSA-N,,,P49336,CELL DIVISION PROTEIN KINASE 8,CDK8,,pKI,4.200000030616179,NM,O=C1Nc2ccccc2Nc3ccccc13
CHEMBL1999506,KYJVTVJLGYDBGQ-UHFFFAOYSA-N,,,P49336,CELL DIVISION PROTEIN KINASE 8,CDK8,,pKI,5.59999938302362,NM,CC(C)(C)c1cc(NC(=O)Nc2cccc3ccccc23)n(n1)c4cccc(c4)C(=O)NCCCCC(=O)O
CHEMBL2005216,LACOMQAWPSFXQC-UHFFFAOYSA-N,,,P49336,CELL DIVISION PROTEIN KINASE 8,CDK8,,pKI,7.0,NM,CS(=O)(=O)NC1CCC(CC1)Nc2cc(Cl)nc(n2)c3c[nH]c4ncccc34
CHEMBL1998680,LAFJLZWDOZQPGO-UHFFFAOYSA-N,,,P49336,CELL DIVISION PROTEIN KINASE 8,CDK8,,pKI,6.299997602857746,NM,CC(C)(C)c1cc(NC(=O)C(=O)c2cccc3ccccc23)n(n1)c4cccc(OCC(=O)NCCO)c4
CHEMBL2007421,LBVKEEFIPBQIMD-UHFFFAOYSA-N,,,P49336,CELL DIVISION PROTEIN KINASE 8,CDK8,,pKI,5.40000018605658,NM,CC(C)Oc1cc(Nc2nc(NC(C)c3ccc(F)cn3)ncc2Cl)n[nH]1
CHEMBL117697,LCYPRFCDTJTQPG-UHFFFAOYSA-N,,,P49336,CELL DIVISION PROTEIN KINASE 8,CDK8,21336281.0,pKI,5.50003813440381,NM,COc1cccc(Nc2ncnc3ccccc23)c1
CHEMBL117697,LCYPRFCDTJTQPG-UHFFFAOYSA-N,,,P49336,CELL DIVISION PROTEIN KINASE 8,CDK8,,pKI,5.499999678657065,NM,COc1cccc(Nc2ncnc3ccccc23)c1
CHEMBL1985206,LDHYCINFJPCBRY-UHFFFAOYSA-N,,,P49336,CELL DIVISION PROTEIN KINASE 8,CDK8,,pKI,5.40000018605658,NM,COCC#Cc1cccc2c1Cc3c(n[nH]c23)c4cccs4
CHEMBL1971223,LHLBQSAMDHYBJT-UHFFFAOYSA-N,,,P49336,CELL DIVISION PROTEIN KINASE 8,CDK8,,pKI,5.59999938302362,NM,CC(C)C(CO)NC(=O)c1cccc(c1)n2nc(cc2NC(=O)Nc3cccc4ccccc34)C(C)(C)C
CHEMBL1981133,LHQWPYOYDRVMFI-UHFFFAOYSA-N,,,P49336,CELL DIVISION PROTEIN KINASE 8,CDK8,,pKI,6.499996931948306,NM,NC(COc1cncc(c1)c2ccc3cnccc3c2)Cc4c[nH]c5ccccc45
CHEMBL2001613,LHZCARQYJVMUOK-UHFFFAOYSA-N,,,P49336,CELL DIVISION PROTEIN KINASE 8,CDK8,,pKI,5.0,NM,Brc1ccc2NNC(=O)c2c1
CHEMBL1164180,LJKJYKWDLJUZHA-UHFFFAOYSA-N,,,P49336,CELL DIVISION PROTEIN KINASE 8,CDK8,21336281.0,pKI,5.400007822415902,NM,CN1CCN(CC1)c2ccc(cn2)c3cnc4NCCN(Cc5cc(Cl)ccc5C(F)(F)F)c4c3
CHEMBL1164180,LJKJYKWDLJUZHA-UHFFFAOYSA-N,,,P49336,CELL DIVISION PROTEIN KINASE 8,CDK8,,pKI,5.40000018605658,NM,CN1CCN(CC1)c2ccc(cn2)c3cnc4NCCN(Cc5cc(Cl)ccc5C(F)(F)F)c4c3
CHEMBL1981720,LNIDFQVRZCDVBI-UHFFFAOYSA-N,,,P49336,CELL DIVISION PROTEIN KINASE 8,CDK8,,pKI,6.900008766455316,NM,O=C(Nc1cnccn1)Nc2ccnc3ccccc23
CHEMBL1968025,LQAZRKSHDVHFCS-UHFFFAOYSA-N,,,P49336,CELL DIVISION PROTEIN KINASE 8,CDK8,,pKI,5.59999938302362,NM,Oc1c(NS(=O)(=O)c2ccc(F)cc2)ccc3ccccc13
CHEMBL1964902,LQRBZQWMQBTWDI-UHFFFAOYSA-N,,,P49336,CELL DIVISION PROTEIN KINASE 8,CDK8,,pKI,6.499996931948306,NM,CC(C)(C)c1cc(NC(=O)C(=O)c2cccc3ccccc23)n(n1)c4cccc(OCC(=O)O)c4
CHEMBL1975500,LRINYHMQZRENCY-UHFFFAOYSA-N,,,P49336,CELL DIVISION PROTEIN KINASE 8,CDK8,,pKI,5.40000018605658,NM,COc1cc(ccc1O)c2ccc3C(=O)Nc4cc(ccc4Nc3c2)C(=O)NCCNC(=O)C
CHEMBL592030,LRZYYIZFBXFSJB-UHFFFAOYSA-N,,,P49336,CELL DIVISION PROTEIN KINASE 8,CDK8,21336281.0,pKI,5.400007822415902,NM,NCCCn1cc(c2cc(c3cc4ccccc4s3)c5[nH]ncc5c2)c6nc(N)ncc16
CHEMBL592030,LRZYYIZFBXFSJB-UHFFFAOYSA-N,,,P49336,CELL DIVISION PROTEIN KINASE 8,CDK8,,pKI,5.40000018605658,NM,NCCCn1cc(c2cc(c3cc4ccccc4s3)c5[nH]ncc5c2)c6nc(N)ncc16
CHEMBL1974480,LSZUFMXSTJOZFE-UHFFFAOYSA-N,,,P49336,CELL DIVISION PROTEIN KINASE 8,CDK8,,pKI,5.499999678657065,NM,CCOC(=O)Cc1nc2c3cc(Br)ccc3NC(=O)n2n1
CHEMBL1992073,LUPCHAFIKZSOOK-UHFFFAOYSA-N,,,P49336,CELL DIVISION PROTEIN KINASE 8,CDK8,,pKI,5.499999678657065,NM,CCC1CC(CC1c2ncc3cnc4[nH]ccc4n23)NS(=O)(=O)C5CC5
CHEMBL576113,LVUBFHBEMVTCJQ-UHFFFAOYSA-N,,,P49336,CELL DIVISION PROTEIN KINASE 8,CDK8,21336281.0,pKI,5.400007822415902,NM,CCN(CC)CCNc1ccc(O)c2ccccc12
CHEMBL576113,LVUBFHBEMVTCJQ-UHFFFAOYSA-N,,,P49336,CELL DIVISION PROTEIN KINASE 8,CDK8,,pKI,5.40000018605658,NM,CCN(CC)CCNc1ccc(O)c2ccccc12
CHEMBL1997041,LZXPYCSHIFEZMR-UHFFFAOYSA-N,,,P49336,CELL DIVISION PROTEIN KINASE 8,CDK8,,pKI,4.300000029139088,NM,Cc1cc(ccc1F)c2ncnc3[nH]ccc23
CHEMBL1997846,MASJMHFQMYAPJR-UHFFFAOYSA-N,,,P49336,CELL DIVISION PROTEIN KINASE 8,CDK8,,pKI,5.499999678657065,NM,Clc1cc(NC2CCCCC2)nc(n1)c3c[nH]c4ncccc34
CHEMBL1993904,MCKPYPWHBUXLEZ-UHFFFAOYSA-N,,,P49336,CELL DIVISION PROTEIN KINASE 8,CDK8,,pKI,8.600326278518962,NM,NC(=O)c1cc2c(cnc(N)c2s1)c3ccc(Nc4oc5ccccc5n4)cc3
CHEMBL1995740,MDJCUXFFMNEBHG-UHFFFAOYSA-N,,,P49336,CELL DIVISION PROTEIN KINASE 8,CDK8,,pKI,6.0,NM,COc1cc(ccc1O)c2ccc3C(=O)Nc4cc(ccc4Nc3c2)[N+](=O)[O-]
CHEMBL1986503,MFYMBIZGFDNLPT-UHFFFAOYSA-N,,,P49336,CELL DIVISION PROTEIN KINASE 8,CDK8,,pKI,5.40000018605658,NM,Clc1ccc2c(c1)nnc3nnnn23
CHEMBL242865,MHWHPWMWKYXCRJ-UHFFFAOYSA-N,,,P49336,CELL DIVISION PROTEIN KINASE 8,CDK8,21336281.0,pKI,6.5003129173815966,NM,OC(=O)c1ccccc1Nc2ccnc(Nc3ccc(cc3)[N+](=O)[O-])n2
CHEMBL242865,MHWHPWMWKYXCRJ-UHFFFAOYSA-N,,,P49336,CELL DIVISION PROTEIN KINASE 8,CDK8,,pKI,6.499996931948306,NM,OC(=O)c1ccccc1Nc2ccnc(Nc3ccc(cc3)[N+](=O)[O-])n2
CHEMBL1233887,MIJMZVTYIXYSDK-UHFFFAOYSA-N,,,P49336,CELL DIVISION PROTEIN KINASE 8,CDK8,,pKI,5.40000018605658,NM,COc1ccc2c(c1)c(cn2C)c3cc4nccnc4[nH]3
CHEMBL1978448,MIKAKZKNMYZLDX-UHFFFAOYSA-N,,,P49336,CELL DIVISION PROTEIN KINASE 8,CDK8,,pKI,5.40000018605658,NM,CS(=O)(=O)N(Cc1ccc2NC(=O)c3cccn3c2c1)C4CC4
CHEMBL1336,MLDQJTXFUGDVEO-UHFFFAOYSA-N,SORAFENIB,,P49336,CELL DIVISION PROTEIN KINASE 8,CDK8,21336281.0,pKI,7.102372908709558,NM,CNC(=O)c1cc(Oc2ccc(NC(=O)Nc3ccc(Cl)c(c3)C(F)(F)F)cc2)ccn1
CHEMBL1336,MLDQJTXFUGDVEO-UHFFFAOYSA-N,SORAFENIB,,P49336,CELL DIVISION PROTEIN KINASE 8,CDK8,,pKI,7.100015437450609,NM,CNC(=O)c1cc(Oc2ccc(NC(=O)Nc3ccc(Cl)c(c3)C(F)(F)F)cc2)ccn1
CHEMBL1990254,MLGGUGPIWDHBAI-UHFFFAOYSA-N,,,P49336,CELL DIVISION PROTEIN KINASE 8,CDK8,,pKI,5.40000018605658,NM,NCC(NC(=O)c1ccc(cc1)c2ccncc2)c3ccccc3
CHEMBL1982753,MMFBBQQGBVPLQQ-UHFFFAOYSA-N,,,P49336,CELL DIVISION PROTEIN KINASE 8,CDK8,,pKI,5.40000018605658,NM,NC1CCCCC1Nc2ccc(C(=O)N)c(Nc3cccc(Cl)c3)n2
CHEMBL1971132,MMSSKRQVKABMNA-UHFFFAOYSA-N,,,P49336,CELL DIVISION PROTEIN KINASE 8,CDK8,,pKI,5.40000018605658,NM,OC(=O)C1CN(Cc2ccc(OCc3cccc(c3)C(F)(F)F)cc2)C1
CHEMBL223360,MPVGZUGXCQEXTM-UHFFFAOYSA-N,LINIFANIB,,P49336,CELL DIVISION PROTEIN KINASE 8,CDK8,21336281.0,pKI,9.0,NM,Cc1ccc(F)c(NC(=O)Nc2ccc(cc2)c3cccc4[nH]nc(N)c34)c1
CHEMBL223360,MPVGZUGXCQEXTM-UHFFFAOYSA-N,LINIFANIB,,P49336,CELL DIVISION PROTEIN KINASE 8,CDK8,,pKI,9.0,NM,Cc1ccc(F)c(NC(=O)Nc2ccc(cc2)c3cccc4[nH]nc(N)c34)c1
CHEMBL1971534,MVAMOERRWMZNPJ-UHFFFAOYSA-N,,,P49336,CELL DIVISION PROTEIN KINASE 8,CDK8,,pKI,6.0999990348465305,NM,NC(=O)c1cc2ccncc2s1
CHEMBL103667,MVCOAUNKQVWQHZ-UHFFFAOYSA-N,DORAMAPIMOD,,P49336,CELL DIVISION PROTEIN KINASE 8,CDK8,21336281.0,pKI,6.801342913045577,NM,Cc1ccc(cc1)n2nc(cc2NC(=O)Nc3ccc(OCCN4CCOCC4)c5ccccc35)C(C)(C)C
CHEMBL103667,MVCOAUNKQVWQHZ-UHFFFAOYSA-N,DORAMAPIMOD,,P49336,CELL DIVISION PROTEIN KINASE 8,CDK8,,pKI,6.799998134593398,NM,Cc1ccc(cc1)n2nc(cc2NC(=O)Nc3ccc(OCCN4CCOCC4)c5ccccc35)C(C)(C)C
CHEMBL1971227,MVIVBJWGKGBVNA-UHFFFAOYSA-N,,,P49336,CELL DIVISION PROTEIN KINASE 8,CDK8,,pKI,5.800000874803203,NM,ON(C=O)C(CS(=O)(=O)c1ccc(cc1)c2ccc(cc2)C(F)(F)F)c3ccc(O)cc3
CHEMBL261849,MYQAUKPBNJWPIE-UHFFFAOYSA-N,GW632580X,,P49336,CELL DIVISION PROTEIN KINASE 8,CDK8,21336281.0,pKI,5.400007822415902,NM,COc1ccc(COc2ccc(Cc3cnc(N)nc3N)cc2OC)cc1
CHEMBL261849,MYQAUKPBNJWPIE-UHFFFAOYSA-N,GW632580X,,P49336,CELL DIVISION PROTEIN KINASE 8,CDK8,,pKI,5.40000018605658,NM,COc1ccc(COc2ccc(Cc3cnc(N)nc3N)cc2OC)cc1
CHEMBL1084546,MZDKLVOWGIOKTN-UHFFFAOYSA-N,PF-562271,,P49336,CELL DIVISION PROTEIN KINASE 8,CDK8,21336281.0,pKI,5.400007822415902,NM,CN(c1ncccc1CNc2nc(Nc3ccc4NC(=O)Cc4c3)ncc2C(F)(F)F)S(=O)(=O)C
CHEMBL1084546,MZDKLVOWGIOKTN-UHFFFAOYSA-N,PF-562271,,P49336,CELL DIVISION PROTEIN KINASE 8,CDK8,,pKI,5.40000018605658,NM,CN(c1ncccc1CNc2nc(Nc3ccc4NC(=O)Cc4c3)ncc2C(F)(F)F)S(=O)(=O)C
CHEMBL1996646,NECQZMQPXFYVOY-UHFFFAOYSA-N,,,P49336,CELL DIVISION PROTEIN KINASE 8,CDK8,,pKI,5.40000018605658,NM,COc1cccc(OC)c1CNc2nc(NC3CCCCC3)nc4ccc(Cl)cc24
CHEMBL38380,NGOGFTYYXHNFQH-UHFFFAOYSA-N,FASUDIL,,P49336,CELL DIVISION PROTEIN KINASE 8,CDK8,21336281.0,pKI,5.90031935889075,NM,O=S(=O)(N1CCCNCC1)c2cccc3cnccc23
CHEMBL38380,NGOGFTYYXHNFQH-UHFFFAOYSA-N,FASUDIL,,P49336,CELL DIVISION PROTEIN KINASE 8,CDK8,,pKI,5.899998417198648,NM,O=S(=O)(N1CCCNCC1)c2cccc3cnccc23
CHEMBL475251,NHHQJBCNYHBUSI-UHFFFAOYSA-N,TAMATINIB,,P49336,CELL DIVISION PROTEIN KINASE 8,CDK8,21336281.0,pKI,5.400007822415902,NM,COc1cc(Nc2ncc(F)c(Nc3ccc4OC(C)(C)C(=O)Nc4n3)n2)cc(OC)c1OC
CHEMBL475251,NHHQJBCNYHBUSI-UHFFFAOYSA-N,TAMATINIB,,P49336,CELL DIVISION PROTEIN KINASE 8,CDK8,,pKI,5.40000018605658,NM,COc1cc(Nc2ncc(F)c(Nc3ccc4OC(C)(C)C(=O)Nc4n3)n2)cc(OC)c1OC
CHEMBL1997892,NIKNJFKATRPZSL-UHFFFAOYSA-N,,,P49336,CELL DIVISION PROTEIN KINASE 8,CDK8,,pKI,6.799998134593398,NM,CC1=CC(=O)NN=C1c2ccc(NC(=O)Nc3cc(ccc3F)C(F)(F)F)c(Cl)c2
CHEMBL1974870,NJPWCTYVEJIQBM-UHFFFAOYSA-N,,,P49336,CELL DIVISION PROTEIN KINASE 8,CDK8,,pKI,8.801342913045577,NM,Cc1n[nH]c2ccc(cc12)c3cncc(OCC(N)Cc4cccc(Cl)c4)c3
CHEMBL2002736,NKBWVNORZJNFAW-UHFFFAOYSA-N,,,P49336,CELL DIVISION PROTEIN KINASE 8,CDK8,,pKI,5.59999938302362,NM,CCOCC(C)Oc1cccc2[nH]nc(N)c12
CHEMBL1964441,NKEUPUJTVALZIK-UHFFFAOYSA-N,,,P49336,CELL DIVISION PROTEIN KINASE 8,CDK8,,pKI,7.400007822415902,NM,CNCC#Cc1cnc(N)c2c(csc12)c3ccc(NC(=O)Nc4cccc(C)c4)cc3
CHEMBL1986263,NLUPJKQOKWBWFC-UHFFFAOYSA-N,,,P49336,CELL DIVISION PROTEIN KINASE 8,CDK8,,pKI,6.0999990348465305,NM,CCN1C(=O)SC(=C1C)c2ccnc(Nc3cccc(OC)c3)n2
CHEMBL1989471,NMHMCXTYPRADBA-UHFFFAOYSA-N,,,P49336,CELL DIVISION PROTEIN KINASE 8,CDK8,,pKI,5.40000018605658,NM,CC(C)c1ccc2C(=O)c3c(C)ccnc3Nc2c1
CHEMBL1970290,NOBMKUVHFRVBES-UHFFFAOYSA-N,,,P49336,CELL DIVISION PROTEIN KINASE 8,CDK8,,pKI,6.0,NM,CCN(CC)CCNC(=O)c1cccc(c1)n2nc(cc2NC(=O)Nc3cccc4ccccc34)C(C)(C)C
CHEMBL1997119,NQWXPDWPIHDISD-UHFFFAOYSA-N,,,P49336,CELL DIVISION PROTEIN KINASE 8,CDK8,,pKI,4.399999967876858,NM,Nc1ncc2cccc(c3ccccc3)n12
CHEMBL1971943,NRSGWEVTVGZDFC-UHFFFAOYSA-N,,,P49336,CELL DIVISION PROTEIN KINASE 8,CDK8,,pKI,6.699991797446187,NM,Cc1c[nH]c2nccc(Oc3c(F)cc(Nc4cc(Cl)nc(N)n4)cc3F)c12
CHEMBL1973516,NTLLZAPDEMNBMA-UHFFFAOYSA-N,,,P49336,CELL DIVISION PROTEIN KINASE 8,CDK8,,pKI,5.40000018605658,NM,CCN1CCN(CC1)c2ccc(Nc3ncc(C#N)c(Nc4ccc5[nH]ncc5c4)n3)cc2
CHEMBL1969156,NUJBDRXQVQPKQC-UHFFFAOYSA-N,,,P49336,CELL DIVISION PROTEIN KINASE 8,CDK8,,pKI,5.200000237109354,NM,Nc1nccc2cnc(c3ccccc3)n12
CHEMBL235157,NVINUNQBDNEMSY-UHFFFAOYSA-N,,,P49336,CELL DIVISION PROTEIN KINASE 8,CDK8,21336281.0,pKI,5.400007822415902,NM,COc1cc2ncc3c(N)nc4c(C)c(N)ccc4c3c2cc1OC
CHEMBL235157,NVINUNQBDNEMSY-UHFFFAOYSA-N,,,P49336,CELL DIVISION PROTEIN KINASE 8,CDK8,,pKI,5.40000018605658,NM,COc1cc2ncc3c(N)nc4c(C)c(N)ccc4c3c2cc1OC
CHEMBL1081312,NVRXTLZYXZNATH-UHFFFAOYSA-N,,,P49336,CELL DIVISION PROTEIN KINASE 8,CDK8,21336281.0,pKI,5.90031935889075,NM,Nc1ncnc2c1c(nn2C3CCCC3)c4cnc5[nH]ccc5c4
CHEMBL1081312,NVRXTLZYXZNATH-UHFFFAOYSA-N,,,P49336,CELL DIVISION PROTEIN KINASE 8,CDK8,,pKI,5.899998417198648,NM,Nc1ncnc2c1c(nn2C3CCCC3)c4cnc5[nH]ccc5c4
CHEMBL1980407,NWMPVMMGSHXANZ-UHFFFAOYSA-N,,,P49336,CELL DIVISION PROTEIN KINASE 8,CDK8,,pKI,5.800000874803203,NM,NC(COc1cncc(c1)c2ccc3NC(=O)C(=Cc4ccc[nH]4)c3c2)Cc5ccccc5
CHEMBL1996795,NWYXEDPSORNUPL-UHFFFAOYSA-N,,,P49336,CELL DIVISION PROTEIN KINASE 8,CDK8,,pKI,5.899998417198648,NM,Nc1cc(ccc1NC2CCCCC2)S(=O)(=O)NC(=O)c3ccc(cc3)c4ccc(F)cc4
CHEMBL565612,OAVGBZOFDPFGPJ-UHFFFAOYSA-N,SOTRASTAURIN,,P49336,CELL DIVISION PROTEIN KINASE 8,CDK8,21336281.0,pKI,5.400007822415902,NM,CN1CCN(CC1)c2nc(C3=C(C(=O)NC3=O)c4c[nH]c5ccccc45)c6ccccc6n2
CHEMBL565612,OAVGBZOFDPFGPJ-UHFFFAOYSA-N,SOTRASTAURIN,,P49336,CELL DIVISION PROTEIN KINASE 8,CDK8,,pKI,5.40000018605658,NM,CN1CCN(CC1)c2nc(C3=C(C(=O)NC3=O)c4c[nH]c5ccccc45)c6ccccc6n2
CHEMBL1980167,OBHMNLIBIPFXCY-UHFFFAOYSA-N,,,P49336,CELL DIVISION PROTEIN KINASE 8,CDK8,,pKI,6.0999990348465305,NM,CN(C)c1ccc(cc1)c2cc(nc(NS(=O)(=O)c3ccc(N)cc3)n2)c4ccc(cc4)[N+](=O)[O-]
CHEMBL1990912,ODNOTLMFNVWFTJ-UHFFFAOYSA-N,,,P49336,CELL DIVISION PROTEIN KINASE 8,CDK8,,pKI,5.899998417198648,NM,OCCNc1cc2cc(ccc2cn1)c3cccnc3
CHEMBL1988201,ODNWXHGQXNJQFP-UHFFFAOYSA-N,,,P49336,CELL DIVISION PROTEIN KINASE 8,CDK8,,pKI,5.899998417198648,NM,CN(C)CCC1Cc2ccccc2C(=C)c3ccccc13
CHEMBL574738,ODPGGGTTYSGTGO-UHFFFAOYSA-N,AST-487,,P49336,CELL DIVISION PROTEIN KINASE 8,CDK8,21336281.0,pKI,8.500000000023125,NM,CCN1CCN(Cc2ccc(NC(=O)Nc3ccc(Oc4cc(NC)ncn4)cc3)cc2C(F)(F)F)CC1
CHEMBL574738,ODPGGGTTYSGTGO-UHFFFAOYSA-N,AST-487,,P49336,CELL DIVISION PROTEIN KINASE 8,CDK8,,pKI,8.500312917381596,NM,CCN1CCN(Cc2ccc(NC(=O)Nc3ccc(Oc4cc(NC)ncn4)cc3)cc2C(F)(F)F)CC1
CHEMBL1997275,OEJQBEJOXJYPRT-UHFFFAOYSA-N,,,P49336,CELL DIVISION PROTEIN KINASE 8,CDK8,,pKI,6.599997654072044,NM,COc1ccc2[nH]cc(C=C3C(=O)Nc4ccccc34)c2c1
CHEMBL1993374,OFGKHGRQQKNHAV-UHFFFAOYSA-N,,,P49336,CELL DIVISION PROTEIN KINASE 8,CDK8,,pKI,5.40000018605658,NM,CC(C)C(C)Nc1ncc(Cl)c(Nc2nccs2)n1
CHEMBL202721,OGNYUTNQZVRGMN-UHFFFAOYSA-N,ZM-447439,,P49336,CELL DIVISION PROTEIN KINASE 8,CDK8,21336281.0,pKI,5.400007822415902,NM,COc1cc2c(Nc3ccc(NC(=O)c4ccccc4)cc3)ncnc2cc1OCCCN5CCOCC5
CHEMBL202721,OGNYUTNQZVRGMN-UHFFFAOYSA-N,ZM-447439,,P49336,CELL DIVISION PROTEIN KINASE 8,CDK8,,pKI,5.40000018605658,NM,COc1cc2c(Nc3ccc(NC(=O)c4ccccc4)cc3)ncnc2cc1OCCCN5CCOCC5
CHEMBL1972462,OHRHYISISMGRCN-UHFFFAOYSA-N,,,P49336,CELL DIVISION PROTEIN KINASE 8,CDK8,,pKI,5.40000018605658,NM,CCCCC#Cc1ccc(CN2CC(C2)C(=O)O)cc1
CHEMBL50894,OLUKILHGKRVDCT-UHFFFAOYSA-N,ALSTERPAULLONE,,P49336,CELL DIVISION PROTEIN KINASE 8,CDK8,21336281.0,pKI,6.100179497572904,NM,[O-][N+](=O)c1ccc2[nH]c3c(CC(=O)Nc4ccccc34)c2c1
CHEMBL50894,OLUKILHGKRVDCT-UHFFFAOYSA-N,ALSTERPAULLONE,,P49336,CELL DIVISION PROTEIN KINASE 8,CDK8,,pKI,6.0999990348465305,NM,[O-][N+](=O)c1ccc2[nH]c3c(CC(=O)Nc4ccccc34)c2c1
CHEMBL2000832,OLVBAUVSICCWEJ-UHFFFAOYSA-N,,,P49336,CELL DIVISION PROTEIN KINASE 8,CDK8,,pKI,5.499999678657065,NM,COc1cc(ccc1O)c2ccc3C(=O)Nc4cc(ccc4Nc3c2)C(=O)NCc5cccc(F)c5
CHEMBL1994308,OQUHAFCCSZWHJX-UHFFFAOYSA-N,,,P49336,CELL DIVISION PROTEIN KINASE 8,CDK8,,pKI,5.899998417198648,NM,FC(F)(F)c1ccc(Cl)c(NC(=O)CCC(=O)NN=Cc2c[nH]c3ccccc23)c1
CHEMBL1977634,OUHZERPTTDHQIV-UHFFFAOYSA-N,,,P49336,CELL DIVISION PROTEIN KINASE 8,CDK8,,pKI,6.0,NM,CC(C)(C)c1cc(NC(=O)C(=O)c2cccc3ccccc23)n(n1)c4ccc(OCC(=O)N)cc4
CHEMBL1991674,OUJZYQBEFNDJQN-UHFFFAOYSA-N,,,P49336,CELL DIVISION PROTEIN KINASE 8,CDK8,,pKI,6.299997602857746,NM,OC1CCC(CC1)Nc2cc(Cl)nc(n2)c3c[nH]c4ncccc34
CHEMBL1996837,OULGHWYAFYSZGK-UHFFFAOYSA-N,,,P49336,CELL DIVISION PROTEIN KINASE 8,CDK8,,pKI,4.70000006855703,NM,Cc1nn(C)c2sc(C(=O)N)c(N)c12
CHEMBL296468,OUSFTKFNBAZUKL-UHFFFAOYSA-N,BMS-387032,,P49336,CELL DIVISION PROTEIN KINASE 8,CDK8,21336281.0,pKI,6.701146923590294,NM,CC(C)(C)c1oc(CSc2cnc(NC(=O)C3CCNCC3)s2)nc1
CHEMBL296468,OUSFTKFNBAZUKL-UHFFFAOYSA-N,BMS-387032,,P49336,CELL DIVISION PROTEIN KINASE 8,CDK8,,pKI,6.699991797446187,NM,CC(C)(C)c1oc(CSc2cnc(NC(=O)C3CCNCC3)s2)nc1
CHEMBL2002182,OUSSSZVHVQKXGY-UHFFFAOYSA-N,,,P49336,CELL DIVISION PROTEIN KINASE 8,CDK8,,pKI,4.200000030616179,NM,O=C1NN=C2N1C=CC=C2c3ccccc3
CHEMBL2005792,OVKIYZXGCCAIJG-UHFFFAOYSA-N,,,P49336,CELL DIVISION PROTEIN KINASE 8,CDK8,,pKI,5.40000018605658,NM,COc1nccn2c(c3ccnc(NCC(C)(C)CO)n3)c(nc12)c4ccc(F)cc4
CHEMBL1993661,OWRXHGAFWZFFCW-UHFFFAOYSA-N,,,P49336,CELL DIVISION PROTEIN KINASE 8,CDK8,,pKI,5.40000018605658,NM,CNS(=O)(=O)c1ccccc1Nc2nc(Nc3cc(OC)c(OC)c(OC)c3)ncc2Cl
CHEMBL406845,PBBRWFOVCUAONR-UHFFFAOYSA-N,AG-1879,,P49336,CELL DIVISION PROTEIN KINASE 8,CDK8,21336281.0,pKI,6.100179497572904,NM,CC(C)(C)n1nc(c2ccc(Cl)cc2)c3c(N)ncnc13
CHEMBL406845,PBBRWFOVCUAONR-UHFFFAOYSA-N,AG-1879,,P49336,CELL DIVISION PROTEIN KINASE 8,CDK8,,pKI,6.0999990348465305,NM,CC(C)(C)n1nc(c2ccc(Cl)cc2)c3c(N)ncnc13
CHEMBL1986177,PBCVBUZBZRHMQH-UHFFFAOYSA-N,,,P49336,CELL DIVISION PROTEIN KINASE 8,CDK8,,pKI,8.100179497572904,NM,Clc1cccc(NC(=O)Nc2nc(CCNc3ncnc4ccsc34)cs2)c1
CHEMBL2007073,PCJHPHMTYUXSBH-UHFFFAOYSA-N,,,P49336,CELL DIVISION PROTEIN KINASE 8,CDK8,,pKI,6.399996913372259,NM,CC(C)(C)c1cc(NC(=O)Nc2cccc3ccccc23)n(n1)c4cccc(c4)C(=O)NCCCO
CHEMBL2001019,PDMUGYOXRHVNMO-UHFFFAOYSA-N,PF-04217903,,P49336,CELL DIVISION PROTEIN KINASE 8,CDK8,,pKI,5.40000018605658,NM,OCCn1cc(cn1)c2cnc3nnn(Cc4ccc5ncccc5c4)c3n2
CHEMBL1965683,PGSUFHVQHTYLLT-UHFFFAOYSA-N,,,P49336,CELL DIVISION PROTEIN KINASE 8,CDK8,,pKI,4.399999967876858,NM,C1Cc2[nH]ncc2C1c3ccccc3
CHEMBL2001923,PHMQDWBSDYUPSP-UHFFFAOYSA-N,,,P49336,CELL DIVISION PROTEIN KINASE 8,CDK8,,pKI,5.40000018605658,NM,Fc1cc(Cn2cc(c3ccc4C(=O)Nc5cc(CCOc6ccc(cc6)N7CCOCC7)ccc5Nc4c3)c8ccncc28)cc(F)c1F
CHEMBL1870106,PHWHNHYZZNJPLB-UHFFFAOYSA-N,,,P49336,CELL DIVISION PROTEIN KINASE 8,CDK8,,pKI,5.40000018605658,NM,CCn1c(nc2cncc(C(=O)N3CCC(N)C3)c12)c4nonc4N
CHEMBL2006674,PIMQWRZWLQKKBJ-UHFFFAOYSA-N,,,P49336,CELL DIVISION PROTEIN KINASE 8,CDK8,,pKI,5.40000018605658,NM,CCc1cnn2c(NCc3ccc[n+]([O-])c3)cc(nc12)N4CCCCC4CCO
CHEMBL522892,PIQCTGMSNWUMAF-UHFFFAOYSA-N,DOVITINIB,,P49336,CELL DIVISION PROTEIN KINASE 8,CDK8,,pKI,5.40000018605658,NM,CN1CCN(CC1)c2ccc3nc([nH]c3c2)C4=C(N)c5c(F)cccc5NC4=O
CHEMBL1980246,PJPRVHYLYNCEGA-UHFFFAOYSA-N,,,P49336,CELL DIVISION PROTEIN KINASE 8,CDK8,,pKI,5.40000018605658,NM,NCc1cc(Nc2ncnc(n2)c3ccccc3)ccc1O
CHEMBL1998432,PLHUMPJXRHMFFR-UHFFFAOYSA-N,,,P49336,CELL DIVISION PROTEIN KINASE 8,CDK8,,pKI,7.599980364934842,NM,NC1CCCC(C1)Nc2nc(Cl)cc(n2)c3c[nH]c4ncccc34
CHEMBL1968515,PNPBXXNNLJGHBP-UHFFFAOYSA-N,,,P49336,CELL DIVISION PROTEIN KINASE 8,CDK8,,pKI,5.40000018605658,NM,O=C1CN2C(=NN1)COc3ccccc23
CHEMBL2006564,PROLIXHVRCJEFH-UHFFFAOYSA-N,,,P49336,CELL DIVISION PROTEIN KINASE 8,CDK8,,pKI,5.40000018605658,NM,CCN(C(=O)C)c1ccc(Nc2nc(NC3CC3)c4nc[nH]c4n2)cc1
CHEMBL1998953,PRRYQINUAIQTFJ-UHFFFAOYSA-N,,,P49336,CELL DIVISION PROTEIN KINASE 8,CDK8,,pKI,5.800000874803203,NM,C1CCN(CC1)c2ncnc3[nH]cc(c4ccccc4)c23
CHEMBL2001641,PSDWYZBYMPNKSJ-UHFFFAOYSA-N,,,P49336,CELL DIVISION PROTEIN KINASE 8,CDK8,,pKI,4.800000052738446,NM,CC(C)(O)c1cn(nn1)c2ccc3[nH]ncc3c2
CHEMBL1983589,PUYIXDDMOUMMRR-UHFFFAOYSA-N,,,P49336,CELL DIVISION PROTEIN KINASE 8,CDK8,,pKI,5.499999678657065,NM,NC1CCC(CC1)Nc2cc(Cl)nc(n2)c3c[nH]c4ncccc34
CHEMBL1981079,QAJPIJHWTGPUNZ-UHFFFAOYSA-N,,,P49336,CELL DIVISION PROTEIN KINASE 8,CDK8,,pKI,7.50003813440381,NM,NC(=O)c1cc([nH]c1c2ccc(Cl)cc2F)c3ccnc(N)n3
CHEMBL1987073,QATMNAAQTUISJK-UHFFFAOYSA-N,,,P49336,CELL DIVISION PROTEIN KINASE 8,CDK8,,pKI,5.40000018605658,NM,Clc1ccc(cc1)C(=O)Nc2n[nH]c3ccc(cc23)c4cn(Cc5ccccc5)nn4
CHEMBL1993335,QBKUOOQFSVMDPB-UHFFFAOYSA-N,,,P49336,CELL DIVISION PROTEIN KINASE 8,CDK8,,pKI,5.59999938302362,NM,Cn1cc(c2cc3nc(Br)cnc3[nH]2)c4cc(F)ccc14
CHEMBL1973013,QCOULMVHIHJKFY-UHFFFAOYSA-N,,,P49336,CELL DIVISION PROTEIN KINASE 8,CDK8,,pKI,5.499999678657065,NM,CC(C)Nc1ncc(Br)c(Nc2ncc(C)s2)n1
CHEMBL1989043,QDMKHRICOLBXIP-UHFFFAOYSA-N,,,P49336,CELL DIVISION PROTEIN KINASE 8,CDK8,,pKI,5.40000018605658,NM,CN1CCN(CC1)c2ccc(Nc3nc(N)c(s3)C(=O)c4c(Cl)cccc4Cl)cc2
CHEMBL278041,QHKYPYXTTXKZST-UHFFFAOYSA-N,SB-202190,,P49336,CELL DIVISION PROTEIN KINASE 8,CDK8,21336281.0,pKI,5.400007822415902,NM,Oc1ccc(cc1)c2nc(c3ccc(F)cc3)c([nH]2)c4ccncc4
CHEMBL278041,QHKYPYXTTXKZST-UHFFFAOYSA-N,SB-202190,,P49336,CELL DIVISION PROTEIN KINASE 8,CDK8,,pKI,5.40000018605658,NM,Oc1ccc(cc1)c2nc(c3ccc(F)cc3)c([nH]2)c4ccncc4
CHEMBL1987998,QKQYCTJIQVLCOH-UHFFFAOYSA-N,,,P49336,CELL DIVISION PROTEIN KINASE 8,CDK8,,pKI,5.40000018605658,NM,OC(=O)C1CN(Cc2ccc(OCc3ccccc3)cc2Cl)C1
CHEMBL1985042,QKSMEUJDXLNQJE-UHFFFAOYSA-N,,,P49336,CELL DIVISION PROTEIN KINASE 8,CDK8,,pKI,4.399999967876858,NM,CC1=CC(=O)NC2=C1C(=O)N(N2)c3ccccc3
CHEMBL2005449,QLWUDWMYFSWGHK-UHFFFAOYSA-N,,,P49336,CELL DIVISION PROTEIN KINASE 8,CDK8,,pKI,5.40000018605658,NM,Cc1cc(Nc2nc(Cl)cc(NCc3ccccc3)n2)n[nH]1
CHEMBL1421720,QNJUFBLXCPQTHI-UHFFFAOYSA-N,,,P49336,CELL DIVISION PROTEIN KINASE 8,CDK8,,pKI,6.399996913372259,NM,O=C(Cc1cccs1)Nc2nc3ccccc3s2
CHEMBL2002649,QNUKRWAIZMBVCU-UHFFFAOYSA-N,,,P49336,CELL DIVISION PROTEIN KINASE 8,CDK8,,pKI,5.499999678657065,NM,COc1ccc2NC(=O)C(=Cc3c[nH]cn3)c2c1
CHEMBL509032,QQWUGDVOUVUTOY-UHFFFAOYSA-N,TAE-684,,P49336,CELL DIVISION PROTEIN KINASE 8,CDK8,21336281.0,pKI,5.400007822415902,NM,COc1cc(ccc1Nc2ncc(Cl)c(Nc3ccccc3S(=O)(=O)C(C)C)n2)N4CCC(CC4)N5CCN(C)CC5
CHEMBL509032,QQWUGDVOUVUTOY-UHFFFAOYSA-N,TAE-684,,P49336,CELL DIVISION PROTEIN KINASE 8,CDK8,,pKI,5.40000018605658,NM,COc1cc(ccc1Nc2ncc(Cl)c(Nc3ccccc3S(=O)(=O)C(C)C)n2)N4CCC(CC4)N5CCN(C)CC5
CHEMBL1983630,QVGIGZLDWCWJDZ-UHFFFAOYSA-N,,,P49336,CELL DIVISION PROTEIN KINASE 8,CDK8,,pKI,4.600000074606178,NM,O=C1Cc2cc(cnc2N1)c3ccccc3
CHEMBL1972355,QVNZKVACBBTKSL-UHFFFAOYSA-N,,,P49336,CELL DIVISION PROTEIN KINASE 8,CDK8,,pKI,6.499996931948306,NM,COc1c2C(=O)C=C(C)Oc2cc(O)c1c3nc4ccccc4[nH]3
CHEMBL215152,QYZOGCMHVIGURT-UHFFFAOYSA-N,AZD-1152-HQPA,,P49336,CELL DIVISION PROTEIN KINASE 8,CDK8,21336281.0,pKI,5.700057099977233,NM,CCN(CCO)CCCOc1ccc2c(Nc3cc(CC(=O)Nc4cccc(F)c4)[nH]n3)ncnc2c1
CHEMBL215152,QYZOGCMHVIGURT-UHFFFAOYSA-N,AZD-1152-HQPA,,P49336,CELL DIVISION PROTEIN KINASE 8,CDK8,,pKI,5.700000503883016,NM,CCN(CCO)CCCOc1ccc2c(Nc3cc(CC(=O)Nc4cccc(F)c4)[nH]n3)ncnc2c1
CHEMBL1994555,QZPFUALVXZAFDD-UHFFFAOYSA-N,,,P49336,CELL DIVISION PROTEIN KINASE 8,CDK8,,pKI,6.699991797446187,NM,CCc1c([nH]c2nccnc12)c3ccc(cc3)C(=O)C
CHEMBL2005718,RFBPWKMQWSIPEO-UHFFFAOYSA-N,,,P49336,CELL DIVISION PROTEIN KINASE 8,CDK8,,pKI,8.801342913045577,NM,CS(=O)(=O)NCCNc1cc(cc(Cl)n1)c2c[nH]c3ncccc23
CHEMBL1983945,RFVBRKXQYUDGIO-UHFFFAOYSA-N,,,P49336,CELL DIVISION PROTEIN KINASE 8,CDK8,,pKI,5.40000018605658,NM,NC(Cc1c[nH]c2ccccc12)C(=O)Nc3cncc(C=Cc4ccncc4)c3
CHEMBL1988581,RGNHKJWHFIPHIM-UHFFFAOYSA-N,,,P49336,CELL DIVISION PROTEIN KINASE 8,CDK8,,pKI,7.299988937677887,NM,CN(C)CC1=C(O)C2=NC(=CC(=O)N2C=C1)C
CHEMBL1988437,RITAVMQDGBJQJZ-UHFFFAOYSA-N,,,P49336,CELL DIVISION PROTEIN KINASE 8,CDK8,,pKI,5.700000503883016,NM,CNC(=O)c1ccccc1Sc2ccc3c(C=Cc4ccccn4)n[nH]c3c2
CHEMBL1965660,RKUKAACYUCUJEE-UHFFFAOYSA-N,,,P49336,CELL DIVISION PROTEIN KINASE 8,CDK8,,pKI,7.79997073344623,NM,NC(=O)c1cc([nH]c1c2ccc(Cl)cc2Cl)c3ccnc(N)n3
CHEMBL1995765,RKYMKZBWOFGDLO-UHFFFAOYSA-N,,,P49336,CELL DIVISION PROTEIN KINASE 8,CDK8,,pKI,5.300000202445418,NM,NC1=CC(=O)NN1c2ccccn2
CHEMBL1983715,RPMKNQKYFFKBAZ-UHFFFAOYSA-N,,,P49336,CELL DIVISION PROTEIN KINASE 8,CDK8,,pKI,6.599997654072044,NM,CCNc1nc(C)c(s1)c2ccnc(Nc3ccc(cc3)N4CCN(CC4)C(=O)C)n2
CHEMBL1966816,RQJIDUOCLNMUHR-UHFFFAOYSA-N,,,P49336,CELL DIVISION PROTEIN KINASE 8,CDK8,,pKI,5.40000018605658,NM,Fc1cccc2c(NC(=O)Nc3cccc(n3)C(F)(F)F)ccnc12
CHEMBL1990496,RQVKVJIRFKVPBF-UHFFFAOYSA-N,,,P49336,CELL DIVISION PROTEIN KINASE 8,CDK8,,pKI,5.40000018605658,NM,CN1C(=NC(=C(C1=O)c2ccc3ccccc3c2)c4ccncc4)NCC(N)Cc5ccccc5
CHEMBL1971289,RRAMBEGOYIJQHY-UHFFFAOYSA-N,,,P49336,CELL DIVISION PROTEIN KINASE 8,CDK8,,pKI,6.199998172182031,NM,CCOc1ccc(C=C2SC(=N)NC2=O)c(O)c1
CHEMBL1994808,RRGXUIOPSNOJDU-UHFFFAOYSA-N,,,P49336,CELL DIVISION PROTEIN KINASE 8,CDK8,,pKI,4.200000030616179,NM,Cc1nnc(c2ccccc2)c(n1)C#N
CHEMBL1997197,RSFBNWZRZYKDMI-UHFFFAOYSA-N,,,P49336,CELL DIVISION PROTEIN KINASE 8,CDK8,,pKI,5.40000018605658,NM,COc1ccccc1CNC(=N)Nc2nccc(n2)c3cccs3
CHEMBL1991867,RTPBWIGTGGLQHJ-UHFFFAOYSA-N,,,P49336,CELL DIVISION PROTEIN KINASE 8,CDK8,,pKI,4.800000052738446,NM,Nc1n[nH]c2nc(Cl)sc12
CHEMBL1996649,RTYJMUXLFRYRBU-UHFFFAOYSA-N,,,P49336,CELL DIVISION PROTEIN KINASE 8,CDK8,,pKI,6.299997602857746,NM,CCN(CC)CCCNC(=O)c1cnc(N)c2c(csc12)c3ccc(NC(=O)Nc4cccc(F)c4)cc3
CHEMBL2001149,RUPJOKGREQMQSI-UHFFFAOYSA-N,,,P49336,CELL DIVISION PROTEIN KINASE 8,CDK8,,pKI,5.499999678657065,NM,Oc1ccc2nc([nH]c2c1)c3ccc(Sc4ccc(cc4)c5nc6ccc(O)cc6[nH]5)cc3
CHEMBL1977223,RVSKJUNTDGBSSS-UHFFFAOYSA-N,,,P49336,CELL DIVISION PROTEIN KINASE 8,CDK8,,pKI,6.799998134593398,NM,CCCC(=O)Nc1n[nH]c2ccc(cc12)c3cn(Cc4ccccc4)nn3
CHEMBL1992363,RWKDVIAVTRRJIR-UHFFFAOYSA-N,,,P49336,CELL DIVISION PROTEIN KINASE 8,CDK8,,pKI,5.40000018605658,NM,CN(C)c1ccc(cc1)C(=O)Nc2n[nH]c3ccc(cc23)c4cn(Cc5ccccc5)nn4
CHEMBL1983111,RYYNGWLOYLRZLK-UHFFFAOYSA-N,,,P49336,CELL DIVISION PROTEIN KINASE 8,CDK8,,pKI,5.40000018605658,NM,CC(=O)NCC(=O)N1C2CCC1c3cc(Nc4ncc(c(NC5CCC5)n4)C(F)(F)F)ccc23
CHEMBL1984402,RZDNYNCXGHYUOC-UHFFFAOYSA-N,,,P49336,CELL DIVISION PROTEIN KINASE 8,CDK8,,pKI,4.499999953328896,NM,CN1N=C(C(=C(N)C1=O)C(=O)C)c2ccccc2
CHEMBL1983070,SACRIVBWIXWZAH-UHFFFAOYSA-N,,,P49336,CELL DIVISION PROTEIN KINASE 8,CDK8,,pKI,5.40000018605658,NM,CCOc1ccccc1c2cccc(c2)c3n[nH]c4nc(O)cc(C)c34
CHEMBL2003638,SBFPHSVZEXSHTL-UHFFFAOYSA-N,,,P49336,CELL DIVISION PROTEIN KINASE 8,CDK8,,pKI,5.899998417198648,NM,Fc1cccc(c1)C(=O)Nc2n[nH]c3ccc(cc23)c4cn(Cc5ccccc5)nn4
CHEMBL1976376,SBWCIJOOABLPME-UHFFFAOYSA-N,,,P49336,CELL DIVISION PROTEIN KINASE 8,CDK8,,pKI,6.599997654072044,NM,Nc1ncnc2c1c(cn2C3CCOC3)c4ccc(Oc5ccc(CO)cc5)cc4
CHEMBL1980329,SDBOIBYRBWPIEL-UHFFFAOYSA-N,,,P49336,CELL DIVISION PROTEIN KINASE 8,CDK8,,pKI,5.40000018605658,NM,Oc1ccc(cc1)c2ccc3C(=Cc4ccc[nH]4)C(=O)Nc3c2
CHEMBL1975903,SDTHQOXRWZXTJF-UHFFFAOYSA-N,,,P49336,CELL DIVISION PROTEIN KINASE 8,CDK8,,pKI,5.40000018605658,NM,COc1ccccc1c2ccnc(Nc3cccc(c3)S(=O)(=O)C)n2
CHEMBL1996176,SEZFNTZQMWJIAI-UHFFFAOYSA-N,,,P49336,CELL DIVISION PROTEIN KINASE 8,CDK8,,pKI,5.40000018605658,NM,O=C1Nc2ccccc2C1=Cc3ccc[nH]3
CHEMBL1965169,SHZPFCZPWGVEED-UHFFFAOYSA-N,,,P49336,CELL DIVISION PROTEIN KINASE 8,CDK8,,pKI,5.40000018605658,NM,Cc1ccc(cc1)c2cc3nc(Br)cnc3[nH]2
CHEMBL1970352,SIHZREZFYCEMBL-UHFFFAOYSA-N,,,P49336,CELL DIVISION PROTEIN KINASE 8,CDK8,,pKI,6.0,NM,CCOC(=O)c1c(C)n(c2ccc(I)cc2)c3c4ccccc4c(O)cc13
CHEMBL1994724,SJLQDZDKTVBBLP-UHFFFAOYSA-N,,,P49336,CELL DIVISION PROTEIN KINASE 8,CDK8,,pKI,5.499999678657065,NM,COc1cccc(c1)C(C)NC(=O)c2ccc(s2)c3ccncc3
CHEMBL1980178,SKKRZILJUKYLJS-UHFFFAOYSA-N,,,P49336,CELL DIVISION PROTEIN KINASE 8,CDK8,,pKI,8.500312917381596,NM,CC(=O)NC1CCCC(C1)Nc2nc(Cl)cc(n2)c3c[nH]c4ncccc34
CHEMBL1982271,SLKCVFPEQGHNSI-UHFFFAOYSA-N,,,P49336,CELL DIVISION PROTEIN KINASE 8,CDK8,,pKI,8.801342913045577,NM,CN(C)CC(=O)NC1CCC(CC1)Nc2nc(Cl)cc(n2)c3c[nH]c4ncccc34
CHEMBL1976936,SMRWVXLSRJWVBF-UHFFFAOYSA-N,,,P49336,CELL DIVISION PROTEIN KINASE 8,CDK8,,pKI,6.0999990348465305,NM,OC1CCCC(C1)Nc2cc(Cl)nc(n2)c3c[nH]c4ncccc34
CHEMBL1992354,SNPDDTDGUJYLJZ-UHFFFAOYSA-N,,,P49336,CELL DIVISION PROTEIN KINASE 8,CDK8,,pKI,6.0999990348465305,NM,CCN(CCN(C)C)C(=O)c1cccc(c1)n2nc(cc2NC(=O)Nc3cccc4ccccc34)C(C)(C)C
CHEMBL1992607,SQHVNLMMXFILAH-UHFFFAOYSA-N,,,P49336,CELL DIVISION PROTEIN KINASE 8,CDK8,,pKI,4.0,NM,Nc1ncnc2NCCNC(=O)c12
CHEMBL1972339,SRONQUHCRFZABC-UHFFFAOYSA-N,,,P49336,CELL DIVISION PROTEIN KINASE 8,CDK8,,pKI,7.899974269892137,NM,Cc1n[nH]c2ccc(cc12)c3nnn(Cc4ccccc4)c3c5ccc(F)cc5
CHEMBL2002105,SSNUTEUZXZIYTB-UHFFFAOYSA-N,,,P49336,CELL DIVISION PROTEIN KINASE 8,CDK8,,pKI,5.200000237109354,NM,Nc1n[nH]c2ncc(Br)cc12
CHEMBL1994318,STUPRWVTVIXNLF-UHFFFAOYSA-N,,,P49336,CELL DIVISION PROTEIN KINASE 8,CDK8,,pKI,5.800000874803203,NM,CC(C)N(CCCN)C(=O)c1cccc(c1)n2nc(cc2NC(=O)Nc3cccc4ccccc34)C(C)(C)C
CHEMBL1992937,SYLTYCLPHHSEIJ-UHFFFAOYSA-N,,,P49336,CELL DIVISION PROTEIN KINASE 8,CDK8,,pKI,5.40000018605658,NM,Cc1ccc(Nc2nc3ccc(cc3[nH]2)[N+](=O)[O-])nc1
CHEMBL1986899,TUDIKYFSCUIAIT-UHFFFAOYSA-N,,,P49336,CELL DIVISION PROTEIN KINASE 8,CDK8,,pKI,6.499996931948306,NM,Cc1ccc(NCc2ccc(nc2)c3ccc(F)cc3)cc1
CHEMBL1976420,TVLFEDKEAOXRCZ-UHFFFAOYSA-N,,,P49336,CELL DIVISION PROTEIN KINASE 8,CDK8,,pKI,5.800000874803203,NM,CCc1c([nH]c2nccnc12)c3ccc(cc3)C(C)(C)O
CHEMBL2000724,TWZGZONUMONWKF-UHFFFAOYSA-N,,,P49336,CELL DIVISION PROTEIN KINASE 8,CDK8,,pKI,5.40000018605658,NM,Cc1cc(O)nc2[nH]nc(c3cccc(c3)c4ccc(cc4)C#N)c12
CHEMBL1964382,TWZVBMXTDSNZLS-UHFFFAOYSA-N,,,P49336,CELL DIVISION PROTEIN KINASE 8,CDK8,,pKI,5.40000018605658,NM,CC(C)(c1cc(Br)c(O)c(I)c1)c2cc(Br)c(O)c(I)c2
CHEMBL1994159,TXFWBPVZZNCVHL-UHFFFAOYSA-N,,,P49336,CELL DIVISION PROTEIN KINASE 8,CDK8,,pKI,4.499999953328896,NM,CC(=O)c1cccc(c1)c2ccc3nccn3n2
CHEMBL1983575,TYLZTFWVTCNJKJ-UHFFFAOYSA-N,,,P49336,CELL DIVISION PROTEIN KINASE 8,CDK8,,pKI,6.199998172182031,NM,Oc1c(Br)cc(C=NNC(=O)Nc2ccccc2)cc1Br
CHEMBL1984500,TYRICULVJRGSTL-UHFFFAOYSA-N,,,P49336,CELL DIVISION PROTEIN KINASE 8,CDK8,,pKI,4.100000018985305,NM,Brc1cccc2C(=O)NCc12
CHEMBL1973363,UCLBDUZAAUTHBW-UHFFFAOYSA-N,,,P49336,CELL DIVISION PROTEIN KINASE 8,CDK8,,pKI,5.59999938302362,NM,COc1cccc(NC(=O)N2CCC(CC2)c3nc4c(cccc4[nH]3)C(=O)N)c1
CHEMBL2004637,UGUZOLHBLLTLBA-UHFFFAOYSA-N,,,P49336,CELL DIVISION PROTEIN KINASE 8,CDK8,,pKI,6.0,NM,CCN(CCN)C(=O)c1cccc(c1)n2nc(cc2NC(=O)Nc3cccc4ccccc34)C(C)(C)C
CHEMBL24828,UHTHHESEBZOYNR-UHFFFAOYSA-N,VANDETANIB,,P49336,CELL DIVISION PROTEIN KINASE 8,CDK8,21336281.0,pKI,5.400007822415902,NM,COc1cc2c(Nc3ccc(Br)cc3F)ncnc2cc1OCC4CCN(C)CC4
CHEMBL24828,UHTHHESEBZOYNR-UHFFFAOYSA-N,VANDETANIB,,P49336,CELL DIVISION PROTEIN KINASE 8,CDK8,,pKI,5.40000018605658,NM,COc1cc2c(Nc3ccc(Br)cc3F)ncnc2cc1OCC4CCN(C)CC4
CHEMBL1991734,UIRCQOKSJDLYBB-UHFFFAOYSA-N,,,P49336,CELL DIVISION PROTEIN KINASE 8,CDK8,,pKI,6.0,NM,CN1c2ccc(N)cc2C(c3ccccc3)c4cc(N)ccc14
CHEMBL2006765,UJBJWYNPUOLFIZ-UHFFFAOYSA-N,,,P49336,CELL DIVISION PROTEIN KINASE 8,CDK8,,pKI,5.40000018605658,NM,CCCNC(=O)c1ccc(Nc2nc(NCC(F)(F)F)c3cc[nH]c3n2)cc1
CHEMBL234085,UJLAWZDWDVHWOW-UHFFFAOYSA-N,,,P49336,CELL DIVISION PROTEIN KINASE 8,CDK8,,pKI,5.800000874803203,NM,CC1CCN(CC1N(C)c2ncnc3[nH]ccc23)C(=O)CC#N
CHEMBL1998159,UMTWTCVTRDYHQQ-UHFFFAOYSA-N,,,P49336,CELL DIVISION PROTEIN KINASE 8,CDK8,,pKI,7.899974269892137,NM,Cc1n[nH]c2cnc(cc12)c3cncc(OCC(N)Cc4cccc(c4)C(F)(F)F)c3
CHEMBL1979933,UMYBAQLXZPEUQW-UHFFFAOYSA-N,,,P49336,CELL DIVISION PROTEIN KINASE 8,CDK8,,pKI,5.40000018605658,NM,OC(=O)c1ccccc1Nc2ncnc(Nc3cccc(F)c3)n2
CHEMBL399434,UOHCGMBECWOBEU-UHFFFAOYSA-N,,,P49336,CELL DIVISION PROTEIN KINASE 8,CDK8,21336281.0,pKI,5.600153287287077,NM,O=C(NC1CCc2c1cccc2N3CCCC3)Nc4cccc5[nH]ncc45
CHEMBL399434,UOHCGMBECWOBEU-UHFFFAOYSA-N,,,P49336,CELL DIVISION PROTEIN KINASE 8,CDK8,,pKI,5.59999938302362,NM,O=C(NC1CCc2c1cccc2N3CCCC3)Nc4cccc5[nH]ncc45
CHEMBL1980391,UOVCGJXDGOGOCZ-UHFFFAOYSA-N,RG-1530,,P49336,CELL DIVISION PROTEIN KINASE 8,CDK8,,pKI,5.40000018605658,NM,COc1cc2Nc3n[nH]c(C)c3N=C(c4ccccc4Cl)c2cc1F
CHEMBL437747,UQFRSHRWRKYNDE-UHFFFAOYSA-N,,,P49336,CELL DIVISION PROTEIN KINASE 8,CDK8,21336281.0,pKI,5.400007822415902,NM,CCCn1c(nc(c2ccc(Cl)c(Cl)c2)c1c3ccnc(NC4CCCCC4)n3)C5CCNCC5
CHEMBL437747,UQFRSHRWRKYNDE-UHFFFAOYSA-N,,,P49336,CELL DIVISION PROTEIN KINASE 8,CDK8,,pKI,5.40000018605658,NM,CCCn1c(nc(c2ccc(Cl)c(Cl)c2)c1c3ccnc(NC4CCCCC4)n3)C5CCNCC5
CHEMBL1989267,UQNNJYLAPYGZBD-UHFFFAOYSA-N,,,P49336,CELL DIVISION PROTEIN KINASE 8,CDK8,,pKI,5.700000503883016,NM,COc1cc(ccc1NC(=O)c2cc3ccccc3n2C)c4csc5c(C=CC(=O)NCCN(C)C)cnc(N)c45
CHEMBL2007574,URNZTLZSAVLTIZ-UHFFFAOYSA-N,,,P49336,CELL DIVISION PROTEIN KINASE 8,CDK8,,pKI,8.899629454882437,NM,Nc1nc(Cl)cc(n1)c2c[nH]c3ncccc23
CHEMBL1979690,UVLOSTAZXZSNCP-UHFFFAOYSA-N,,,P49336,CELL DIVISION PROTEIN KINASE 8,CDK8,,pKI,5.40000018605658,NM,CN1CCN(CC1)c2ccc(Nc3ncc(Cl)c(Nc4ccc5[nH]ncc5c4)n3)cc2
CHEMBL2004033,UVTOQVBDNLWPLP-UHFFFAOYSA-N,,,P49336,CELL DIVISION PROTEIN KINASE 8,CDK8,,pKI,5.40000018605658,NM,BrC1=C2C=CC=CN2NC1=O
CHEMBL124660,UXXQOJXBIDBUAC-UHFFFAOYSA-N,TANDUTINIB,,P49336,CELL DIVISION PROTEIN KINASE 8,CDK8,21336281.0,pKI,5.400007822415902,NM,COc1cc2c(ncnc2cc1OCCCN3CCCCC3)N4CCN(CC4)C(=O)Nc5ccc(OC(C)C)cc5
CHEMBL124660,UXXQOJXBIDBUAC-UHFFFAOYSA-N,TANDUTINIB,,P49336,CELL DIVISION PROTEIN KINASE 8,CDK8,,pKI,5.40000018605658,NM,COc1cc2c(ncnc2cc1OCCCN3CCCCC3)N4CCN(CC4)C(=O)Nc5ccc(OC(C)C)cc5
CHEMBL1985723,UYGYYOIUVFMGKQ-UHFFFAOYSA-N,,,P49336,CELL DIVISION PROTEIN KINASE 8,CDK8,,pKI,7.599980364934842,NM,CC(C)(CN)CNc1cc(cc(Cl)n1)c2c[nH]c3ncccc23
CHEMBL458997,UYJNQQDJUOUFQJ-UHFFFAOYSA-N,,,P49336,CELL DIVISION PROTEIN KINASE 8,CDK8,21336281.0,pKI,5.400007822415902,NM,CNC(=O)c1ccccc1Nc2nc(Nc3ccc(cc3OC)N4CCOCC4)ncc2Cl
CHEMBL458997,UYJNQQDJUOUFQJ-UHFFFAOYSA-N,,,P49336,CELL DIVISION PROTEIN KINASE 8,CDK8,,pKI,5.40000018605658,NM,CNC(=O)c1ccccc1Nc2nc(Nc3ccc(cc3OC)N4CCOCC4)ncc2Cl
CHEMBL1983595,UZFPGFONVYFSRR-UHFFFAOYSA-N,,,P49336,CELL DIVISION PROTEIN KINASE 8,CDK8,,pKI,5.40000018605658,NM,Clc1cccc(c1)C(=O)Nc2n[nH]c3ccc(cc23)c4cn(Cc5ccccc5)nn4
CHEMBL1992723,VBNVOUSYMPNLEN-UHFFFAOYSA-N,,,P49336,CELL DIVISION PROTEIN KINASE 8,CDK8,,pKI,5.499999678657065,NM,c1ccc(cc1)c2cccc3nccn23
CHEMBL1972220,VCFDMLBPASGZTP-UHFFFAOYSA-N,,,P49336,CELL DIVISION PROTEIN KINASE 8,CDK8,,pKI,7.700057099977233,NM,Nc1ncc(c2cnn(CCO)c2)c3scc(c4ccc(NC(=O)Nc5ccc(OC(F)F)cc5)cc4)c13
CHEMBL119385,VEPKQEUBKLEPRA-UHFFFAOYSA-N,VX-745,,P49336,CELL DIVISION PROTEIN KINASE 8,CDK8,21336281.0,pKI,5.400007822415902,NM,Fc1ccc(SC2=NN3C=NC(=O)C(=C3C=C2)c4c(Cl)cccc4Cl)c(F)c1
CHEMBL119385,VEPKQEUBKLEPRA-UHFFFAOYSA-N,VX-745,,P49336,CELL DIVISION PROTEIN KINASE 8,CDK8,,pKI,5.40000018605658,NM,Fc1ccc(SC2=NN3C=NC(=O)C(=C3C=C2)c4c(Cl)cccc4Cl)c(F)c1
CHEMBL1973936,VETBKPDTHQZBKH-UHFFFAOYSA-N,,,P49336,CELL DIVISION PROTEIN KINASE 8,CDK8,,pKI,5.499999678657065,NM,OC(=O)C1CN(Cc2ccc(CCc3cccc(c3)C(F)(F)F)cc2)C1
CHEMBL2002599,VEZQCXWMPWTPJL-UHFFFAOYSA-N,,,P49336,CELL DIVISION PROTEIN KINASE 8,CDK8,,pKI,7.0,NM,O=C(Nc1cnccn1)Nc2ccnc3ccc(cc23)N4CC5COCC5C4
CHEMBL1975921,VHCRLTJPUNUZRN-UHFFFAOYSA-N,,,P49336,CELL DIVISION PROTEIN KINASE 8,CDK8,,pKI,5.100000128334196,NM,Brc1cnc2NC(=O)Nc2c1
CHEMBL1981792,VJKJKZOWXJKSSK-UHFFFAOYSA-N,,,P49336,CELL DIVISION PROTEIN KINASE 8,CDK8,,pKI,7.0,NM,Fc1cc2nccc(NC(=O)Nc3cccc(n3)C(F)(F)F)c2cc1F
CHEMBL1989708,VKBFHTIUXUCYRQ-UHFFFAOYSA-N,,,P49336,CELL DIVISION PROTEIN KINASE 8,CDK8,,pKI,7.299988937677887,NM,CC(O)Cn1cc(cn1)c2cnc(N)c3c(csc23)c4ccc(NC(=O)Nc5cccc(C)c5)cc4
CHEMBL21156,VNDWQCSOSCCWIP-UHFFFAOYSA-N,,,P49336,CELL DIVISION PROTEIN KINASE 8,CDK8,21336281.0,pKI,5.400007822415902,NM,CC(C)(C)c1nc2c3ccc(F)cc3c4C(=O)NC=Cc4c2[nH]1
CHEMBL21156,VNDWQCSOSCCWIP-UHFFFAOYSA-N,,,P49336,CELL DIVISION PROTEIN KINASE 8,CDK8,,pKI,5.40000018605658,NM,CC(C)(C)c1nc2c3ccc(F)cc3c4C(=O)NC=Cc4c2[nH]1
CHEMBL1982660,VQPBIJGXSXEOCU-UHFFFAOYSA-N,,,P49336,CELL DIVISION PROTEIN KINASE 8,CDK8,,pKI,5.40000018605658,NM,COc1ccc2c(NC(=O)Nc3cccc(n3)C(F)(F)F)ccnc2c1
CHEMBL1997007,VRIFJAKXSBXYFZ-UHFFFAOYSA-N,,,P49336,CELL DIVISION PROTEIN KINASE 8,CDK8,,pKI,5.40000018605658,NM,CCCNC(=O)c1ccc(Nc2nc(CC)c3cc[nH]c3n2)cc1
CHEMBL1978166,VSVWQTDDGQSGHP-UHFFFAOYSA-N,,,P49336,CELL DIVISION PROTEIN KINASE 8,CDK8,,pKI,7.0,NM,Cc1cccc(NC(=O)Nc2ccc(cc2)c3csc4c(cnc(N)c34)C#CCCCCCCCCN)c1
CHEMBL1978195,VTQQYBGURNVVFE-UHFFFAOYSA-N,,,P49336,CELL DIVISION PROTEIN KINASE 8,CDK8,,pKI,8.600326278518962,NM,NC(=O)c1cc2c(cncc2s1)c3ccc(Br)cc3
CHEMBL1965702,VVEGARMQKNYDID-UHFFFAOYSA-N,,,P49336,CELL DIVISION PROTEIN KINASE 8,CDK8,,pKI,8.698970004336019,NM,CN(C)C1CCCC(C1)Nc2nc(Cl)cc(n2)c3c[nH]c4ncccc34
CHEMBL1996702,VWACUNWBMWWMPJ-UHFFFAOYSA-N,,,P49336,CELL DIVISION PROTEIN KINASE 8,CDK8,,pKI,5.40000018605658,NM,COc1cc(ccc1O)c2ccc3C(=O)Nc4cc(ccc4Nc3c2)C(=O)NCCCN(C)C
CHEMBL1968606,VYPMKWZQENSPAB-UHFFFAOYSA-N,,,P49336,CELL DIVISION PROTEIN KINASE 8,CDK8,,pKI,5.499999678657065,NM,CC1=CC(=O)NN=C1c2ccc(NC(=O)Nc3cccc(Cl)c3)cc2
CHEMBL1996510,WAKGEHXTOOFEAE-UHFFFAOYSA-N,,,P49336,CELL DIVISION PROTEIN KINASE 8,CDK8,,pKI,5.40000018605658,NM,O=C1NC(=O)C(=C1c2c[nH]c3ccccc23)c4nc(nc5ccccc45)N6CCNCC6
CHEMBL1973720,WDARYLSSWBWVCU-UHFFFAOYSA-N,,,P49336,CELL DIVISION PROTEIN KINASE 8,CDK8,,pKI,8.300162274132754,NM,NC1CCC(CC1)Nc2nc(Cl)cc(n2)c3c[nH]c4ncccc34
CHEMBL1982700,WDKDZAISMRAXQL-UHFFFAOYSA-N,,,P49336,CELL DIVISION PROTEIN KINASE 8,CDK8,,pKI,5.40000018605658,NM,CCCCNC(=O)C1=CN(C(CC)CC)C(=O)c2cc(OC)c(OC)cc12
CHEMBL1964718,WFHNZLFPQCGIRS-UHFFFAOYSA-N,,,P49336,CELL DIVISION PROTEIN KINASE 8,CDK8,,pKI,4.70000006855703,NM,CC1=CN2CC(=O)NN=C2C=C1
CHEMBL1967612,WGKQCRDCROUYLI-UHFFFAOYSA-N,,,P49336,CELL DIVISION PROTEIN KINASE 8,CDK8,,pKI,4.200000030616179,NM,Clc1ccc2c(c1)C(=O)NS2(=O)=O
CHEMBL1973138,WHRCWROQSJHEBV-UHFFFAOYSA-N,,,P49336,CELL DIVISION PROTEIN KINASE 8,CDK8,,pKI,5.40000018605658,NM,CN1C=C(C=C(Nc2ccc(cn2)C(=O)N3CCOCC3)C1=O)c4cccc(NC(=O)c5ccc(cc5)C(C)(C)C)c4C
CHEMBL461876,WHVFDYQCAMPLMS-UHFFFAOYSA-N,,,P49336,CELL DIVISION PROTEIN KINASE 8,CDK8,21336281.0,pKI,5.400007822415902,NM,COc1cc2CCN(C(=O)CN(C)C)c2cc1Nc3nc(Nc4cccc(F)c4C(=O)N)c5cc[nH]c5n3
CHEMBL461876,WHVFDYQCAMPLMS-UHFFFAOYSA-N,,,P49336,CELL DIVISION PROTEIN KINASE 8,CDK8,,pKI,5.40000018605658,NM,COc1cc2CCN(C(=O)CN(C)C)c2cc1Nc3nc(Nc4cccc(F)c4C(=O)N)c5cc[nH]c5n3
CHEMBL1990885,WINHZLLDWRZWRT-UHFFFAOYSA-N,,,P49336,CELL DIVISION PROTEIN KINASE 8,CDK8,,pKI,5.40000018605658,NM,CCN(CC)CCNC(=O)c1c(C)[nH]c(C=C2C(=O)Nc3ccc(F)cc23)c1C
CHEMBL1996500,WIRUYYYAAJOIKO-UHFFFAOYSA-N,,,P49336,CELL DIVISION PROTEIN KINASE 8,CDK8,,pKI,5.40000018605658,NM,Cc1nccn2c(c3ccnc(NCC(C)(C)O)n3)c(nc12)c4ccc(F)cc4F
CHEMBL546797,WIZFHSAFKKUPRU-UHFFFAOYSA-N,TCMDC-125758,,P49336,CELL DIVISION PROTEIN KINASE 8,CDK8,,pKI,5.59999938302362,NM,ON=C(c1nc2ccccc2[nH]1)c3nc4ccccc4[nH]3
CHEMBL1998765,WKGPOKDJNBFTIF-UHFFFAOYSA-N,,,P49336,CELL DIVISION PROTEIN KINASE 8,CDK8,,pKI,5.700000503883016,NM,CC(C)(C)c1cc(NC(=O)C(=O)c2cccc3ccccc23)n(n1)c4ccc(OCCC(=O)N)cc4
CHEMBL262623,WNTAZUFBXXQBAO-UHFFFAOYSA-N,,,P49336,CELL DIVISION PROTEIN KINASE 8,CDK8,21336281.0,pKI,4.900008766455316,NM,Nc1ncnc2NCCC(=Nc12)c3ccccc3
CHEMBL262623,WNTAZUFBXXQBAO-UHFFFAOYSA-N,,,P49336,CELL DIVISION PROTEIN KINASE 8,CDK8,,pKI,4.900000142057633,NM,Nc1ncnc2NCCC(=Nc12)c3ccccc3
CHEMBL1983393,WONUEZVTDVQBDC-UHFFFAOYSA-N,,,P49336,CELL DIVISION PROTEIN KINASE 8,CDK8,,pKI,7.199970640755866,NM,Fc1cccc(NC(=O)Nc2cccc(c2)c3ccc4cn[nH]c4c3)c1
CHEMBL1980297,WPHKIQPVPYJNAX-UHFFFAOYSA-N,ILORASERTIB,,P49336,CELL DIVISION PROTEIN KINASE 8,CDK8,,pKI,6.799998134593398,NM,Nc1ncc(c2cnn(CCO)c2)c3scc(c4ccc(NC(=O)Nc5cccc(F)c5)cc4)c13
CHEMBL1992581,WQFGNANQTYLQBP-UHFFFAOYSA-N,,,P49336,CELL DIVISION PROTEIN KINASE 8,CDK8,,pKI,5.40000018605658,NM,FC(F)Sc1ccc(NC(=O)Cc2ccc(cc2)c3cccnc3)cc1
CHEMBL1986756,WRZNQKSBJJKEBD-UHFFFAOYSA-N,,,P49336,CELL DIVISION PROTEIN KINASE 8,CDK8,,pKI,5.40000018605658,NM,CCc1ccc2c(NC(=O)Nc3cccc(n3)C(F)(F)F)ccnc2c1
CHEMBL398951,WUBHCQHBUVGGRX-UHFFFAOYSA-N,,,P49336,CELL DIVISION PROTEIN KINASE 8,CDK8,21336281.0,pKI,5.400007822415902,NM,N#Cc1ccc(cn1)c2n[nH]c3c2Cc4ccc(OCCCCN5CCOCC5)cc34
CHEMBL398951,WUBHCQHBUVGGRX-UHFFFAOYSA-N,,,P49336,CELL DIVISION PROTEIN KINASE 8,CDK8,,pKI,5.40000018605658,NM,N#Cc1ccc(cn1)c2n[nH]c3c2Cc4ccc(OCCCCN5CCOCC5)cc34
CHEMBL1997611,WUTNLCUQZGDRGX-UHFFFAOYSA-N,,,P49336,CELL DIVISION PROTEIN KINASE 8,CDK8,,pKI,5.700000503883016,NM,CCOC(=O)c1nc2C(=O)Nc3cc(c(NC(=O)C)cc3n2c1C)[N+](=O)[O-]
CHEMBL2007097,WWKWWGIKNDEUJE-UHFFFAOYSA-N,,,P49336,CELL DIVISION PROTEIN KINASE 8,CDK8,,pKI,4.70000006855703,NM,NC1=NC(=O)Nc2sccc12
CHEMBL1991678,WYBGYJNIKOAPQI-UHFFFAOYSA-N,,,P49336,CELL DIVISION PROTEIN KINASE 8,CDK8,,pKI,5.40000018605658,NM,Cc1nccn2c(c3ccnc(NCC(C)(C)CO)n3)c(nc12)c4ccc(F)cc4F
CHEMBL1986666,WZISGNDZZPSYRP-UHFFFAOYSA-N,,,P49336,CELL DIVISION PROTEIN KINASE 8,CDK8,,pKI,5.40000018605658,NM,OC(=O)c1ccccc1Nc2ncnc(Nc3ccc4cn[nH]c4c3)n2
CHEMBL2003689,XBDMVBZCUOVOQX-UHFFFAOYSA-N,,,P49336,CELL DIVISION PROTEIN KINASE 8,CDK8,,pKI,6.199998172182031,NM,CC(C)(C)c1cc(NC(=O)C(=O)c2cccc3ccccc23)n(n1)c4ccc(OCCC(=O)O)cc4
CHEMBL1986590,XCGXAWJRNVHWAI-UHFFFAOYSA-N,,,P49336,CELL DIVISION PROTEIN KINASE 8,CDK8,,pKI,5.40000018605658,NM,O=C1Nc2ccccc2C1=Cc3c[nH]c4ccccc34
CHEMBL1996345,XCVOMKXWDRSPAQ-UHFFFAOYSA-N,,,P49336,CELL DIVISION PROTEIN KINASE 8,CDK8,,pKI,5.499999678657065,NM,Nc1nc2ccc(cc2n1c3nc4CCCCc4s3)C#N
CHEMBL1991818,XDSJEDLSHAYRNI-UHFFFAOYSA-N,,,P49336,CELL DIVISION PROTEIN KINASE 8,CDK8,,pKI,5.40000018605658,NM,CCN1c2cc(N)ccc2c3ccc(N)cc3C1(O)c4ccccc4
CHEMBL1974574,XFUXPAURFGNBSI-UHFFFAOYSA-N,,,P49336,CELL DIVISION PROTEIN KINASE 8,CDK8,,pKI,5.499999678657065,NM,Nc1ccc2c(C(=O)O)n(nc2c1)c3ccccc3
CHEMBL939,XGALLCVXEZPNRQ-UHFFFAOYSA-N,GEFITINIB,,P49336,CELL DIVISION PROTEIN KINASE 8,CDK8,21336281.0,pKI,5.400007822415902,NM,COc1cc2ncnc(Nc3ccc(F)c(Cl)c3)c2cc1OCCCN4CCOCC4
CHEMBL939,XGALLCVXEZPNRQ-UHFFFAOYSA-N,GEFITINIB,,P49336,CELL DIVISION PROTEIN KINASE 8,CDK8,,pKI,5.40000018605658,NM,COc1cc2ncnc(Nc3ccc(F)c(Cl)c3)c2cc1OCCCN4CCOCC4
CHEMBL267071,XHSQDZXAVJRBMX-UHFFFAOYSA-N,,,P49336,CELL DIVISION PROTEIN KINASE 8,CDK8,,pKI,5.700000503883016,NM,OCC1OC(C(O)C1O)n2cnc3cc(Cl)c(Cl)cc23
CHEMBL1981047,XKFTZKGMDDZMJI-UHFFFAOYSA-N,,,P49336,CELL DIVISION PROTEIN KINASE 8,CDK8,,pKI,5.40000018605658,NM,COC(C(=O)N1Cc2[nH]nc(NC(=O)c3ccc(cc3)N4CCN(C)CC4)c2C1)c5ccccc5
CHEMBL1993634,XMEBXAAIDQRNQS-UHFFFAOYSA-N,,,P49336,CELL DIVISION PROTEIN KINASE 8,CDK8,,pKI,5.499999678657065,NM,CC(C)(C)c1cc(NC(=O)Nc2cccc3ccccc23)n(n1)c4cccc(c4)C(=O)N(CCN)CCO
CHEMBL1990223,XNKYXYWPDUHBSC-UHFFFAOYSA-N,,,P49336,CELL DIVISION PROTEIN KINASE 8,CDK8,,pKI,5.40000018605658,NM,Cc1cc(OCc2ccc(Cl)c(Cl)c2)ccc1CN3CC(C3)C(=O)O
CHEMBL1972290,XNWKXXIGSPPPBH-UHFFFAOYSA-N,,,P49336,CELL DIVISION PROTEIN KINASE 8,CDK8,,pKI,7.700057099977233,NM,NCCNc1cc(cc(Cl)n1)c2c[nH]c3ncccc23
CHEMBL2004159,XRAMQMPTFUGPMI-UHFFFAOYSA-N,,,P49336,CELL DIVISION PROTEIN KINASE 8,CDK8,,pKI,5.40000018605658,NM,COc1cccc(CNC(=O)c2cnc(nc2)c3ccncc3)c1
CHEMBL1983980,XTVULKIROSNNTG-UHFFFAOYSA-N,,,P49336,CELL DIVISION PROTEIN KINASE 8,CDK8,,pKI,6.199998172182031,NM,OCc1ccc(cc1)c2sc(nc2C(=O)O)N3CCc4cccc(C(=O)Nc5nc6ccccc6s5)c4C3
CHEMBL1969151,XUFLBSMTYMFOQH-UHFFFAOYSA-N,,,P49336,CELL DIVISION PROTEIN KINASE 8,CDK8,,pKI,7.79997073344623,NM,CN(C)C1CCC(CC1)Nc2nc(Cl)cc(n2)c3c[nH]c4ncccc34
CHEMBL1974875,XUWWMFMANNCOKB-UHFFFAOYSA-N,,,P49336,CELL DIVISION PROTEIN KINASE 8,CDK8,,pKI,5.0,NM,OC(=O)c1csc2C(=O)NCCNc12
CHEMBL1973016,XWHCBQFKEIKORX-UHFFFAOYSA-N,,,P49336,CELL DIVISION PROTEIN KINASE 8,CDK8,,pKI,5.40000018605658,NM,CS(=O)(=O)c1cccc(c1)C(=O)Nc2nc3ccccc3n2CCCO
CHEMBL1178727,XXHWFLFMSNXBLK-UHFFFAOYSA-N,,,P49336,CELL DIVISION PROTEIN KINASE 8,CDK8,,pKI,4.100000018985305,NM,Nc1nc2c(Cc3ccccc23)s1
CHEMBL491473,XXJWYDDUDKYVKI-UHFFFAOYSA-N,CEDIRANIB,,P49336,CELL DIVISION PROTEIN KINASE 8,CDK8,21336281.0,pKI,5.700057099977233,NM,COc1cc2c(Oc3ccc4[nH]c(C)cc4c3F)ncnc2cc1OCCCN5CCCC5
CHEMBL491473,XXJWYDDUDKYVKI-UHFFFAOYSA-N,CEDIRANIB,,P49336,CELL DIVISION PROTEIN KINASE 8,CDK8,,pKI,5.700000503883016,NM,COc1cc2c(Oc3ccc4[nH]c(C)cc4c3F)ncnc2cc1OCCCN5CCCC5
CHEMBL2003952,XXOUSVFPQDXXCM-UHFFFAOYSA-N,,,P49336,CELL DIVISION PROTEIN KINASE 8,CDK8,,pKI,4.300000029139088,NM,CC(C)(O)C1=C(N)C(=O)NN=C1c2ccccc2
CHEMBL1987261,XXSPHNFKLDJDAK-UHFFFAOYSA-N,,,P49336,CELL DIVISION PROTEIN KINASE 8,CDK8,,pKI,7.299988937677887,NM,CC(C)(CN)CNc1cc(cc(F)n1)c2c[nH]c3ncccc23
CHEMBL1966204,XZONYYFHQICDAM-UHFFFAOYSA-N,,,P49336,CELL DIVISION PROTEIN KINASE 8,CDK8,,pKI,5.700000503883016,NM,Fc1ccc(cc1)C(=O)Nc2n[nH]c3ccc(cc23)c4cn(Cc5ccccc5)nn4
CHEMBL1986143,XZVLUQDUOAWQMB-UHFFFAOYSA-N,,,P49336,CELL DIVISION PROTEIN KINASE 8,CDK8,,pKI,5.59999938302362,NM,OCCC(NC(=O)c1ccc(cc1)c2ccncc2)c3ccccc3
CHEMBL1985681,XZWVOUQIYLZUCJ-UHFFFAOYSA-N,,,P49336,CELL DIVISION PROTEIN KINASE 8,CDK8,,pKI,5.40000018605658,NM,OC1CCCc2nc(ccc12)C3C(=O)Nc4ccc(cc34)C#N
CHEMBL1971606,XZZUBMJMGJRIKY-UHFFFAOYSA-N,,,P49336,CELL DIVISION PROTEIN KINASE 8,CDK8,,pKI,5.40000018605658,NM,CCCOc1cccc(c1)C(C)NC(=O)c2ccc(cc2)c3ccncc3F
CHEMBL2003785,YCDLTWDQNHQKPG-UHFFFAOYSA-N,,,P49336,CELL DIVISION PROTEIN KINASE 8,CDK8,,pKI,4.900000142057633,NM,Fc1cccc(CNc2ncnc3[nH]cnc23)c1
CHEMBL1965789,YCFLNCCUABHORO-UHFFFAOYSA-N,,,P49336,CELL DIVISION PROTEIN KINASE 8,CDK8,,pKI,5.499999678657065,NM,Oc1ccc(Cl)cc1C2=NNC(C2)c3ccc4OCCOc4c3
CHEMBL101253,YCOYDOIWSSHVCK-UHFFFAOYSA-N,VATALANIB,,P49336,CELL DIVISION PROTEIN KINASE 8,CDK8,,pKI,5.700000503883016,NM,Clc1ccc(Nc2nnc(Cc3ccncc3)c4ccccc24)cc1
CHEMBL1967538,YCVWBBWJVCFSQB-UHFFFAOYSA-N,,,P49336,CELL DIVISION PROTEIN KINASE 8,CDK8,,pKI,4.600000074606178,NM,Cc1nn(C)c2sc3C(=O)NC=Nc3c12
CHEMBL1988163,YEHCNYAQEBQCCS-UHFFFAOYSA-N,,,P49336,CELL DIVISION PROTEIN KINASE 8,CDK8,,pKI,5.40000018605658,NM,NS(=O)(=O)c1cccc(Nc2ncc3ccn(c4ccccc4)c3n2)c1
CHEMBL1964444,YEKVTSRZMPLPFK-UHFFFAOYSA-N,,,P49336,CELL DIVISION PROTEIN KINASE 8,CDK8,,pKI,6.699991797446187,NM,Cc1ccc2nccc(NC(=O)Nc3cccc(n3)C(F)(F)F)c2c1
CHEMBL1992371,YGKFZWJWKPZPQM-UHFFFAOYSA-N,,,P49336,CELL DIVISION PROTEIN KINASE 8,CDK8,,pKI,6.499996931948306,NM,Oc1cccc2c(NC(=O)Nc3cnccn3)cccc12
CHEMBL1972988,YGUMGYOBTNGZKS-UHFFFAOYSA-N,,,P49336,CELL DIVISION PROTEIN KINASE 8,CDK8,,pKI,7.299988937677887,NM,Clc1cc(ncn1)c2c[nH]c3ncccc23
CHEMBL244378,YMIJUBCSOKSFRU-UHFFFAOYSA-N,,,P49336,CELL DIVISION PROTEIN KINASE 8,CDK8,21336281.0,pKI,6.5003129173815966,NM,OC(=O)c1ccccc1Nc2ccnc(Nc3ccc4cn[nH]c4c3)n2
CHEMBL244378,YMIJUBCSOKSFRU-UHFFFAOYSA-N,,,P49336,CELL DIVISION PROTEIN KINASE 8,CDK8,,pKI,6.499996931948306,NM,OC(=O)c1ccccc1Nc2ccnc(Nc3ccc4cn[nH]c4c3)n2
CHEMBL1968868,YNUMBZPWLHDVEX-UHFFFAOYSA-N,,,P49336,CELL DIVISION PROTEIN KINASE 8,CDK8,,pKI,5.40000018605658,NM,FC(F)(F)c1ccc2c(NC(=O)Nc3cccc(n3)C#N)ccnc2c1
CHEMBL1996576,YRVUIUXIVOZCGV-UHFFFAOYSA-N,,,P49336,CELL DIVISION PROTEIN KINASE 8,CDK8,,pKI,7.899974269892137,NM,FC(F)(F)Oc1ccc(CC(=O)N2CCC3(CC2)NCCc4c3[nH]c5ccccc45)cc1
CHEMBL1994707,YTRZDTTZCDSVOR-UHFFFAOYSA-N,,,P49336,CELL DIVISION PROTEIN KINASE 8,CDK8,,pKI,5.800000874803203,NM,NC(=O)CCN1CCN(CC1)C2Cc3cc(Cl)ccc3Sc4cc(F)ccc24
CHEMBL1985406,YWITWZUKNXWOSD-UHFFFAOYSA-N,,,P49336,CELL DIVISION PROTEIN KINASE 8,CDK8,,pKI,5.800000874803203,NM,CCCC(=O)Nc1n[nH]c2ccc(cc12)c3cccc(F)c3F
CHEMBL1978562,YXUQWISLOFXNGN-UHFFFAOYSA-N,,,P49336,CELL DIVISION PROTEIN KINASE 8,CDK8,,pKI,5.700000503883016,NM,Cn1cc(c2cc3nc(Br)cnc3[nH]2)c4cc(ccc14)C#N
CHEMBL2004025,YYPKOMNJRZRWIC-UHFFFAOYSA-N,,,P49336,CELL DIVISION PROTEIN KINASE 8,CDK8,,pKI,6.299997602857746,NM,COCOc1cccc(OCOC)c1c2ccc(NS(=O)(=O)C)cc2C(=O)OC
CHEMBL1988872,YZHOOLPUTYUPEQ-UHFFFAOYSA-N,,,P49336,CELL DIVISION PROTEIN KINASE 8,CDK8,,pKI,5.59999938302362,NM,CS(=O)(=O)Nc1ccc(Nc2ccc3[nH]nc(N)c3c2)cc1
CHEMBL2001987,ZAEAGGGBPKOFMY-UHFFFAOYSA-N,,,P49336,CELL DIVISION PROTEIN KINASE 8,CDK8,,pKI,5.40000018605658,NM,Fc1ccc(F)c2c(NC(=O)Nc3cccc(n3)C(F)(F)F)ccnc12
CHEMBL1421,ZBNZXTGUTAYRHI-UHFFFAOYSA-N,DASATINIB,,P49336,CELL DIVISION PROTEIN KINASE 8,CDK8,21336281.0,pKI,5.400007822415902,NM,Cc1nc(Nc2ncc(s2)C(=O)Nc3c(C)cccc3Cl)cc(n1)N4CCN(CCO)CC4
CHEMBL1421,ZBNZXTGUTAYRHI-UHFFFAOYSA-N,DASATINIB,,P49336,CELL DIVISION PROTEIN KINASE 8,CDK8,,pKI,5.40000018605658,NM,Cc1nc(Nc2ncc(s2)C(=O)Nc3c(C)cccc3Cl)cc(n1)N4CCN(CCO)CC4
CHEMBL1980376,ZBQOHMKSDBXJBL-UHFFFAOYSA-N,,,P49336,CELL DIVISION PROTEIN KINASE 8,CDK8,,pKI,5.499999678657065,NM,Cc1cccc(c1)c2cccc3onc(N)c23
CHEMBL2005478,ZBYGBITZFKOQTA-UHFFFAOYSA-N,,,P49336,CELL DIVISION PROTEIN KINASE 8,CDK8,,pKI,5.499999678657065,NM,COc1ccc2c(c1)c(cn2C)c3cc4nc(Br)cnc4[nH]3
CHEMBL360847,ZCBUQCWBWNUWSU-UHFFFAOYSA-N,,,P49336,CELL DIVISION PROTEIN KINASE 8,CDK8,,pKI,5.40000018605658,NM,CN(C)CC1CCn2cc(C3=C(C(=O)NC3=O)c4cn(CCO1)c5ccccc45)c6ccccc26
CHEMBL1970317,ZCCJKVBTHCOISJ-UHFFFAOYSA-N,,,P49336,CELL DIVISION PROTEIN KINASE 8,CDK8,,pKI,5.800000874803203,NM,Cn1cc(cn1)c2cnc(N)c3c(csc23)c4ccc(NC(=O)Nc5cccc(F)c5)cc4
CHEMBL1995211,ZDPGLLQANLROFM-UHFFFAOYSA-N,,,P49336,CELL DIVISION PROTEIN KINASE 8,CDK8,,pKI,7.50003813440381,NM,CC(C)(C)Nc1ncnc2[nH]cc(c3ccccc3)c12
CHEMBL1973359,ZGDYBJXDIXVTLV-UHFFFAOYSA-N,,,P49336,CELL DIVISION PROTEIN KINASE 8,CDK8,,pKI,6.900008766455316,NM,NC(=O)c1ccc2nc(cn2c1)c3oc(cc3)[N+](=O)[O-]
CHEMBL1991078,ZGZVRPRSFXRGCF-UHFFFAOYSA-N,,,P49336,CELL DIVISION PROTEIN KINASE 8,CDK8,,pKI,5.40000018605658,NM,COc1ccc(cc1OC)C(=O)Nc2n[nH]c3ccc(cc23)c4cn(Cc5ccccc5)nn4
CHEMBL1973793,ZHNDVKCPJRLARD-UHFFFAOYSA-N,,,P49336,CELL DIVISION PROTEIN KINASE 8,CDK8,,pKI,5.40000018605658,NM,ON=C1c2ccccc2c3ccc(NS(=O)(=O)c4cccc(Br)c4)cc13
CHEMBL2000934,ZIVDOOQUJQJBDA-UHFFFAOYSA-N,,,P49336,CELL DIVISION PROTEIN KINASE 8,CDK8,,pKI,7.199970640755866,NM,CCc1ccc2nccc(NC(=O)Nc3cccc(n3)C(F)(F)F)c2c1
CHEMBL1984548,ZKLJKKASNXVQBZ-UHFFFAOYSA-N,,,P49336,CELL DIVISION PROTEIN KINASE 8,CDK8,,pKI,5.40000018605658,NM,Cn1cc(Nc2ncc(Cl)c(Nc3ccccc3C(=O)N)n2)cn1
CHEMBL483158,ZLHFILGSQDJULK-UHFFFAOYSA-N,ALISERTIB,,P49336,CELL DIVISION PROTEIN KINASE 8,CDK8,21336281.0,pKI,5.50003813440381,NM,COc1cccc(F)c1C2=NCc3cnc(Nc4ccc(C(=O)O)c(OC)c4)nc3c5ccc(Cl)cc25
CHEMBL483158,ZLHFILGSQDJULK-UHFFFAOYSA-N,ALISERTIB,,P49336,CELL DIVISION PROTEIN KINASE 8,CDK8,,pKI,5.499999678657065,NM,COc1cccc(F)c1C2=NCc3cnc(Nc4ccc(C(=O)O)c(OC)c4)nc3c5ccc(Cl)cc25
CHEMBL1984760,ZLLCVOJWNDZXIO-UHFFFAOYSA-N,,,P49336,CELL DIVISION PROTEIN KINASE 8,CDK8,,pKI,5.40000018605658,NM,CCCNC(=O)c1ccc(Nc2nc(CCC(F)(F)F)c3cc[nH]c3n2)cc1
CHEMBL1986658,ZQXHCYUUGYPWJB-UHFFFAOYSA-N,,,P49336,CELL DIVISION PROTEIN KINASE 8,CDK8,,pKI,5.40000018605658,NM,Nc1nsc2cccc(C(=O)Nc3cccc(CNC(=O)Nc4cccc(F)c4)c3)c12
CHEMBL1967887,ZYTFPHRVOZXPGZ-UHFFFAOYSA-N,,,P49336,CELL DIVISION PROTEIN KINASE 8,CDK8,,pKI,7.400007822415902,NM,Cc1n[nH]c2ccc(cc12)c3cncc(OCCN)c3
CHEMBL1992042,ZZIXCHIEESZZDI-UHFFFAOYSA-N,,,P49336,CELL DIVISION PROTEIN KINASE 8,CDK8,,pKI,6.0999990348465305,NM,Fc1ccc(cc1)C(=O)Nc2cccc(c2)C3Nc4ccc5ccccc5c4C6C=CCC36
