CHEMBL553,AAKJLRGGTJKAMG-UHFFFAOYSA-N,ERLOTINIB,,P42685,TYROSINE-PROTEIN KINASE FRK,FRK,21336281.0,pKI,6.5003129173815966,NM,COCCOc1cc2ncnc(Nc3cccc(c3)C#C)c2cc1OCCOC
CHEMBL553,AAKJLRGGTJKAMG-UHFFFAOYSA-N,ERLOTINIB,,P42685,TYROSINE-PROTEIN KINASE FRK,FRK,,pKI,6.499996931948306,NM,COCCOc1cc2ncnc(Nc3cccc(c3)C#C)c2cc1OCCOC
CHEMBL1987910,AAYZTFLAQXDFOL-UHFFFAOYSA-N,,,P42685,TYROSINE-PROTEIN KINASE FRK,FRK,,pKI,5.59999938302362,NM,Nc1nccc2scc(c3ccc(NC(=O)Nc4ccccc4C(F)(F)F)cc3)c12
CHEMBL1979093,ACNCCUVYXQGPKZ-UHFFFAOYSA-N,,,P42685,TYROSINE-PROTEIN KINASE FRK,FRK,,pKI,6.599997654072044,NM,COc1ccc(c2ccc(NC(=O)Nc3ccc(F)c(C)c3)cc2)c4c(N)noc14
CHEMBL7064,ACPOUJIDANTYHO-UHFFFAOYSA-N,,,P42685,TYROSINE-PROTEIN KINASE FRK,FRK,21336281.0,pKI,7.200659450546418,NM,O=C1c2ccccc2c3n[nH]c4cccc1c34
CHEMBL2004290,ADLPKFFMGIJZIM-UHFFFAOYSA-N,,,P42685,TYROSINE-PROTEIN KINASE FRK,FRK,,pKI,7.199970640755866,NM,COc1ccc(NC(=O)Nc2ccc(cc2)c3csc4c(cnc(N)c34)c5cnn(CC(C)(C)O)c5)cc1
CHEMBL212299,ADMFLILDQJSEIK-HAQNSBGRSA-N,,,P42685,TYROSINE-PROTEIN KINASE FRK,FRK,21336281.0,pKI,6.300162274132754,NM,N[C@@H]1CC[C@H](CC1)Nc2nccc(n2)c3c[nH]c4ncccc34
CHEMBL1966628,ADMFLILDQJSEIK-UHFFFAOYSA-N,,,P42685,TYROSINE-PROTEIN KINASE FRK,FRK,,pKI,6.299997602857746,NM,NC1CCC(CC1)Nc2nccc(n2)c3c[nH]c4ncccc34
CHEMBL1993424,AIQDZMUPVYDVLB-UHFFFAOYSA-N,,,P42685,TYROSINE-PROTEIN KINASE FRK,FRK,,pKI,8.0,NM,NS(=O)(=O)c1cccc(Nc2ncc3ccn(Cc4ccccc4)c3n2)c1
CHEMBL2004419,AKWVKIGCMCHYJT-UHFFFAOYSA-N,,,P42685,TYROSINE-PROTEIN KINASE FRK,FRK,,pKI,5.59999938302362,NM,CC(C)Cn1c(N)nc2c(F)cc(cc12)c3c(nc4sccn34)c5ccc(F)cc5
CHEMBL1975128,AOBLBPWPSKBHSI-UHFFFAOYSA-N,,,P42685,TYROSINE-PROTEIN KINASE FRK,FRK,,pKI,5.800000874803203,NM,Nc1n[nH]c2ccc(cc12)c3nnn(Cc4ccccc4)c3I
CHEMBL519697,AOFJRBMLTUGMMP-UHFFFAOYSA-N,,,P42685,TYROSINE-PROTEIN KINASE FRK,FRK,21336281.0,pKI,5.600153287287077,NM,CN(C(=O)C1CCCCC1)c2ccc3c(c2)nc(NC(=O)c4ccc(cc4)C#N)n3C
CHEMBL519697,AOFJRBMLTUGMMP-UHFFFAOYSA-N,,,P42685,TYROSINE-PROTEIN KINASE FRK,FRK,,pKI,5.59999938302362,NM,CN(C(=O)C1CCCCC1)c2ccc3c(c2)nc(NC(=O)c4ccc(cc4)C#N)n3C
CHEMBL1998829,AQQWWOMMPDCTLW-UHFFFAOYSA-N,,,P42685,TYROSINE-PROTEIN KINASE FRK,FRK,,pKI,6.0,NM,Clc1ccc(cc1)C(=O)Nc2cnc3[nH]cc(c4ccccc4)c3c2
CHEMBL1997872,AQZIXHSRFOGYHF-UHFFFAOYSA-N,,,P42685,TYROSINE-PROTEIN KINASE FRK,FRK,,pKI,5.59999938302362,NM,O=C(N1CCOCC1)c2cccc(c2)c3cnc4[nH]ccc4c3
CHEMBL1994864,ASNQMAVHHGGQRB-UHFFFAOYSA-N,,,P42685,TYROSINE-PROTEIN KINASE FRK,FRK,,pKI,5.59999938302362,NM,Cc1ccc(CNC2=C(Nc3ccncc3)C(=O)C2=O)cc1
CHEMBL1996048,AUDNGNGLLRZLDR-UHFFFAOYSA-N,,,P42685,TYROSINE-PROTEIN KINASE FRK,FRK,,pKI,5.59999938302362,NM,Cc1ccc(cc1)c2cc3c(NCCN)ccc(C(=O)N)c3[nH]2
CHEMBL127898,AXIVWWPYPSYJLD-UHFFFAOYSA-N,,,P42685,TYROSINE-PROTEIN KINASE FRK,FRK,21336281.0,pKI,5.600153287287077,NM,CN1C(=C(C=C(C#N)C1=O)c2ccc(OC(F)(F)F)cc2)COC(c3ccc(cc3)C#N)c4cncn4C
CHEMBL127898,AXIVWWPYPSYJLD-UHFFFAOYSA-N,,,P42685,TYROSINE-PROTEIN KINASE FRK,FRK,,pKI,5.59999938302362,NM,CN1C(=C(C=C(C#N)C1=O)c2ccc(OC(F)(F)F)cc2)COC(c3ccc(cc3)C#N)c4cncn4C
CHEMBL554,BCFGMOOMADDAQU-UHFFFAOYSA-N,LAPATINIB,,P42685,TYROSINE-PROTEIN KINASE FRK,FRK,21336281.0,pKI,5.600153287287077,NM,CS(=O)(=O)CCNCc1oc(cc1)c2ccc3ncnc(Nc4ccc(OCc5cccc(F)c5)c(Cl)c4)c3c2
CHEMBL554,BCFGMOOMADDAQU-UHFFFAOYSA-N,LAPATINIB,,P42685,TYROSINE-PROTEIN KINASE FRK,FRK,,pKI,5.59999938302362,NM,CS(=O)(=O)CCNCc1oc(cc1)c2ccc3ncnc(Nc4ccc(OCc5cccc(F)c5)c(Cl)c4)c3c2
CHEMBL1966087,BEJGILHFZNTYCX-UHFFFAOYSA-N,,,P42685,TYROSINE-PROTEIN KINASE FRK,FRK,,pKI,5.59999938302362,NM,C1CC(CN1)Oc2cncc(C=Cc3ccncc3)c2
CHEMBL1090356,BFTPDUXUTFGDLP-UHFFFAOYSA-N,,,P42685,TYROSINE-PROTEIN KINASE FRK,FRK,21336281.0,pKI,8.199999999986368,NM,O=C(Cc1ccccc1)Nc2cccc(c2)c3nc4sccn4c3c5ccnc(Nc6ccc(cc6)N7CCOCC7)n5
CHEMBL1090356,BFTPDUXUTFGDLP-UHFFFAOYSA-N,,,P42685,TYROSINE-PROTEIN KINASE FRK,FRK,,pKI,8.199970640755867,NM,O=C(Cc1ccccc1)Nc2cccc(c2)c3nc4sccn4c3c5ccnc(Nc6ccc(cc6)N7CCOCC7)n5
CHEMBL1970913,BHGSKYNWCFIOHP-UHFFFAOYSA-N,,,P42685,TYROSINE-PROTEIN KINASE FRK,FRK,,pKI,5.59999938302362,NM,CCCC(=O)Nc1nn(C(=O)CC)c2nc3ccccc3cc12
CHEMBL272453,BHSOPYVVEZFHDB-UHFFFAOYSA-N,,,P42685,TYROSINE-PROTEIN KINASE FRK,FRK,21336281.0,pKI,6.5003129173815966,NM,COc1ccc(NC(=O)Nc2ccc(cc2)c3cccc4onc(N)c34)cc1Cl
CHEMBL272453,BHSOPYVVEZFHDB-UHFFFAOYSA-N,,,P42685,TYROSINE-PROTEIN KINASE FRK,FRK,,pKI,6.499996931948306,NM,COc1ccc(NC(=O)Nc2ccc(cc2)c3cccc4onc(N)c34)cc1Cl
CHEMBL422897,BIIVYFLTOXDAOV-UHFFFAOYSA-N,,,P42685,TYROSINE-PROTEIN KINASE FRK,FRK,,pKI,5.59999938302362,NM,CN1CCC(C(O)C1)c2c(O)cc(O)c3C(=O)C=C(Oc23)c4ccccc4Cl
CHEMBL1967720,BIKYDWLMTPRSQL-UHFFFAOYSA-N,,,P42685,TYROSINE-PROTEIN KINASE FRK,FRK,,pKI,7.199970640755866,NM,CC(C)(C(=O)N)n1cc(cn1)c2cnc(N)c3c(csc23)c4ccc(NC(=O)Nc5cccc(F)c5)cc4
CHEMBL1983923,BLQYVHBZHAISJM-UHFFFAOYSA-N,,,P42685,TYROSINE-PROTEIN KINASE FRK,FRK,,pKI,7.400007822415902,NM,CN1CCN(CC1)c2cc(Nc3cc(C)[nH]n3)nc(C=Cc4ccccc4)n2
CHEMBL1969664,BLTVBQXJFVRPFK-UHFFFAOYSA-N,AZD-1080,,P42685,TYROSINE-PROTEIN KINASE FRK,FRK,,pKI,5.59999938302362,NM,Oc1[nH]c2ccc(cc2c1c3ccc(CN4CCOCC4)cn3)C#N
CHEMBL183844,BOBGABAXWFYHQX-UHFFFAOYSA-N,,,P42685,TYROSINE-PROTEIN KINASE FRK,FRK,21336281.0,pKI,6.801342913045577,NM,Cc1cccc(NC(=O)Nc2ccc(cc2C)c3cccc4C(=O)NCc34)c1
CHEMBL183844,BOBGABAXWFYHQX-UHFFFAOYSA-N,,,P42685,TYROSINE-PROTEIN KINASE FRK,FRK,,pKI,6.799998134593398,NM,Cc1cccc(NC(=O)Nc2ccc(cc2C)c3cccc4C(=O)NCc34)c1
CHEMBL1975233,BPJQSSSZFGZEOF-UHFFFAOYSA-N,,,P42685,TYROSINE-PROTEIN KINASE FRK,FRK,,pKI,5.59999938302362,NM,COc1cc(C)c(Cl)cc1NC(=O)Nc2cnc(cn2)C#N
CHEMBL2002726,BPNUQXPIQBZCMR-UHFFFAOYSA-N,,,P42685,TYROSINE-PROTEIN KINASE FRK,FRK,,pKI,5.59999938302362,NM,Cc1n[nH]c2ccc(cc12)c3cncc(OCC(N)Cc4ccccc4)c3
CHEMBL2001751,BSFNGHCTZDCQBF-UHFFFAOYSA-N,,,P42685,TYROSINE-PROTEIN KINASE FRK,FRK,,pKI,6.499996931948306,NM,NC(COc1cncc(c1)c2ccc3NC(=O)C(=Cc4occc4)c3c2)Cc5c[nH]c6ccccc56
CHEMBL52387,BTIHMVBBUGXLCJ-UHFFFAOYSA-N,(RS)-ROSCOVITINE,,P42685,TYROSINE-PROTEIN KINASE FRK,FRK,21336281.0,pKI,5.600153287287077,NM,CCC(CO)Nc1nc(NCc2ccccc2)c3ncn(C(C)C)c3n1
CHEMBL52387,BTIHMVBBUGXLCJ-UHFFFAOYSA-N,(RS)-ROSCOVITINE,,P42685,TYROSINE-PROTEIN KINASE FRK,FRK,,pKI,5.59999938302362,NM,CCC(CO)Nc1nc(NCc2ccccc2)c3ncn(C(C)C)c3n1
CHEMBL2005528,BUMDIHXPDAJSFZ-UHFFFAOYSA-N,,,P42685,TYROSINE-PROTEIN KINASE FRK,FRK,,pKI,5.59999938302362,NM,CCOC(=O)c1ccc2[nH]c3C(=O)NCCc3c2c1
CHEMBL2001288,BZFGDXJGWSIYQP-UHFFFAOYSA-N,,,P42685,TYROSINE-PROTEIN KINASE FRK,FRK,,pKI,5.59999938302362,NM,Nc1ncnc2c1c(I)nn2C3OC(CO)C(O)C3O
CHEMBL560813,CACMTVGXYAZZNY-UHFFFAOYSA-N,,,P42685,TYROSINE-PROTEIN KINASE FRK,FRK,,pKI,5.59999938302362,NM,OC(=O)c1ccc2cc(NC(=O)Nc3cnc(cn3)C#N)ccc2c1
CHEMBL1682552,CALAEFSQWBJMDU-UHFFFAOYSA-N,,,P42685,TYROSINE-PROTEIN KINASE FRK,FRK,,pKI,5.59999938302362,NM,C1CCC(CC1)Nc2c(nc3ncccn23)c4ccc5[nH]ncc5c4
CHEMBL1969879,CCOHWQFOFWCBMH-UHFFFAOYSA-N,,,P42685,TYROSINE-PROTEIN KINASE FRK,FRK,,pKI,5.59999938302362,NM,CC1CCN(CC1N(C)c2ncnc3[nH]ccc23)C(=O)CO
CHEMBL10,CDMGBJANTYXAIV-UHFFFAOYSA-N,SB-203580,,P42685,TYROSINE-PROTEIN KINASE FRK,FRK,21336281.0,pKI,6.600326278518962,NM,C[S+]([O-])c1ccc(cc1)c2nc(c3ccc(F)cc3)c([nH]2)c4ccncc4
CHEMBL10,CDMGBJANTYXAIV-UHFFFAOYSA-N,SB-203580,,P42685,TYROSINE-PROTEIN KINASE FRK,FRK,,pKI,6.599997654072044,NM,C[S+]([O-])c1ccc(cc1)c2nc(c3ccc(F)cc3)c([nH]2)c4ccncc4
CHEMBL1968127,CDZPSYGUMJXDLL-UHFFFAOYSA-N,,,P42685,TYROSINE-PROTEIN KINASE FRK,FRK,,pKI,5.59999938302362,NM,CN(C)CC(C)(C)CNc1nccc(n1)c2c(nc3occn23)c4ccc(F)cc4
CHEMBL1984162,CFIBXVQLBVNOHW-UHFFFAOYSA-N,,,P42685,TYROSINE-PROTEIN KINASE FRK,FRK,,pKI,9.0,NM,COCCOC1CCC(CC1)n2nc(c3ccc(Nc4oc5c(C)cc(C)cc5n4)cc3)c6c(N)ncnc26
CHEMBL1991063,CHTMRWQLNNRRFJ-UHFFFAOYSA-N,,,P42685,TYROSINE-PROTEIN KINASE FRK,FRK,,pKI,5.59999938302362,NM,Cc1n[nH]c2ccc(cc12)c3cncc(OCC(N)Cc4ccc(Cl)c(Cl)c4)c3
CHEMBL1964644,CKDGJQLBXUOVSI-UHFFFAOYSA-N,,,P42685,TYROSINE-PROTEIN KINASE FRK,FRK,,pKI,5.59999938302362,NM,[O-][N+](=O)c1cnc(NC(=O)NCc2ccccc2)s1
CHEMBL2006439,CLEGDJQQHUTCOW-UHFFFAOYSA-N,,,P42685,TYROSINE-PROTEIN KINASE FRK,FRK,,pKI,5.59999938302362,NM,Clc1cc(nc(NC2CCCCC2)n1)c3c[nH]c4ncccc34
CHEMBL340384,CLRFYTGANQZOBS-UHFFFAOYSA-N,,,P42685,TYROSINE-PROTEIN KINASE FRK,FRK,21336281.0,pKI,6.100179497572904,NM,NC(=O)C1=CN(c2ccc(O)cc2Cl)c3cc(ccc3C1=O)c4ccncc4
CHEMBL340384,CLRFYTGANQZOBS-UHFFFAOYSA-N,,,P42685,TYROSINE-PROTEIN KINASE FRK,FRK,,pKI,6.0999990348465305,NM,NC(=O)C1=CN(c2ccc(O)cc2Cl)c3cc(ccc3C1=O)c4ccncc4
CHEMBL1965570,CNTCGRJDUJEUDG-UHFFFAOYSA-N,,,P42685,TYROSINE-PROTEIN KINASE FRK,FRK,,pKI,7.0,NM,Nc1ncc(c2cocc2)c3scc(c4ccc(NC(=O)Nc5ccccc5F)cc4)c13
CHEMBL1682540,CPGKMMMSMJKHDL-UHFFFAOYSA-N,,,P42685,TYROSINE-PROTEIN KINASE FRK,FRK,,pKI,5.59999938302362,NM,c1cnc2nc(cn2c1)c3ccc4[nH]ncc4c3
CHEMBL239985,CQFVDHNTTRWVQD-DKXQDJALSA-N,,,P42685,TYROSINE-PROTEIN KINASE FRK,FRK,21336281.0,pKI,6.600326278518962,NM,Nc1nccn2c(nc(c3cccc(OCc4ccccc4)c3)c12)[C@@H]5C[C@H](CN6CCCC6)C5
CHEMBL1991138,CQFVDHNTTRWVQD-UHFFFAOYSA-N,,,P42685,TYROSINE-PROTEIN KINASE FRK,FRK,,pKI,6.599997654072044,NM,Nc1nccn2c(nc(c3cccc(OCc4ccccc4)c3)c12)C5CC(CN6CCCC6)C5
CHEMBL1980163,CQXFMKMVOOUGSS-UHFFFAOYSA-N,,,P42685,TYROSINE-PROTEIN KINASE FRK,FRK,,pKI,5.59999938302362,NM,C(Oc1ccc(Nc2ncnc3ccccc23)cc1)c4ccccc4
CHEMBL378627,CSDDCHPGQGWRLI-UHFFFAOYSA-N,,,P42685,TYROSINE-PROTEIN KINASE FRK,FRK,21336281.0,pKI,5.600153287287077,NM,COc1cc(c(OC)cc1CC(=O)Nc2cc(N)c(C#N)c(OC(C)C)n2)S(=O)(=O)C
CHEMBL378627,CSDDCHPGQGWRLI-UHFFFAOYSA-N,,,P42685,TYROSINE-PROTEIN KINASE FRK,FRK,,pKI,5.59999938302362,NM,COc1cc(c(OC)cc1CC(=O)Nc2cc(N)c(C#N)c(OC(C)C)n2)S(=O)(=O)C
CHEMBL1682545,CTJAMSGCMYAVCZ-UHFFFAOYSA-N,,,P42685,TYROSINE-PROTEIN KINASE FRK,FRK,,pKI,5.59999938302362,NM,N(c1ccccc1)c2nc(cs2)c3ccc4[nH]ncc4c3
CHEMBL1970314,CWBWMDSAVFJNAD-UHFFFAOYSA-N,,,P42685,TYROSINE-PROTEIN KINASE FRK,FRK,,pKI,5.700000503883016,NM,NC(=O)c1cc(cc2cccnc12)c3cccc(N)c3
CHEMBL1994938,CXBBWVXSZINRCS-UHFFFAOYSA-N,,,P42685,TYROSINE-PROTEIN KINASE FRK,FRK,,pKI,8.500312917381596,NM,Nc1ncc(C=CC(=O)NCCCn2ccnc2)c3scc(c4ccc(Br)cc4)c13
CHEMBL1990482,CZIGMBNEFWBEMD-UHFFFAOYSA-N,,,P42685,TYROSINE-PROTEIN KINASE FRK,FRK,,pKI,5.59999938302362,NM,NC(=O)c1cccc2[nH]c(nc12)c3ccncc3
CHEMBL1998112,CZQVOIDVDAVDFW-UHFFFAOYSA-N,,,P42685,TYROSINE-PROTEIN KINASE FRK,FRK,,pKI,5.59999938302362,NM,COc1ccc(cc1OC)c2cc3nccn3c(Nc4ccccc4C(=O)N)n2
CHEMBL1973142,DBKQWGCVGCVPIP-UHFFFAOYSA-N,,,P42685,TYROSINE-PROTEIN KINASE FRK,FRK,,pKI,5.59999938302362,NM,CC(=O)Nc1c(sc2ccc(Cl)c(Cl)c12)C(=O)N
CHEMBL2000393,DBXGGXLBTWZXBB-UHFFFAOYSA-N,,,P42685,TYROSINE-PROTEIN KINASE FRK,FRK,,pKI,6.900008766455316,NM,Fc1ccc2ncn(c3ncc4NC(=O)N(C5CCOc6c(F)cccc56)c4n3)c2c1
CHEMBL1982135,DCTBPIBEQFLAOQ-UHFFFAOYSA-N,,,P42685,TYROSINE-PROTEIN KINASE FRK,FRK,,pKI,5.59999938302362,NM,Cc1ccccc1NC(=O)Nc2ccc3c(CCc4sc5ncnc(N)c5c34)c2
CHEMBL1982711,DFMCXVONDDGQIY-UHFFFAOYSA-N,,,P42685,TYROSINE-PROTEIN KINASE FRK,FRK,,pKI,5.800000874803203,NM,NC(=O)c1ccc(cc1)c2c[nH]c3nccc(Cl)c23
CHEMBL1979855,DILZQOYOWSNWDQ-UHFFFAOYSA-N,,,P42685,TYROSINE-PROTEIN KINASE FRK,FRK,,pKI,6.399996913372259,NM,CC(C)(C)c1cc(NC(=O)Nc2cccc3ccccc23)n(n1)c4cccc(c4)C(=O)NCC#N
CHEMBL1974416,DJLORVJVWIBDME-UHFFFAOYSA-N,,,P42685,TYROSINE-PROTEIN KINASE FRK,FRK,,pKI,6.399996913372259,NM,Fc1cccc(C(=O)Nc2cnc3[nH]cc(c4ccccc4)c3c2)c1F
CHEMBL1970340,DJRPFIWIDKXORZ-UHFFFAOYSA-N,,,P42685,TYROSINE-PROTEIN KINASE FRK,FRK,,pKI,7.400007822415902,NM,Nc1noc2cccc(c3cccc(O)c3)c12
CHEMBL583144,DJUSDFVEBBYFFL-UHFFFAOYSA-N,,,P42685,TYROSINE-PROTEIN KINASE FRK,FRK,21336281.0,pKI,5.700057099977233,NM,Clc1ccc(Cl)c2c3N=CNC(=O)c3sc12
CHEMBL583144,DJUSDFVEBBYFFL-UHFFFAOYSA-N,,,P42685,TYROSINE-PROTEIN KINASE FRK,FRK,,pKI,5.700000503883016,NM,Clc1ccc(Cl)c2c3N=CNC(=O)c3sc12
CHEMBL2000335,DKSNLQYRZJKYOC-UHFFFAOYSA-N,,,P42685,TYROSINE-PROTEIN KINASE FRK,FRK,,pKI,7.299988937677887,NM,Cc1ccc(NC(=O)Nc2ccc(cc2)c3csc4ncnc(N)c34)cc1C
CHEMBL225519,DKXHSOUZPMHNIZ-UHFFFAOYSA-N,PHA-767491,,P42685,TYROSINE-PROTEIN KINASE FRK,FRK,,pKI,5.700000503883016,NM,O=C1NCCc2[nH]c(cc12)c3ccncc3
CHEMBL1164265,DLWMVUDMPMKGEE-UHFFFAOYSA-N,,,P42685,TYROSINE-PROTEIN KINASE FRK,FRK,21336281.0,pKI,6.903089986991944,NM,CN1CCN(CC1)c2ccc(cn2)c3cnc4NCCN(Cc5c(F)ccc(F)c5Cl)c4c3
CHEMBL1164265,DLWMVUDMPMKGEE-UHFFFAOYSA-N,,,P42685,TYROSINE-PROTEIN KINASE FRK,FRK,,pKI,6.900008766455316,NM,CN1CCN(CC1)c2ccc(cn2)c3cnc4NCCN(Cc5c(F)ccc(F)c5Cl)c4c3
CHEMBL1996931,DPPIQOOVRLCHQC-UHFFFAOYSA-N,,,P42685,TYROSINE-PROTEIN KINASE FRK,FRK,,pKI,5.59999938302362,NM,OCC(Cc1ccc(Cl)cc1)NC(=O)c2ccc(cc2)c3ccncc3
CHEMBL1973961,DSSRVQAIWBZWON-UHFFFAOYSA-N,,,P42685,TYROSINE-PROTEIN KINASE FRK,FRK,,pKI,5.899998417198648,NM,COc1cc(ccc1C(=O)Nc2n[nH]c3ccc(Cc4cc(F)cc(F)c4)cc23)N5CCN(C)CC5
CHEMBL462120,DTVBJIVUGSOZDZ-UHFFFAOYSA-N,,,P42685,TYROSINE-PROTEIN KINASE FRK,FRK,,pKI,5.899998417198648,NM,NC1=C(c2ccccc2)c3cc(Cl)ccc3NC1=O
CHEMBL2002992,DWTNLZZEPSCAIH-UHFFFAOYSA-N,,,P42685,TYROSINE-PROTEIN KINASE FRK,FRK,,pKI,5.59999938302362,NM,CC(N)C1CCC(CC1)C(=O)Nc2ccnc3[nH]ccc23
CHEMBL208637,DXAJWOOLPAIVJG-UHFFFAOYSA-N,,,P42685,TYROSINE-PROTEIN KINASE FRK,FRK,21336281.0,pKI,5.600153287287077,NM,CCOc1nc(NC(=O)C)cc(N)c1C#N
CHEMBL208637,DXAJWOOLPAIVJG-UHFFFAOYSA-N,,,P42685,TYROSINE-PROTEIN KINASE FRK,FRK,,pKI,5.59999938302362,NM,CCOc1nc(NC(=O)C)cc(N)c1C#N
CHEMBL1682553,DYSRECIVMDGUQU-UHFFFAOYSA-N,,,P42685,TYROSINE-PROTEIN KINASE FRK,FRK,,pKI,7.50003813440381,NM,CC(C)Nc1c(nc2ncccn12)c3ccc4[nH]ncc4c3
CHEMBL1975256,DZCWNAMURCVSNJ-UHFFFAOYSA-N,,,P42685,TYROSINE-PROTEIN KINASE FRK,FRK,,pKI,5.59999938302362,NM,Nc1nonc1n2nnc(C(=O)NN=Cc3cccs3)c2c4cccs4
CHEMBL1966425,DZGATJHVQUFYSK-UHFFFAOYSA-N,,,P42685,TYROSINE-PROTEIN KINASE FRK,FRK,,pKI,5.59999938302362,NM,CN(C)CCCOc1cc2C(=O)NCc2c(c1)c3ccc(Nc4oc5ccccc5n4)cc3
CHEMBL196363,DZSUJUOJJJCWGG-UHFFFAOYSA-N,,,P42685,TYROSINE-PROTEIN KINASE FRK,FRK,21336281.0,pKI,7.4089353929735005,NM,Cc1cccc(NC(=O)Nc2ccc(cc2)c3csc4ncnc(N)c34)c1
CHEMBL196363,DZSUJUOJJJCWGG-UHFFFAOYSA-N,,,P42685,TYROSINE-PROTEIN KINASE FRK,FRK,,pKI,7.400007822415902,NM,Cc1cccc(NC(=O)Nc2ccc(cc2)c3csc4ncnc(N)c34)c1
CHEMBL1958401,FAIHBCXQSBIRIL-UHFFFAOYSA-N,,,P42685,TYROSINE-PROTEIN KINASE FRK,FRK,,pKI,5.59999938302362,NM,O=C1NC(=NC(=C1)c2ccncc2)NC3CCCCC3
CHEMBL482767,FAYAUAZLLLJJGH-UHFFFAOYSA-N,SNS-314,,P42685,TYROSINE-PROTEIN KINASE FRK,FRK,,pKI,6.799998134593398,NM,OC(=Nc1cccc(Cl)c1)Nc2ncc(CCN=C3NC=Nc4ccsc34)s2
CHEMBL1980142,FBWWNLBZZFVRQY-UHFFFAOYSA-N,,,P42685,TYROSINE-PROTEIN KINASE FRK,FRK,,pKI,5.59999938302362,NM,FC(F)(F)c1cccc(NC(=O)Nc2ccnc3c(cccc23)C(F)(F)F)n1
CHEMBL1986970,FDBPGAHVEGEARY-UHFFFAOYSA-N,,,P42685,TYROSINE-PROTEIN KINASE FRK,FRK,,pKI,5.59999938302362,NM,COCCN(C)C(=O)c1c(nnn1Cc2ccccc2)c3ccc4[nH]ncc4c3
CHEMBL1965589,FFQQZBOORWKWDZ-UHFFFAOYSA-N,,,P42685,TYROSINE-PROTEIN KINASE FRK,FRK,,pKI,5.59999938302362,NM,Cc1nccn2c(c3ccnc(NCC4(O)CC4)n3)c(nc12)c5ccc(F)cc5F
CHEMBL1994538,FGLPGUCHBHILNS-UHFFFAOYSA-N,,,P42685,TYROSINE-PROTEIN KINASE FRK,FRK,,pKI,5.59999938302362,NM,FC(F)(F)c1cccc2c(NC(=O)Nc3cnccn3)ccnc12
CHEMBL1990904,FGWOKLCRQJXPPQ-UHFFFAOYSA-N,,,P42685,TYROSINE-PROTEIN KINASE FRK,FRK,,pKI,6.299997602857746,NM,Fc1ccc(cc1)c2nc3cnccn3c2c4ccnc(NCC5CC5)n4
CHEMBL1966722,FPQHXFMYXQZPSV-UHFFFAOYSA-N,,,P42685,TYROSINE-PROTEIN KINASE FRK,FRK,,pKI,5.59999938302362,NM,OC(C(=O)NNC(=S)Nc1ccc(Cl)cc1)(c2ccccc2)c3ccccc3
CHEMBL1979318,FQBWBTKXLRVHDG-UHFFFAOYSA-N,,,P42685,TYROSINE-PROTEIN KINASE FRK,FRK,,pKI,5.59999938302362,NM,Cc1n[nH]c2OC(=C(C#N)C(c3ccccc3I)c12)N
CHEMBL1966343,FQEODTMNWMDUMD-UHFFFAOYSA-N,,,P42685,TYROSINE-PROTEIN KINASE FRK,FRK,,pKI,5.59999938302362,NM,CC(C)Cc1cc(on1)c2ccc3[nH]nc(N)c3c2
CHEMBL1985074,FSWFKKQQSQHIRZ-UHFFFAOYSA-N,,,P42685,TYROSINE-PROTEIN KINASE FRK,FRK,,pKI,5.59999938302362,NM,CSc1ccc2nc3C(=O)NCCc3c(Cl)c2c1
CHEMBL1986943,FUMCKNCUEAQHCV-UHFFFAOYSA-N,,,P42685,TYROSINE-PROTEIN KINASE FRK,FRK,,pKI,6.399996913372259,NM,OC1CCC(CC1)Nc2nc(Cl)cc(n2)c3c[nH]c4ncccc34
CHEMBL1966279,FUSGHFKTWQRWPV-UHFFFAOYSA-N,,,P42685,TYROSINE-PROTEIN KINASE FRK,FRK,,pKI,5.59999938302362,NM,NCCCNS(=O)(=O)c1cccc(c1)C(=O)Nc2ccc(cc2)C3=NNC(=O)c4ccccc34
CHEMBL1971149,FXGYCYAFWHJUAS-UHFFFAOYSA-N,,,P42685,TYROSINE-PROTEIN KINASE FRK,FRK,,pKI,5.59999938302362,NM,Cc1nccn2c(c3ccnc(NCC(C)(C)C(=O)O)n3)c(nc12)c4ccc(F)cc4F
CHEMBL2004771,FXQWJULRETZHHW-UHFFFAOYSA-N,,,P42685,TYROSINE-PROTEIN KINASE FRK,FRK,,pKI,5.59999938302362,NM,O=C1NCc2c1cccc2c3ccc(Nc4oc5ccccc5n4)cc3
CHEMBL2001920,FYYNFIZWOMBUTO-UHFFFAOYSA-N,,,P42685,TYROSINE-PROTEIN KINASE FRK,FRK,,pKI,5.59999938302362,NM,Brc1ccc2NC(=O)C(=C3SC(=S)NC3=O)c2c1
CHEMBL396523,GCBJDOWIQHMCMR-UHFFFAOYSA-N,,,P42685,TYROSINE-PROTEIN KINASE FRK,FRK,21336281.0,pKI,7.200659450546418,NM,OC(=O)c1ccccc1Nc2ccnc(Nc3ccc4[nH]ncc4c3)n2
CHEMBL396523,GCBJDOWIQHMCMR-UHFFFAOYSA-N,,,P42685,TYROSINE-PROTEIN KINASE FRK,FRK,,pKI,7.199970640755866,NM,OC(=O)c1ccccc1Nc2ccnc(Nc3ccc4[nH]ncc4c3)n2
CHEMBL1973540,GCYXEGSPUDSZJY-UHFFFAOYSA-N,,,P42685,TYROSINE-PROTEIN KINASE FRK,FRK,,pKI,7.50003813440381,NM,O=C1Nc2ccc3ncsc3c2C1=CNc4ccc(cc4)S(=O)(=O)Nc5ccccn5
CHEMBL2007002,GCZJQTRRJPRFIP-UHFFFAOYSA-N,,,P42685,TYROSINE-PROTEIN KINASE FRK,FRK,,pKI,5.59999938302362,NM,COc1cc(ccc1O)c2ccc3[nH]nc(C(=O)Nc4ccccc4)c3c2
CHEMBL1996817,GDYZFFBMSBDTAA-UHFFFAOYSA-N,,,P42685,TYROSINE-PROTEIN KINASE FRK,FRK,,pKI,6.799998134593398,NM,CCCCOc1ncnc2[nH]cc(c3ccccc3)c12
CHEMBL404367,GEGCXGMFUYJULA-UHFFFAOYSA-N,,,P42685,TYROSINE-PROTEIN KINASE FRK,FRK,21336281.0,pKI,7.102372908709558,NM,Cc1cccc(NC(=O)Nc2ccc(cc2)c3cncc4c3c(N)nn4C)c1
CHEMBL404367,GEGCXGMFUYJULA-UHFFFAOYSA-N,,,P42685,TYROSINE-PROTEIN KINASE FRK,FRK,,pKI,7.100015437450609,NM,Cc1cccc(NC(=O)Nc2ccc(cc2)c3cncc4c3c(N)nn4C)c1
CHEMBL1986328,GFOMFROIIBQABZ-UHFFFAOYSA-N,,,P42685,TYROSINE-PROTEIN KINASE FRK,FRK,,pKI,5.59999938302362,NM,CN(C)C(=O)Nc1ccc2nc(c3occc3)c(nc2c1)c4occc4
CHEMBL1976455,GHAZVJQMLWOQLP-UHFFFAOYSA-N,,,P42685,TYROSINE-PROTEIN KINASE FRK,FRK,,pKI,5.59999938302362,NM,FC(F)(F)c1ccc2nccc(NC(=O)Nc3cnccn3)c2c1
CHEMBL2005186,GKHIVNAUVKXIIY-UHFFFAOYSA-N,KD-025,,P42685,TYROSINE-PROTEIN KINASE FRK,FRK,,pKI,5.59999938302362,NM,CC(C)NC(=O)COc1cccc(c1)c2nc(Nc3ccc4[nH]ncc4c3)c5ccccc5n2
CHEMBL1988537,GLMWKEAUVZDGKE-UHFFFAOYSA-N,,,P42685,TYROSINE-PROTEIN KINASE FRK,FRK,,pKI,5.899998417198648,NM,COc1ccc(cc1)C(=O)N2c3ccccc3Sc4c(Cl)cncc24
CHEMBL1986869,GMDDDBPJXVXQKN-UHFFFAOYSA-N,,,P42685,TYROSINE-PROTEIN KINASE FRK,FRK,,pKI,5.59999938302362,NM,Cc1csc(NC(=O)c2sc3nc(ccc3c2N)c4ccncc4)n1
CHEMBL394619,GMYYMEOGFRKSFS-UHFFFAOYSA-N,,,P42685,TYROSINE-PROTEIN KINASE FRK,FRK,21336281.0,pKI,6.600326278518962,NM,Cc1cccc(NC(=O)Nc2ccc(cc2)c3csc4ccnc(N)c34)c1
CHEMBL394619,GMYYMEOGFRKSFS-UHFFFAOYSA-N,,,P42685,TYROSINE-PROTEIN KINASE FRK,FRK,,pKI,6.599997654072044,NM,Cc1cccc(NC(=O)Nc2ccc(cc2)c3csc4ccnc(N)c34)c1
CHEMBL1997340,GNZPMJDEUIVORU-UHFFFAOYSA-N,,,P42685,TYROSINE-PROTEIN KINASE FRK,FRK,,pKI,5.59999938302362,NM,OC1CCCN(C1)C(=O)c2cc(on2)c3ccc4[nH]ncc4c3
CHEMBL1982361,GPKQGYSDQQIJLW-UHFFFAOYSA-N,,,P42685,TYROSINE-PROTEIN KINASE FRK,FRK,,pKI,5.59999938302362,NM,Fc1ccccc1CNC2=C(Nc3ccncc3)C(=O)C2=O
CHEMBL482967,GPSZYOIFQZPWEJ-UHFFFAOYSA-N,CYC-116,,P42685,TYROSINE-PROTEIN KINASE FRK,FRK,21336281.0,pKI,6.801342913045577,NM,Cc1nc(N)sc1c2ccnc(Nc3ccc(cc3)N4CCOCC4)n2
CHEMBL482967,GPSZYOIFQZPWEJ-UHFFFAOYSA-N,CYC-116,,P42685,TYROSINE-PROTEIN KINASE FRK,FRK,,pKI,6.799998134593398,NM,Cc1nc(N)sc1c2ccnc(Nc3ccc(cc3)N4CCOCC4)n2
CHEMBL1970189,GPWYRDPTGJYJNL-UHFFFAOYSA-N,,,P42685,TYROSINE-PROTEIN KINASE FRK,FRK,,pKI,5.59999938302362,NM,Cc1n[nH]c2OC(=C(C#N)C(c3ccccc3Cl)c12)N
CHEMBL1968791,GQGMUKOYILWOIQ-UHFFFAOYSA-N,,,P42685,TYROSINE-PROTEIN KINASE FRK,FRK,,pKI,7.599980364934842,NM,Cc1c(c2cccc(OCc3ccccc3)c2)c4c(N)ncnc4n1C5CC(CN6CCCC6)C5
CHEMBL1979252,GQHMZZXJWGPHDA-UHFFFAOYSA-N,,,P42685,TYROSINE-PROTEIN KINASE FRK,FRK,,pKI,5.59999938302362,NM,FC(F)(F)c1cccc(CNC2=C(Nc3ccncc3)C(=O)C2=O)c1
CHEMBL1987009,GQLWKGVBOIYMTN-UHFFFAOYSA-N,,,P42685,TYROSINE-PROTEIN KINASE FRK,FRK,,pKI,5.59999938302362,NM,COc1cccc(CNC(=O)c2cc3c(n[nH]c3s2)c4ccccc4)c1
CHEMBL1974310,GUMBHNMWKMFKRT-UHFFFAOYSA-N,,,P42685,TYROSINE-PROTEIN KINASE FRK,FRK,,pKI,6.399996913372259,NM,NC(=O)c1cc2c(cncc2s1)c3ccc(F)cc3
CHEMBL1983963,GWMATETWMAQOFL-UHFFFAOYSA-N,,,P42685,TYROSINE-PROTEIN KINASE FRK,FRK,,pKI,6.900008766455316,NM,Cc1cccc(NC(=O)Nc2ccc(cc2)c3coc4ncnc(N)c34)c1
CHEMBL1972584,GXJSLIOOPZRPEV-UHFFFAOYSA-N,,,P42685,TYROSINE-PROTEIN KINASE FRK,FRK,,pKI,7.50003813440381,NM,CC(=O)N1CCN(CC1)C2CCC(CC2)n3nc(c4ccc(NC(=O)c5cc6ccccc6n5C)cc4)c7c(N)ncnc37
CHEMBL1982866,HAWCKXFSLRGWOK-UHFFFAOYSA-N,,,P42685,TYROSINE-PROTEIN KINASE FRK,FRK,,pKI,5.800000874803203,NM,COCCn1cc(c2ccncn2)c(n1)c3ccc(Cl)cc3
CHEMBL1983268,HAYYBYPASCDWEQ-UHFFFAOYSA-N,ENTRECTINIB,,P42685,TYROSINE-PROTEIN KINASE FRK,FRK,,pKI,7.79997073344623,NM,CN1CCN(CC1)c2ccc(C(=O)Nc3n[nH]c4ccc(Cc5cc(F)cc(F)c5)cc34)c(NC6CCOCC6)c2
CHEMBL2004311,HCNIBOQWDVOZKF-UHFFFAOYSA-N,,,P42685,TYROSINE-PROTEIN KINASE FRK,FRK,,pKI,7.700057099977233,NM,Cc1cc(C)cc(NC(=O)Nc2ccc(c(C)c2)c3cccc4C(=O)NCc34)c1
CHEMBL1975534,HDEZJSLYUKYKAZ-UHFFFAOYSA-N,,,P42685,TYROSINE-PROTEIN KINASE FRK,FRK,,pKI,5.59999938302362,NM,NCC(O)C(O)Cn1cc(I)c2c(N)ncnc12
CHEMBL1972276,HDIIEJQPCDNNML-UHFFFAOYSA-N,,,P42685,TYROSINE-PROTEIN KINASE FRK,FRK,,pKI,5.59999938302362,NM,CCN(CC)CCCNc1cccc(n1)c2nc3c(cccc3[nH]2)C(=O)N
CHEMBL363648,HEKAIDKUDLCBRU-UHFFFAOYSA-N,TAK-715,TPKI-107,P42685,TYROSINE-PROTEIN KINASE FRK,FRK,21336281.0,pKI,6.400116927926312,NM,CCc1nc(c2cccc(C)c2)c(s1)c3ccnc(NC(=O)c4ccccc4)c3
CHEMBL363648,HEKAIDKUDLCBRU-UHFFFAOYSA-N,TAK-715,TPKI-107,P42685,TYROSINE-PROTEIN KINASE FRK,FRK,,pKI,6.399996913372259,NM,CCc1nc(c2cccc(C)c2)c(s1)c3ccnc(NC(=O)c4ccccc4)c3
CHEMBL1970104,HEUSUIRCBWROMH-UHFFFAOYSA-N,,,P42685,TYROSINE-PROTEIN KINASE FRK,FRK,,pKI,6.199998172182031,NM,CC(C)(C)c1ccc2nc([nH]c2c1)c3n[nH]c4ccccc34
CHEMBL1984191,HHHWHXLLZCRLAO-UHFFFAOYSA-N,,,P42685,TYROSINE-PROTEIN KINASE FRK,FRK,,pKI,6.499996931948306,NM,Clc1ccc(cc1Cl)c2n[nH]cc2c3ccncn3
CHEMBL1977681,HHSVICUMCOBRPT-UHFFFAOYSA-N,,,P42685,TYROSINE-PROTEIN KINASE FRK,FRK,,pKI,5.59999938302362,NM,CNC(=O)c1cc2c(n[nH]c2s1)c3ccccc3F
CHEMBL255863,HHZIURLSWUIHRB-UHFFFAOYSA-N,NILOTINIB,,P42685,TYROSINE-PROTEIN KINASE FRK,FRK,16492761.0,pKI,5.3260580013659125,NM,Cc1cn(cn1)c2cc(NC(=O)c3ccc(C)c(Nc4nccc(n4)c5cccnc5)c3)cc(c2)C(F)(F)F
CHEMBL2006237,HKRUFMXPSVYVMY-UHFFFAOYSA-N,,,P42685,TYROSINE-PROTEIN KINASE FRK,FRK,,pKI,5.59999938302362,NM,CN1CCN(CCCNc2cccc(n2)c3nc4c(cccc4[nH]3)C(=O)N)CC1
CHEMBL1966808,HMKKDSBJGMESJD-UHFFFAOYSA-N,,,P42685,TYROSINE-PROTEIN KINASE FRK,FRK,,pKI,5.59999938302362,NM,O=C1Nc2sc3CCCCc3c2c4nc(nn14)c5ccncc5
CHEMBL1974288,HNXJWWRRSGDVIW-UHFFFAOYSA-N,,,P42685,TYROSINE-PROTEIN KINASE FRK,FRK,,pKI,5.59999938302362,NM,OCC(NC(=O)c1ccc(cc1)c2ccncc2)c3ccccc3
CHEMBL1982122,HOBMVEVXDIOMDM-UHFFFAOYSA-N,,,P42685,TYROSINE-PROTEIN KINASE FRK,FRK,,pKI,5.59999938302362,NM,OCCC(Nc1nc2ccc(cc2s1)c3ccncc3)c4ccccc4
CHEMBL1965351,HSKAZIJJKRAJAV-UHFFFAOYSA-N,,,P42685,TYROSINE-PROTEIN KINASE FRK,FRK,,pKI,5.800000874803203,NM,Cc1cccc(C=NNc2cc(nc(OCCc3ccccn3)n2)N4CCOCC4)c1
CHEMBL1975138,HSKVRPZJBMXFDX-UHFFFAOYSA-N,,,P42685,TYROSINE-PROTEIN KINASE FRK,FRK,,pKI,5.59999938302362,NM,OC(C(=O)NNC(=S)Nc1ccc(F)cc1)(c2ccccc2)c3ccccc3
CHEMBL1968705,HTROFVQKJODSCL-UHFFFAOYSA-N,,,P42685,TYROSINE-PROTEIN KINASE FRK,FRK,,pKI,5.59999938302362,NM,CCCC(=O)Nc1cccc(c1)c2nc(Nc3ccc4[nH]ncc4c3)c5cc(OCCN6CCCC6)ccc5n2
CHEMBL2001957,HUXSWYWELGEQNC-UHFFFAOYSA-N,,,P42685,TYROSINE-PROTEIN KINASE FRK,FRK,,pKI,5.59999938302362,NM,CC(C)(CO)CNc1nccc(n1)c2c(nc3c(OCC(F)(F)F)nccn23)c4ccc(F)cc4
CHEMBL1978014,HWGZXYUOXGVACR-UHFFFAOYSA-N,,,P42685,TYROSINE-PROTEIN KINASE FRK,FRK,,pKI,5.59999938302362,NM,CN1CCC(CC1)C(=O)n2nc(N)c3cc(ccc23)c4cn(Cc5ccccc5)nn4
CHEMBL2003341,HXDDWVMJYDULAZ-UHFFFAOYSA-N,,,P42685,TYROSINE-PROTEIN KINASE FRK,FRK,,pKI,5.59999938302362,NM,OCC(NC(=O)c1ccc(cc1)c2ccncc2)c3cc(Cl)cc(Cl)c3
CHEMBL253969,HXHAJRMTJXHJJZ-UHFFFAOYSA-N,OSI-632,,P42685,TYROSINE-PROTEIN KINASE FRK,FRK,21336281.0,pKI,7.6020599913279625,NM,NC(=O)c1c(NC(=O)NCCCCN2CCCC2)snc1OCc3c(F)cc(Br)cc3F
CHEMBL253969,HXHAJRMTJXHJJZ-UHFFFAOYSA-N,OSI-632,,P42685,TYROSINE-PROTEIN KINASE FRK,FRK,,pKI,7.599980364934842,NM,NC(=O)c1c(NC(=O)NCCCCN2CCCC2)snc1OCc3c(F)cc(Br)cc3F
CHEMBL468280,HXWWNIUEVOHPKT-UHFFFAOYSA-N,,,P42685,TYROSINE-PROTEIN KINASE FRK,FRK,21336281.0,pKI,5.600153287287077,NM,CCN1C2=C(C(=O)ON2)C(=O)c3cc(F)c(Cl)cc13
CHEMBL468280,HXWWNIUEVOHPKT-UHFFFAOYSA-N,,,P42685,TYROSINE-PROTEIN KINASE FRK,FRK,,pKI,5.59999938302362,NM,CCN1C2=C(C(=O)ON2)C(=O)c3cc(F)c(Cl)cc13
CHEMBL1970203,IAKGNUWZPSPEKU-UHFFFAOYSA-N,,,P42685,TYROSINE-PROTEIN KINASE FRK,FRK,,pKI,5.59999938302362,NM,Cc1cc(C)cc(NC(=O)Nc2ccc(NC(=O)c3csc4ncnc(N)c34)cc2)c1
CHEMBL1969735,ICDHVAJOGIGIOI-UHFFFAOYSA-N,,,P42685,TYROSINE-PROTEIN KINASE FRK,FRK,,pKI,5.59999938302362,NM,CC(C)(CO)CNc1nccc(n1)c2c(nc3c(Cl)nccn23)c4ccc(F)cc4
CHEMBL1977346,IFQICUARAXVEIQ-UHFFFAOYSA-N,,,P42685,TYROSINE-PROTEIN KINASE FRK,FRK,,pKI,5.59999938302362,NM,Ic1cc2C(=O)Nc3ccccc3Nc2nn1
CHEMBL1614705,IGGNAIYXGIUMQZ-UHFFFAOYSA-N,,,P42685,TYROSINE-PROTEIN KINASE FRK,FRK,,pKI,6.299997602857746,NM,OCC(=O)N1CCC(CC1)c2[nH]nc(c3ccc(Cl)cc3F)c2c4ccncn4
CHEMBL1982563,IILNBGZKSQQREW-UHFFFAOYSA-N,,,P42685,TYROSINE-PROTEIN KINASE FRK,FRK,,pKI,5.59999938302362,NM,COCC(C)(C)CNc1nccc(n1)c2c(nc3c(C)nccn23)c4ccc(F)cc4
CHEMBL1985095,IJNGXROUMFEKDB-UHFFFAOYSA-N,,,P42685,TYROSINE-PROTEIN KINASE FRK,FRK,,pKI,5.59999938302362,NM,NC(=O)Cn1cc(c2cc(c3cc4ccccc4s3)c5[nH]ncc5c2)c6nc(N)ncc16
CHEMBL2000568,IJRBJCMLWLFMIN-UHFFFAOYSA-N,,,P42685,TYROSINE-PROTEIN KINASE FRK,FRK,,pKI,5.59999938302362,NM,CC(=O)c1cccc(c1)c2cnc3[nH]ccc3c2
CHEMBL2004892,IJVDETPCUCZHTR-UHFFFAOYSA-N,,,P42685,TYROSINE-PROTEIN KINASE FRK,FRK,,pKI,5.59999938302362,NM,CS(=O)(=O)Nc1ccc(cc1)c2ccc3[nH]nc(N)c3c2
CHEMBL1988153,IMHKMKWSWHFKTM-UHFFFAOYSA-N,,,P42685,TYROSINE-PROTEIN KINASE FRK,FRK,,pKI,5.59999938302362,NM,Cc1oc(nn1)c2cc3c(Oc4ccc(cc4)C(F)(F)F)cncc3s2
CHEMBL1973893,IMMZLRQJNZSTTE-UHFFFAOYSA-N,,,P42685,TYROSINE-PROTEIN KINASE FRK,FRK,,pKI,5.59999938302362,NM,CCCS(=O)(=O)Nc1ccc(cc1)c2ccc3[nH]nc(NC(=O)C)c3c2
CHEMBL491758,IOBVCHJTLVPPBR-UHFFFAOYSA-N,,,P42685,TYROSINE-PROTEIN KINASE FRK,FRK,21336281.0,pKI,6.100179497572904,NM,Fc1cnc(Nc2ccccc2)nc1Nc3ccccc3
CHEMBL491758,IOBVCHJTLVPPBR-UHFFFAOYSA-N,,,P42685,TYROSINE-PROTEIN KINASE FRK,FRK,,pKI,6.0999990348465305,NM,Fc1cnc(Nc2ccccc2)nc1Nc3ccccc3
CHEMBL1986186,IQNOGQGSOHNMCL-UHFFFAOYSA-N,,,P42685,TYROSINE-PROTEIN KINASE FRK,FRK,,pKI,5.59999938302362,NM,CC(NC1=C(Nc2ccncc2)C(=O)C1=O)C(C)(C)C
CHEMBL1969843,ISEDKXOMRIKZPK-UHFFFAOYSA-N,,,P42685,TYROSINE-PROTEIN KINASE FRK,FRK,,pKI,5.59999938302362,NM,C(C1CCOCC1)n2cc(nn2)c3ccc4[nH]ncc4c3
CHEMBL1984586,ISVHLTLEHRZKJC-UHFFFAOYSA-N,,,P42685,TYROSINE-PROTEIN KINASE FRK,FRK,,pKI,6.399996913372259,NM,Cc1ccccc1NC(=O)Nc2ccc(cc2)c3coc4ncnc(N)c34
CHEMBL481491,ITAJXWHXKVYGCF-UHFFFAOYSA-N,,,P42685,TYROSINE-PROTEIN KINASE FRK,FRK,21336281.0,pKI,5.600153287287077,NM,NC(=O)c1sc(cc1OCc2ccccc2C(F)(F)F)n3cnc4ccccc34
CHEMBL481491,ITAJXWHXKVYGCF-UHFFFAOYSA-N,,,P42685,TYROSINE-PROTEIN KINASE FRK,FRK,,pKI,5.59999938302362,NM,NC(=O)c1sc(cc1OCc2ccccc2C(F)(F)F)n3cnc4ccccc34
CHEMBL1998193,ITCZKQCXYLHNFX-UHFFFAOYSA-N,,,P42685,TYROSINE-PROTEIN KINASE FRK,FRK,,pKI,5.59999938302362,NM,O=C(NCCCCCCNC(=O)Nc1cccnc1)Nc2cccnc2
CHEMBL1976090,IUEBPIPDFMCSTP-UHFFFAOYSA-N,,,P42685,TYROSINE-PROTEIN KINASE FRK,FRK,,pKI,5.59999938302362,NM,Nc1ncnc2c1sc3ncnc(N)c23
CHEMBL2001239,IUUVJFSKAMMCEA-UHFFFAOYSA-N,,,P42685,TYROSINE-PROTEIN KINASE FRK,FRK,,pKI,5.59999938302362,NM,Nc1ncnc(Nc2cc(CNC(=O)C(F)(F)F)c(O)c(c2)c3ccc(Cl)cc3)n1
CHEMBL1972142,IZAVTOABECKIDH-UHFFFAOYSA-N,,,P42685,TYROSINE-PROTEIN KINASE FRK,FRK,,pKI,5.59999938302362,NM,O=C(NCc1ccccc1)c2cccc(c2)c3cnc4[nH]ccc4c3
CHEMBL539474,JCFJQIHDZHHMQT-UHFFFAOYSA-N,,,P42685,TYROSINE-PROTEIN KINASE FRK,FRK,21336281.0,pKI,5.600153287287077,NM,O=C1CCCN1Cc2ccc3c(NC(=O)c4cccn34)c2
CHEMBL539474,JCFJQIHDZHHMQT-UHFFFAOYSA-N,,,P42685,TYROSINE-PROTEIN KINASE FRK,FRK,,pKI,5.59999938302362,NM,O=C1CCCN1Cc2ccc3c(NC(=O)c4cccn34)c2
CHEMBL2004692,JCTPJYZESAMIGH-UHFFFAOYSA-N,,,P42685,TYROSINE-PROTEIN KINASE FRK,FRK,,pKI,5.59999938302362,NM,Nc1nonc1n2nnc(C(=O)NN=Cc3cccs3)c2c4ccccc4
CHEMBL2000801,JCZBWICLNFNCMR-UHFFFAOYSA-N,,,P42685,TYROSINE-PROTEIN KINASE FRK,FRK,,pKI,6.0999990348465305,NM,Fc1ccc(NC(=O)Nc2ccc(cc2)c3cccc4sncc34)cc1C(F)(F)F
CHEMBL1973808,JGKVEXCUPFIDIE-UHFFFAOYSA-N,,,P42685,TYROSINE-PROTEIN KINASE FRK,FRK,,pKI,5.59999938302362,NM,Clc1ccc(cc1)C(=O)Nc2ccc3[nH]ncc3c2
CHEMBL1969755,JIFGOPCFXJIPNK-UHFFFAOYSA-N,,,P42685,TYROSINE-PROTEIN KINASE FRK,FRK,,pKI,5.59999938302362,NM,OCC(Cc1ccccc1)NC(=O)c2ccc(cc2F)c3ccncc3
CHEMBL1964290,JJJSCYSPSKBQAX-UHFFFAOYSA-N,,,P42685,TYROSINE-PROTEIN KINASE FRK,FRK,,pKI,5.899998417198648,NM,Cc1cccc(c1C)c2[nH]c(cc2C(=O)N)c3ccnc(N)n3
CHEMBL1973348,JMSLHIHVUFAAJQ-UHFFFAOYSA-N,,,P42685,TYROSINE-PROTEIN KINASE FRK,FRK,,pKI,5.59999938302362,NM,NC(COc1cncc(c1)c2ccc(N)c(c2)C(=O)c3cccc(Cl)c3)Cc4c[nH]c5ccccc45
CHEMBL1970522,JOIUJUJSHIHBDT-UHFFFAOYSA-N,,,P42685,TYROSINE-PROTEIN KINASE FRK,FRK,,pKI,5.59999938302362,NM,COc1cc(C=C2SC(=Nc3ccccc3)NC2=O)ccc1O
CHEMBL1972820,JOSOUQLGXHXQDR-UHFFFAOYSA-N,,,P42685,TYROSINE-PROTEIN KINASE FRK,FRK,,pKI,5.59999938302362,NM,OC(=O)c1ccc(cc1O)N2C(=O)c3ccccc3C2=O
CHEMBL1975121,JRVSFZKYQCETAH-UHFFFAOYSA-N,,,P42685,TYROSINE-PROTEIN KINASE FRK,FRK,,pKI,5.59999938302362,NM,COc1cccc(c1)C(C)NC(=O)c2ccc(cc2)c3ccncc3
CHEMBL1993243,JSDGKSMNPHJDFK-UHFFFAOYSA-N,,,P42685,TYROSINE-PROTEIN KINASE FRK,FRK,,pKI,7.79997073344623,NM,CNC(=O)C=Cc1cnc(N)c2c(csc12)c3ccc4OCOc4c3
CHEMBL210928,JUKUQWGWZSESAV-UHFFFAOYSA-N,,,P42685,TYROSINE-PROTEIN KINASE FRK,FRK,21336281.0,pKI,5.800244822746525,NM,CCOc1nc(NC(=O)Cc2cc(OC)c(cc2OC)S(=O)(=O)C)cc(N)c1Cl
CHEMBL210928,JUKUQWGWZSESAV-UHFFFAOYSA-N,,,P42685,TYROSINE-PROTEIN KINASE FRK,FRK,,pKI,5.800000874803203,NM,CCOc1nc(NC(=O)Cc2cc(OC)c(cc2OC)S(=O)(=O)C)cc(N)c1Cl
CHEMBL1190711,JWQOJVOKBAAAAR-UHFFFAOYSA-N,BAY-613606,,P42685,TYROSINE-PROTEIN KINASE FRK,FRK,,pKI,5.59999938302362,NM,COc1ccc(cc1OC)c2cc3nccn3c(Nc4ncccc4C(=O)N)n2
CHEMBL1972489,JXINXBYTGKRURK-UHFFFAOYSA-N,,,P42685,TYROSINE-PROTEIN KINASE FRK,FRK,,pKI,5.59999938302362,NM,Clc1ccc(cc1)C(=O)Nc2ccc3cn[nH]c3c2
CHEMBL1971021,JXNMCDLXYWQTIW-UHFFFAOYSA-N,,,P42685,TYROSINE-PROTEIN KINASE FRK,FRK,,pKI,7.50003813440381,NM,Cc1cc(C)cc(NC(=O)Nc2ccc(c3cccc4C(=O)NCc34)c(c2)C(F)(F)F)c1
CHEMBL1984038,JYRQCAFYZKCCBK-UHFFFAOYSA-N,,,P42685,TYROSINE-PROTEIN KINASE FRK,FRK,,pKI,5.59999938302362,NM,COc1cc(cc(OC)c1OC)c2ccc3Nc4cc(ccc4C(=O)Nc3c2)c5ccccc5NS(=O)(=O)C
CHEMBL1974328,JZTOUVBEZONDKA-UHFFFAOYSA-N,,,P42685,TYROSINE-PROTEIN KINASE FRK,FRK,,pKI,8.0,NM,Cc1cccc(Nc2nc(NC3CCCCC3N)cnc2C(=O)N)c1
CHEMBL1989474,JZVUYHDTYQWBFB-UHFFFAOYSA-N,,,P42685,TYROSINE-PROTEIN KINASE FRK,FRK,,pKI,5.59999938302362,NM,Cn1cc(c2ccncn2)c(n1)c3ccc(F)cc3
CHEMBL2003286,KAICHBSRWFIESE-UHFFFAOYSA-N,,,P42685,TYROSINE-PROTEIN KINASE FRK,FRK,,pKI,5.59999938302362,NM,COc1cc(C=C2SC(=O)NC2=O)ccc1O
CHEMBL1997764,KAKFXRYHYUPXSU-UHFFFAOYSA-N,,,P42685,TYROSINE-PROTEIN KINASE FRK,FRK,,pKI,5.59999938302362,NM,COc1ccc(cc1)C(=O)Nc2cnc3[nH]cc(c4ccccc4)c3c2
CHEMBL1987679,KAKGFGCTONHQJW-UHFFFAOYSA-N,,,P42685,TYROSINE-PROTEIN KINASE FRK,FRK,,pKI,5.59999938302362,NM,NC(COc1cncc(c1)c2ccc3NC(=O)Oc3c2)Cc4c[nH]c5ccccc45
CHEMBL2000429,KBFBKKNSHPUFET-UHFFFAOYSA-N,,,P42685,TYROSINE-PROTEIN KINASE FRK,FRK,,pKI,5.59999938302362,NM,CC(C)Oc1nccn2c(c3ccnc(NCC(C)(C)CO)n3)c(nc12)c4ccc(F)cc4F
CHEMBL1986499,KCKXYZOBGBJZEG-UHFFFAOYSA-N,,,P42685,TYROSINE-PROTEIN KINASE FRK,FRK,,pKI,5.800000874803203,NM,Nc1n[nH]c2ccc(cc12)c3nnn(Cc4ccccc4)c3c5ccc(F)cc5
CHEMBL1969506,KCLZJAVIQDVQCK-UHFFFAOYSA-N,,,P42685,TYROSINE-PROTEIN KINASE FRK,FRK,,pKI,5.59999938302362,NM,CC(C)(C)OC(=O)n1ncc2cc(NC3=C(NCc4ccc(cc4)S(=O)(=O)N)C(=O)C3=O)ccc12
CHEMBL1986530,KIUHBHFVVQQALF-UHFFFAOYSA-N,,,P42685,TYROSINE-PROTEIN KINASE FRK,FRK,,pKI,5.59999938302362,NM,Fc1ccc(CC2=NNC(=O)C3=C2CCCC3)cc1C(=O)N4CCN(CC4)c5ncccn5
CHEMBL1985092,KJVWCDAPVMWKLJ-UHFFFAOYSA-N,,,P42685,TYROSINE-PROTEIN KINASE FRK,FRK,,pKI,5.899998417198648,NM,Oc1ccc(cc1)c2n[nH]c(Nc3cccc(Cl)c3)c2c4ccc(O)cc4
CHEMBL1230122,KKKRKRMVJRHDMG-UHFFFAOYSA-N,R-1487,,P42685,TYROSINE-PROTEIN KINASE FRK,FRK,,pKI,5.59999938302362,NM,CN1C(=O)C(=Cc2cnc(NC3CCOCC3)nc12)Oc4ccc(F)cc4F
CHEMBL2001547,KKWLJUDRBFHJPA-UHFFFAOYSA-N,,,P42685,TYROSINE-PROTEIN KINASE FRK,FRK,,pKI,5.59999938302362,NM,CCc1nccn2c(c3ccnc(NCC(C)(C)O)n3)c(nc12)c4ccc(F)cc4F
CHEMBL1991725,KNVOICXEDILAGT-UHFFFAOYSA-N,,,P42685,TYROSINE-PROTEIN KINASE FRK,FRK,,pKI,5.59999938302362,NM,CN(C)CC(=O)NC(COc1cncc(c1)c2ccc3cnccc3c2)Cc4c[nH]c5ccccc45
CHEMBL1996066,KOHNRDPXFDZZJF-UHFFFAOYSA-N,,,P42685,TYROSINE-PROTEIN KINASE FRK,FRK,,pKI,5.899998417198648,NM,Nc1nc2ccc(cc2n1c3nc(cs3)c4ccccc4)C#N
CHEMBL1972849,KOZOJNNVQMRVIW-UHFFFAOYSA-N,,,P42685,TYROSINE-PROTEIN KINASE FRK,FRK,,pKI,5.59999938302362,NM,CC(C)(CO)c1nnc2ccc(nn12)c3c(nc4occn34)c5ccc(F)cc5F
CHEMBL41783,KPVCGFZWGAYXMV-UHFFFAOYSA-N,,,P42685,TYROSINE-PROTEIN KINASE FRK,FRK,21336281.0,pKI,5.600153287287077,NM,CN(C)CCCC(=O)Nc1n[nH]c2nnc(cc12)c3cccc(F)c3F
CHEMBL41783,KPVCGFZWGAYXMV-UHFFFAOYSA-N,,,P42685,TYROSINE-PROTEIN KINASE FRK,FRK,,pKI,5.59999938302362,NM,CN(C)CCCC(=O)Nc1n[nH]c2nnc(cc12)c3cccc(F)c3F
CHEMBL1725279,KRIUNPBAQZGFQA-UHFFFAOYSA-N,SP-600125,,P42685,TYROSINE-PROTEIN KINASE FRK,FRK,,pKI,7.199970640755866,NM,Oc1c2ccccc2c3N=Nc4cccc1c34
CHEMBL1967878,KSOVGRCOLZZTPF-UHFFFAOYSA-N,CENISERTIB,,P42685,TYROSINE-PROTEIN KINASE FRK,FRK,,pKI,6.699991797446187,NM,CN1CCN(CC1)c2ccc(Nc3ncc(F)c(NC4C5CC(C=C5)C4C(=O)N)n3)cc2C
CHEMBL1825138,KTEIFNKAUNYNJU-UHFFFAOYSA-N,,,P42685,TYROSINE-PROTEIN KINASE FRK,FRK,,pKI,6.699991797446187,NM,CC(Oc1cc(cnc1N)c2cnn(c2)C3CCNCC3)c4c(Cl)ccc(F)c4Cl
CHEMBL1825138,KTEIFNKAUNYNJU-UHFFFAOYSA-N,,,P42685,TYROSINE-PROTEIN KINASE FRK,FRK,,pKI,6.499996931948306,NM,CC(Oc1cc(cnc1N)c2cnn(c2)C3CCNCC3)c4c(Cl)ccc(F)c4Cl
CHEMBL211378,KTQYQHLIMZOBSM-UHFFFAOYSA-N,,,P42685,TYROSINE-PROTEIN KINASE FRK,FRK,21336281.0,pKI,5.800244822746525,NM,Cc1cccc(NC(=O)Nc2ccc(cc2)c3noc4ncnc(N)c34)c1
CHEMBL211378,KTQYQHLIMZOBSM-UHFFFAOYSA-N,,,P42685,TYROSINE-PROTEIN KINASE FRK,FRK,,pKI,5.800000874803203,NM,Cc1cccc(NC(=O)Nc2ccc(cc2)c3noc4ncnc(N)c34)c1
CHEMBL1982506,KTRGYJLQTZDGPX-UHFFFAOYSA-N,,,P42685,TYROSINE-PROTEIN KINASE FRK,FRK,,pKI,5.59999938302362,NM,COc1cc2cnc3C(=O)NC(=O)c3c2cc1OC
CHEMBL941,KTUFNOKKBVMGRW-UHFFFAOYSA-N,IMATINIB,,P42685,TYROSINE-PROTEIN KINASE FRK,FRK,21336281.0,pKI,6.5003129173815966,NM,CN1CCN(Cc2ccc(cc2)C(=O)Nc3ccc(C)c(Nc4nccc(n4)c5cccnc5)c3)CC1
CHEMBL941,KTUFNOKKBVMGRW-UHFFFAOYSA-N,IMATINIB,,P42685,TYROSINE-PROTEIN KINASE FRK,FRK,16492761.0,pKI,5.0,NM,CN1CCN(Cc2ccc(cc2)C(=O)Nc3ccc(C)c(Nc4nccc(n4)c5cccnc5)c3)CC1
CHEMBL941,KTUFNOKKBVMGRW-UHFFFAOYSA-N,IMATINIB,,P42685,TYROSINE-PROTEIN KINASE FRK,FRK,,pKI,6.499996931948306,NM,CN1CCN(Cc2ccc(cc2)C(=O)Nc3ccc(C)c(Nc4nccc(n4)c5cccnc5)c3)CC1
CHEMBL1965507,KWRXWPRFIUJQBP-UHFFFAOYSA-N,,,P42685,TYROSINE-PROTEIN KINASE FRK,FRK,,pKI,5.59999938302362,NM,Cc1cccc(NC(=O)Nc2ccc(NC(=O)c3csc4ncnc(N)c34)cc2)c1
CHEMBL1980896,KWSZYBNXNYRQCC-UHFFFAOYSA-N,,,P42685,TYROSINE-PROTEIN KINASE FRK,FRK,,pKI,5.899998417198648,NM,Nc1ncnc2sc(Br)c(c3ccc(NC(=O)Cc4cccc(Cl)c4)cc3)c12
CHEMBL2002479,KXPWWMPXNUOYOH-UHFFFAOYSA-N,,,P42685,TYROSINE-PROTEIN KINASE FRK,FRK,,pKI,5.59999938302362,NM,NCCCOc1cc2C(=O)NCc2c(c1)c3ccc(Nc4oc5cc(Cl)ccc5n4)cc3
CHEMBL497151,KYACBMRLQMEIAI-UHFFFAOYSA-N,,,P42685,TYROSINE-PROTEIN KINASE FRK,FRK,21336281.0,pKI,5.600153287287077,NM,Ic1ccc(Oc2cncc3sc(cc23)C4=NC(=O)ON4)cc1
CHEMBL497151,KYACBMRLQMEIAI-UHFFFAOYSA-N,,,P42685,TYROSINE-PROTEIN KINASE FRK,FRK,,pKI,5.59999938302362,NM,Ic1ccc(Oc2cncc3sc(cc23)C4=NC(=O)ON4)cc1
CHEMBL1999321,KYHMOCUKKUVQSG-UHFFFAOYSA-N,,,P42685,TYROSINE-PROTEIN KINASE FRK,FRK,,pKI,5.59999938302362,NM,O=C1C(=C(Nc2ccncc2)C1=O)NCCc3ccc(Oc4ccccc4)cc3
CHEMBL1973937,LCGSWTFWYNYUKS-UHFFFAOYSA-N,,,P42685,TYROSINE-PROTEIN KINASE FRK,FRK,,pKI,7.299988937677887,NM,Cc1ccc(c2ccc(NC(=O)Nc3cccc(Br)c3)cc2)c4c(N)n[nH]c14
CHEMBL1980489,LCKDESRGCHSHHO-UHFFFAOYSA-N,,,P42685,TYROSINE-PROTEIN KINASE FRK,FRK,,pKI,5.59999938302362,NM,Clc1ccc(CNC2=C(Nc3ccncc3)C(=O)C2=O)cc1
CHEMBL117697,LCYPRFCDTJTQPG-UHFFFAOYSA-N,,,P42685,TYROSINE-PROTEIN KINASE FRK,FRK,21336281.0,pKI,5.600153287287077,NM,COc1cccc(Nc2ncnc3ccccc23)c1
CHEMBL117697,LCYPRFCDTJTQPG-UHFFFAOYSA-N,,,P42685,TYROSINE-PROTEIN KINASE FRK,FRK,,pKI,5.59999938302362,NM,COc1cccc(Nc2ncnc3ccccc23)c1
CHEMBL2004871,LDNDTZTXPRCUJS-UHFFFAOYSA-N,,,P42685,TYROSINE-PROTEIN KINASE FRK,FRK,,pKI,5.59999938302362,NM,OCCCn1cnc(c2ccc(F)cc2)c1c3ccncc3
CHEMBL1973211,LGHBDVLAHHANMX-UHFFFAOYSA-N,,,P42685,TYROSINE-PROTEIN KINASE FRK,FRK,,pKI,7.299988937677887,NM,Cc1cccc(NC(=O)Nc2ccc(cc2)c3csc4c(cnc(N)c34)C#CCN5CCCC5)c1
CHEMBL2006263,LKUJDAHYLPICSE-UHFFFAOYSA-N,,,P42685,TYROSINE-PROTEIN KINASE FRK,FRK,,pKI,5.59999938302362,NM,Cc1nc2ccc(NS(=O)(=O)c3ccc(N)cc3)cc2nc1C
CHEMBL1981720,LNIDFQVRZCDVBI-UHFFFAOYSA-N,,,P42685,TYROSINE-PROTEIN KINASE FRK,FRK,,pKI,5.59999938302362,NM,O=C(Nc1cnccn1)Nc2ccnc3ccccc23
CHEMBL1987533,LNYJUWCJKQGEPR-UHFFFAOYSA-N,,,P42685,TYROSINE-PROTEIN KINASE FRK,FRK,,pKI,5.59999938302362,NM,Clc1ccccc1CC(=O)Nc2ccc3cn[nH]c3c2
CHEMBL1986781,LRESELHEXSUQGE-UHFFFAOYSA-N,,,P42685,TYROSINE-PROTEIN KINASE FRK,FRK,,pKI,5.59999938302362,NM,CC(=O)N1CCC(CC1)Nc2nccc(n2)c3c(nc4occn34)c5ccc(F)cc5
CHEMBL1975500,LRINYHMQZRENCY-UHFFFAOYSA-N,,,P42685,TYROSINE-PROTEIN KINASE FRK,FRK,,pKI,5.800000874803203,NM,COc1cc(ccc1O)c2ccc3C(=O)Nc4cc(ccc4Nc3c2)C(=O)NCCNC(=O)C
CHEMBL1994693,LRLDYTTWQIFWBD-UHFFFAOYSA-N,,,P42685,TYROSINE-PROTEIN KINASE FRK,FRK,,pKI,5.59999938302362,NM,Nc1ncnc2sc3CCc4cc(NC(=O)Nc5ccccc5)ccc4c3c12
CHEMBL592030,LRZYYIZFBXFSJB-UHFFFAOYSA-N,,,P42685,TYROSINE-PROTEIN KINASE FRK,FRK,21336281.0,pKI,5.600153287287077,NM,NCCCn1cc(c2cc(c3cc4ccccc4s3)c5[nH]ncc5c2)c6nc(N)ncc16
CHEMBL592030,LRZYYIZFBXFSJB-UHFFFAOYSA-N,,,P42685,TYROSINE-PROTEIN KINASE FRK,FRK,,pKI,5.59999938302362,NM,NCCCn1cc(c2cc(c3cc4ccccc4s3)c5[nH]ncc5c2)c6nc(N)ncc16
CHEMBL1988075,LVECPYVAIBNSRV-UHFFFAOYSA-N,,,P42685,TYROSINE-PROTEIN KINASE FRK,FRK,,pKI,6.399996913372259,NM,Cc1ccc(cn1)c2cnc(N)c3c(csc23)c4ccc(NC(=O)Nc5cccc(F)c5)cc4
CHEMBL1984633,LWBSSNRDDDFHSH-UHFFFAOYSA-N,,,P42685,TYROSINE-PROTEIN KINASE FRK,FRK,,pKI,5.59999938302362,NM,COc1cccc(c1)C(C)NC(=O)c2cnc(s2)c3ccncc3
CHEMBL1994830,LXVBELDBJGYFEM-UHFFFAOYSA-N,,,P42685,TYROSINE-PROTEIN KINASE FRK,FRK,,pKI,5.59999938302362,NM,Nc1oc(nn1)c2cc3c(Oc4ccc(Cl)cc4)cncc3s2
CHEMBL243088,LYNBNVBMAGDJRW-UHFFFAOYSA-N,,,P42685,TYROSINE-PROTEIN KINASE FRK,FRK,21336281.0,pKI,7.200659450546418,NM,OC(=O)c1ccccc1Nc2ccnc(Nc3cccc(O)c3)n2
CHEMBL243088,LYNBNVBMAGDJRW-UHFFFAOYSA-N,,,P42685,TYROSINE-PROTEIN KINASE FRK,FRK,,pKI,7.199970640755866,NM,OC(=O)c1ccccc1Nc2ccnc(Nc3cccc(O)c3)n2
CHEMBL1984363,MADCXGNPDBWPLM-UHFFFAOYSA-N,,,P42685,TYROSINE-PROTEIN KINASE FRK,FRK,,pKI,6.599997654072044,NM,Cc1cc(NC(=O)Cc2ccc(cc2)c3cccc4[nH]nc(N)c34)ccc1F
CHEMBL1997846,MASJMHFQMYAPJR-UHFFFAOYSA-N,,,P42685,TYROSINE-PROTEIN KINASE FRK,FRK,,pKI,5.59999938302362,NM,Clc1cc(NC2CCCCC2)nc(n1)c3c[nH]c4ncccc34
CHEMBL2004872,MBRVCJRFWYHVHE-UHFFFAOYSA-N,,,P42685,TYROSINE-PROTEIN KINASE FRK,FRK,,pKI,5.59999938302362,NM,COc1cccc(c1)C(C)NC(=O)c2ccc(cc2)c3ccncn3
CHEMBL1995740,MDJCUXFFMNEBHG-UHFFFAOYSA-N,,,P42685,TYROSINE-PROTEIN KINASE FRK,FRK,,pKI,5.59999938302362,NM,COc1cc(ccc1O)c2ccc3C(=O)Nc4cc(ccc4Nc3c2)[N+](=O)[O-]
CHEMBL2005828,MFMXAWQGPQXDRJ-UHFFFAOYSA-N,,,P42685,TYROSINE-PROTEIN KINASE FRK,FRK,,pKI,6.499996931948306,NM,Cc1ccc(NC(=O)Nc2ccc(cc2)c3coc4ncnc(N)c34)cc1
CHEMBL1971186,MGNQNQOSSLCUFP-UHFFFAOYSA-N,,,P42685,TYROSINE-PROTEIN KINASE FRK,FRK,,pKI,5.59999938302362,NM,Fc1ccc(cc1)c2nc3occn3c2c4ccnc(NC5CCNCC5)n4
CHEMBL1974254,MHCPAORAYMTGCZ-UHFFFAOYSA-N,,,P42685,TYROSINE-PROTEIN KINASE FRK,FRK,,pKI,7.299988937677887,NM,CCOc1ccc(NC(=O)Nc2ccc(cc2)c3csc4c(cnc(N)c34)c5cnn(C)c5)cc1
CHEMBL1991434,MHEQZGILOSVPBZ-UHFFFAOYSA-N,,,P42685,TYROSINE-PROTEIN KINASE FRK,FRK,,pKI,5.59999938302362,NM,COc1ccc(C=C2C(=O)ON=C2c3ccc(Br)cc3)cc1OC
CHEMBL2003420,MHRZYVYAAMLZJC-UHFFFAOYSA-N,,,P42685,TYROSINE-PROTEIN KINASE FRK,FRK,,pKI,5.59999938302362,NM,O=C(NCCCCCCNC(=O)NCc1cccnc1)NCc2cccnc2
CHEMBL1978448,MIKAKZKNMYZLDX-UHFFFAOYSA-N,,,P42685,TYROSINE-PROTEIN KINASE FRK,FRK,,pKI,5.59999938302362,NM,CS(=O)(=O)N(Cc1ccc2NC(=O)c3cccn3c2c1)C4CC4
CHEMBL1996111,MIYRKQLKDQNUKZ-UHFFFAOYSA-N,,,P42685,TYROSINE-PROTEIN KINASE FRK,FRK,,pKI,5.59999938302362,NM,CN(C)C(=O)c1c(nnn1Cc2ccccc2)c3ccc4[nH]ncc4c3
CHEMBL1972119,MJCKUHBSAUHVJE-UHFFFAOYSA-N,,,P42685,TYROSINE-PROTEIN KINASE FRK,FRK,,pKI,5.59999938302362,NM,FC(F)(F)c1cccc2c(NC(=O)Nc3cccc(n3)N4CCOCC4)ccnc12
CHEMBL1999496,MJLKHAZEWYICMC-UHFFFAOYSA-N,,,P42685,TYROSINE-PROTEIN KINASE FRK,FRK,,pKI,5.800000874803203,NM,Cc1cccc(c1)C2(CC2C(=O)Nc3ccncc3)c4cccc(C)c4
CHEMBL1990254,MLGGUGPIWDHBAI-UHFFFAOYSA-N,,,P42685,TYROSINE-PROTEIN KINASE FRK,FRK,,pKI,5.59999938302362,NM,NCC(NC(=O)c1ccc(cc1)c2ccncc2)c3ccccc3
CHEMBL2000114,MMMPFWNSQKXKDX-UHFFFAOYSA-N,,,P42685,TYROSINE-PROTEIN KINASE FRK,FRK,,pKI,5.59999938302362,NM,CSc1c[nH]c2ncnc(NCCCO)c12
CHEMBL223360,MPVGZUGXCQEXTM-UHFFFAOYSA-N,LINIFANIB,,P42685,TYROSINE-PROTEIN KINASE FRK,FRK,21336281.0,pKI,7.721246399047171,NM,Cc1ccc(F)c(NC(=O)Nc2ccc(cc2)c3cccc4[nH]nc(N)c34)c1
CHEMBL223360,MPVGZUGXCQEXTM-UHFFFAOYSA-N,LINIFANIB,,P42685,TYROSINE-PROTEIN KINASE FRK,FRK,,pKI,7.700057099977233,NM,Cc1ccc(F)c(NC(=O)Nc2ccc(cc2)c3cccc4[nH]nc(N)c34)c1
CHEMBL1991356,MQAKXLBEDXFDMV-UHFFFAOYSA-N,,,P42685,TYROSINE-PROTEIN KINASE FRK,FRK,,pKI,5.59999938302362,NM,COc1cccc(c1)c2cc3C(=O)Nc4ccccc4n3c2
CHEMBL1969190,MTCHQDWUHQADSY-UHFFFAOYSA-N,,,P42685,TYROSINE-PROTEIN KINASE FRK,FRK,,pKI,6.399996913372259,NM,COc1ccc(c2ccc(NC(=O)Nc3cc(F)cc(F)c3)cc2)c4c(N)noc14
CHEMBL1981782,MTYMWGNJKDHWGN-UHFFFAOYSA-N,,,P42685,TYROSINE-PROTEIN KINASE FRK,FRK,,pKI,5.59999938302362,NM,Clc1ccc(CNC(=O)Nc2ccc3[nH]ncc3c2)cc1Cl
CHEMBL2001485,MULNSLQVKKUPJN-UHFFFAOYSA-N,,,P42685,TYROSINE-PROTEIN KINASE FRK,FRK,,pKI,7.79997073344623,NM,CC(C(=O)N(C)C)n1cc(cn1)c2cnc(N)c3c(csc23)c4ccc(NC(=O)Nc5ccc(C)cc5)cc4
CHEMBL1987034,MVJMMLFMPWITEJ-UHFFFAOYSA-N,,,P42685,TYROSINE-PROTEIN KINASE FRK,FRK,,pKI,7.79997073344623,NM,NS(=O)(=O)c1cccc(Nc2ncc(Br)c(Nc3ccc(OCC#N)cc3)n2)c1
CHEMBL1084546,MZDKLVOWGIOKTN-UHFFFAOYSA-N,PF-562271,,P42685,TYROSINE-PROTEIN KINASE FRK,FRK,21336281.0,pKI,7.4089353929735005,NM,CN(c1ncccc1CNc2nc(Nc3ccc4NC(=O)Cc4c3)ncc2C(F)(F)F)S(=O)(=O)C
CHEMBL1084546,MZDKLVOWGIOKTN-UHFFFAOYSA-N,PF-562271,,P42685,TYROSINE-PROTEIN KINASE FRK,FRK,,pKI,7.400007822415902,NM,CN(c1ncccc1CNc2nc(Nc3ccc4NC(=O)Cc4c3)ncc2C(F)(F)F)S(=O)(=O)C
CHEMBL1982874,MZIOLOXGGOLJMJ-UHFFFAOYSA-N,,,P42685,TYROSINE-PROTEIN KINASE FRK,FRK,,pKI,5.59999938302362,NM,Nc1nc2ccc(cc2n1CC3CC3)c4c(nc5sccn45)c6ccc(F)cc6
CHEMBL1999590,NERQMDXDVAZVNX-UHFFFAOYSA-N,,,P42685,TYROSINE-PROTEIN KINASE FRK,FRK,,pKI,6.299997602857746,NM,Cc1cc(c2ccccc2)n(n1)c3cc(NN=Cc4occc4)ncn3
CHEMBL1975900,NEWAULHLLUCDPD-UHFFFAOYSA-N,,,P42685,TYROSINE-PROTEIN KINASE FRK,FRK,,pKI,5.59999938302362,NM,Clc1ccc(CNC2=C(Nc3ccncc3)C(=O)C2=O)cc1Cl
CHEMBL1991429,NFMGZVPRGVERNN-UHFFFAOYSA-N,,,P42685,TYROSINE-PROTEIN KINASE FRK,FRK,,pKI,7.50003813440381,NM,O=C(Cc1ccccc1)Nc2cccc(c2)c3nc4sccn4c3c5ccnc(Nc6cccc(c6)N7CCCC7=O)n5
CHEMBL1983534,NGDNKYRUKIPCLK-UHFFFAOYSA-N,,,P42685,TYROSINE-PROTEIN KINASE FRK,FRK,,pKI,5.59999938302362,NM,C(Nc1nc2ccc(cc2s1)c3ccncc3)c4ccccc4
CHEMBL2007064,NHFDRBXTEDBWCZ-UHFFFAOYSA-N,,,P42685,TYROSINE-PROTEIN KINASE FRK,FRK,,pKI,5.700000503883016,NM,Cc1[nH]c(C=C2C(=O)Nc3ccccc23)c(C)c1CCC(=O)O
CHEMBL475251,NHHQJBCNYHBUSI-UHFFFAOYSA-N,TAMATINIB,,P42685,TYROSINE-PROTEIN KINASE FRK,FRK,21336281.0,pKI,7.920818753952375,NM,COc1cc(Nc2ncc(F)c(Nc3ccc4OC(C)(C)C(=O)Nc4n3)n2)cc(OC)c1OC
CHEMBL475251,NHHQJBCNYHBUSI-UHFFFAOYSA-N,TAMATINIB,,P42685,TYROSINE-PROTEIN KINASE FRK,FRK,,pKI,7.899974269892137,NM,COc1cc(Nc2ncc(F)c(Nc3ccc4OC(C)(C)C(=O)Nc4n3)n2)cc(OC)c1OC
CHEMBL2001224,NJKBCVHYFWYIIQ-UHFFFAOYSA-N,,,P42685,TYROSINE-PROTEIN KINASE FRK,FRK,,pKI,5.59999938302362,NM,Cc1cc(OC2CCCC2)c(NC(=O)Nc3cnc(cn3)C#N)cc1Cl
CHEMBL1974870,NJPWCTYVEJIQBM-UHFFFAOYSA-N,,,P42685,TYROSINE-PROTEIN KINASE FRK,FRK,,pKI,5.59999938302362,NM,Cc1n[nH]c2ccc(cc12)c3cncc(OCC(N)Cc4cccc(Cl)c4)c3
CHEMBL379835,NLNVCPSZHKGGDI-UHFFFAOYSA-N,,,P42685,TYROSINE-PROTEIN KINASE FRK,FRK,21336281.0,pKI,5.600153287287077,NM,Cc1nn(c2ccccc2)c3N(O)c4ccc(Cl)cc4C(=O)c13
CHEMBL379835,NLNVCPSZHKGGDI-UHFFFAOYSA-N,,,P42685,TYROSINE-PROTEIN KINASE FRK,FRK,,pKI,5.59999938302362,NM,Cc1nn(c2ccccc2)c3N(O)c4ccc(Cl)cc4C(=O)c13
CHEMBL1986263,NLUPJKQOKWBWFC-UHFFFAOYSA-N,,,P42685,TYROSINE-PROTEIN KINASE FRK,FRK,,pKI,6.499996931948306,NM,CCN1C(=O)SC(=C1C)c2ccnc(Nc3cccc(OC)c3)n2
CHEMBL1419458,NMWSFHOBJVDICZ-UHFFFAOYSA-N,,,P42685,TYROSINE-PROTEIN KINASE FRK,FRK,,pKI,5.800000874803203,NM,Nc1nonc1n2nnc(C(=O)NN=Cc3ccncc3)c2c4ccccc4
CHEMBL260135,NPHKXSDZIKFIRU-UHFFFAOYSA-N,,,P42685,TYROSINE-PROTEIN KINASE FRK,FRK,21336281.0,pKI,5.600153287287077,NM,Nc1n[nH]c2nnc(c3ccccc3)c(c4ccccc4)c12
CHEMBL260135,NPHKXSDZIKFIRU-UHFFFAOYSA-N,,,P42685,TYROSINE-PROTEIN KINASE FRK,FRK,,pKI,5.59999938302362,NM,Nc1n[nH]c2nnc(c3ccccc3)c(c4ccccc4)c12
CHEMBL1971245,NPJROAJIXPVMTE-UHFFFAOYSA-N,,,P42685,TYROSINE-PROTEIN KINASE FRK,FRK,,pKI,5.59999938302362,NM,CN1CCN(CC1)c2cccc(Nc3nccc(n3)c4c(nc5ccccn45)C(=O)N)c2
CHEMBL1970709,NPLQZQGAZAUUTB-UHFFFAOYSA-N,,,P42685,TYROSINE-PROTEIN KINASE FRK,FRK,,pKI,5.59999938302362,NM,Brc1ccc(CNC(=O)Nc2ccc3[nH]ncc3c2)cc1
CHEMBL1979883,NRGYZNJPCGRCLV-UHFFFAOYSA-N,,,P42685,TYROSINE-PROTEIN KINASE FRK,FRK,,pKI,7.400007822415902,NM,CN(C)CC#Cc1cnc(N)c2c(csc12)c3ccc(NC(=O)Nc4cccc(C)c4)cc3
CHEMBL1971943,NRSGWEVTVGZDFC-UHFFFAOYSA-N,,,P42685,TYROSINE-PROTEIN KINASE FRK,FRK,,pKI,6.0,NM,Cc1c[nH]c2nccc(Oc3c(F)cc(Nc4cc(Cl)nc(N)n4)cc3F)c12
CHEMBL1975647,NSDIHUXUFJHXRA-UHFFFAOYSA-N,,,P42685,TYROSINE-PROTEIN KINASE FRK,FRK,,pKI,5.59999938302362,NM,Fc1cccc2c(NC(=O)Nc3cnccn3)ccnc12
CHEMBL1972125,NSHLUNUGZXJUID-UHFFFAOYSA-N,,,P42685,TYROSINE-PROTEIN KINASE FRK,FRK,,pKI,5.59999938302362,NM,NC(COc1cncc(c1)c2ccc(N)c(c2)C(=O)c3ccccc3)Cc4c[nH]c5ccccc45
CHEMBL1999112,NSYXCWYWACQNOH-UHFFFAOYSA-N,,,P42685,TYROSINE-PROTEIN KINASE FRK,FRK,,pKI,5.59999938302362,NM,CCOC(=O)C1=C2SC(=Cc3occc3)C(=O)N2C(=C(C#N)C1c4occc4)N
CHEMBL2003405,NTMHUKHTTYWAIC-UHFFFAOYSA-N,,,P42685,TYROSINE-PROTEIN KINASE FRK,FRK,,pKI,5.700000503883016,NM,CCCC(=O)c1ccc(NCc2c[nH]nc2c3ccc(cc3)C(F)(F)F)cc1
CHEMBL371206,NWAUBAGBGOPJLF-UHFFFAOYSA-N,,,P42685,TYROSINE-PROTEIN KINASE FRK,FRK,21336281.0,pKI,7.6020599913279625,NM,Cc1cc(C)cc(NC(=O)Nc2ccc(cc2)c3c(C)sc4ncnc(N)c34)c1
CHEMBL371206,NWAUBAGBGOPJLF-UHFFFAOYSA-N,,,P42685,TYROSINE-PROTEIN KINASE FRK,FRK,,pKI,7.599980364934842,NM,Cc1cc(C)cc(NC(=O)Nc2ccc(cc2)c3c(C)sc4ncnc(N)c34)c1
CHEMBL1516890,NXNQLECPAXXYTR-UHFFFAOYSA-N,GW441756X,,P42685,TYROSINE-PROTEIN KINASE FRK,FRK,,pKI,6.0999990348465305,NM,Cn1cc(C=C2C(=O)Nc3cccnc23)c4ccccc14
CHEMBL1972576,NZVDDFRUBIEKLV-UHFFFAOYSA-N,,,P42685,TYROSINE-PROTEIN KINASE FRK,FRK,,pKI,5.59999938302362,NM,Cc1ccc(NC(=O)Nc2ccc(NC(=O)c3csc4ncnc(N)c34)cc2)cc1
CHEMBL1992634,OADRBDVURCEKRP-UHFFFAOYSA-N,,,P42685,TYROSINE-PROTEIN KINASE FRK,FRK,,pKI,5.700000503883016,NM,Brc1cnc2[nH]cc(c3ccccc3)c2c1
CHEMBL565612,OAVGBZOFDPFGPJ-UHFFFAOYSA-N,SOTRASTAURIN,,P42685,TYROSINE-PROTEIN KINASE FRK,FRK,21336281.0,pKI,5.600153287287077,NM,CN1CCN(CC1)c2nc(C3=C(C(=O)NC3=O)c4c[nH]c5ccccc45)c6ccccc6n2
CHEMBL565612,OAVGBZOFDPFGPJ-UHFFFAOYSA-N,SOTRASTAURIN,,P42685,TYROSINE-PROTEIN KINASE FRK,FRK,,pKI,5.59999938302362,NM,CN1CCN(CC1)c2nc(C3=C(C(=O)NC3=O)c4c[nH]c5ccccc45)c6ccccc6n2
CHEMBL1986139,OBHNPUMYQHGYJJ-UHFFFAOYSA-N,,,P42685,TYROSINE-PROTEIN KINASE FRK,FRK,,pKI,5.59999938302362,NM,Clc1csc2ncnc(Nc3ccccc3)c12
CHEMBL1974702,OBZHLULOFFWAJX-UHFFFAOYSA-N,,,P42685,TYROSINE-PROTEIN KINASE FRK,FRK,,pKI,5.59999938302362,NM,CC1=Nc2c(sc3c(Br)ccc(Cl)c23)C(=O)O1
CHEMBL1990912,ODNOTLMFNVWFTJ-UHFFFAOYSA-N,,,P42685,TYROSINE-PROTEIN KINASE FRK,FRK,,pKI,5.59999938302362,NM,OCCNc1cc2cc(ccc2cn1)c3cccnc3
CHEMBL1964937,OEEGUWWPGAZRIJ-UHFFFAOYSA-N,,,P42685,TYROSINE-PROTEIN KINASE FRK,FRK,,pKI,5.700000503883016,NM,OCC(NC(=O)N1CCC(=CC1)c2c[nH]c3ncccc23)c4ccccc4
CHEMBL1972221,OEKYVFZKBRIDJO-UHFFFAOYSA-N,,,P42685,TYROSINE-PROTEIN KINASE FRK,FRK,,pKI,5.59999938302362,NM,CCCS(=O)(=O)Nc1ccc(cc1)c2ccc3[nH]nc(NC(=O)CC)c3c2
CHEMBL1993548,OHPRWVPOPFGLJG-UHFFFAOYSA-N,,,P42685,TYROSINE-PROTEIN KINASE FRK,FRK,,pKI,5.59999938302362,NM,CC(N)COc1cnc(Cl)c(C=Cc2ccncc2)c1
CHEMBL2000832,OLVBAUVSICCWEJ-UHFFFAOYSA-N,,,P42685,TYROSINE-PROTEIN KINASE FRK,FRK,,pKI,5.59999938302362,NM,COc1cc(ccc1O)c2ccc3C(=O)Nc4cc(ccc4Nc3c2)C(=O)NCc5cccc(F)c5
CHEMBL2000481,OPLHMHMCXQXEQG-UHFFFAOYSA-N,,,P42685,TYROSINE-PROTEIN KINASE FRK,FRK,,pKI,6.0,NM,NCCNS(=O)(=O)c1cccc(c1)C(=O)Nc2ccc(cc2)C3=NNC(=O)c4ccccc34
CHEMBL1971649,OQNPAZRZCXFOBC-UHFFFAOYSA-N,,,P42685,TYROSINE-PROTEIN KINASE FRK,FRK,,pKI,5.800000874803203,NM,Cc1ccc(F)c(NC(=O)Nc2ccc(cc2)c3ccc4nccnc4c3N)c1
CHEMBL1986597,OQSVYNYDHYYKJX-UHFFFAOYSA-N,,,P42685,TYROSINE-PROTEIN KINASE FRK,FRK,,pKI,5.59999938302362,NM,NC(=O)c1cccc2[nH]c(nc12)c3ccc(NC(=O)c4cccc(c4)S(=O)(=O)N5CCOCC5)cc3
CHEMBL1967564,OROAFGSTGRDOFR-UHFFFAOYSA-N,,,P42685,TYROSINE-PROTEIN KINASE FRK,FRK,,pKI,5.59999938302362,NM,CCCC(=O)Nc1n[nH]c2nc3ccccc3cc12
CHEMBL1967302,ORUUEFDGYYTXAF-UHFFFAOYSA-N,,,P42685,TYROSINE-PROTEIN KINASE FRK,FRK,,pKI,5.59999938302362,NM,NC(COc1cncc(c1)c2ccc3NC(=O)Cc3c2)Cc4c[nH]c5ccccc45
CHEMBL1984367,OSYFIVGHFZBFOD-UHFFFAOYSA-N,,,P42685,TYROSINE-PROTEIN KINASE FRK,FRK,,pKI,5.59999938302362,NM,CN(C)c1ccc(CNC(=O)c2cc3c(n[nH]c3s2)c4ccccc4)cc1
CHEMBL1984700,OTQSCDWPCPZRIU-UHFFFAOYSA-N,,,P42685,TYROSINE-PROTEIN KINASE FRK,FRK,,pKI,5.800000874803203,NM,CC(C)Oc1nccn2c(c3ccnc(NCC(C)(C)O)n3)c(nc12)c4ccc(F)cc4F
CHEMBL1991674,OUJZYQBEFNDJQN-UHFFFAOYSA-N,,,P42685,TYROSINE-PROTEIN KINASE FRK,FRK,,pKI,6.0,NM,OC1CCC(CC1)Nc2cc(Cl)nc(n2)c3c[nH]c4ncccc34
CHEMBL1980540,OUORNBBPANSKFS-UHFFFAOYSA-N,,,P42685,TYROSINE-PROTEIN KINASE FRK,FRK,,pKI,5.59999938302362,NM,FC(F)(F)c1cccc(NC(=O)Nc2ccnc3c(Cl)cccc23)n1
CHEMBL1988173,OWDRQHVEJIYVOI-UHFFFAOYSA-N,,,P42685,TYROSINE-PROTEIN KINASE FRK,FRK,,pKI,5.59999938302362,NM,Cc1cc(Cl)ccc1NC(=S)NNC(=O)C(O)(c2ccccc2)c3ccccc3
CHEMBL226403,OWFLADWRSCINST-UHFFFAOYSA-N,,,P42685,TYROSINE-PROTEIN KINASE FRK,FRK,,pKI,5.59999938302362,NM,O=C1NCCc2[nH]c(cc12)c3ccnc(c3)c4cnc5ccccc5c4
CHEMBL1979516,OWFXKTOLFUQPDJ-UHFFFAOYSA-N,,,P42685,TYROSINE-PROTEIN KINASE FRK,FRK,,pKI,7.400007822415902,NM,CCNC(=O)c1cnc(N)c2c(csc12)c3ccc(NC(=O)Nc4cccc(F)c4)cc3
CHEMBL1993661,OWRXHGAFWZFFCW-UHFFFAOYSA-N,,,P42685,TYROSINE-PROTEIN KINASE FRK,FRK,,pKI,9.0,NM,CNS(=O)(=O)c1ccccc1Nc2nc(Nc3cc(OC)c(OC)c(OC)c3)ncc2Cl
CHEMBL1973098,OWXPWWRBBBGOLO-UHFFFAOYSA-N,,,P42685,TYROSINE-PROTEIN KINASE FRK,FRK,,pKI,5.59999938302362,NM,COc1cc(C=C2SC(=S)NC2=O)ccc1O
CHEMBL1998611,PAIFYAZSILXLBO-UHFFFAOYSA-N,,,P42685,TYROSINE-PROTEIN KINASE FRK,FRK,,pKI,5.59999938302362,NM,NC(=O)c1sc2c(Br)ccc(Cl)c2c1N
CHEMBL207400,PAMZHNHIZCTSRT-UHFFFAOYSA-N,,,P42685,TYROSINE-PROTEIN KINASE FRK,FRK,21336281.0,pKI,5.600153287287077,NM,Cn1nc(c2C(=O)c3cc(Cl)ccc3N(O)c12)C(F)(F)F
CHEMBL207400,PAMZHNHIZCTSRT-UHFFFAOYSA-N,,,P42685,TYROSINE-PROTEIN KINASE FRK,FRK,,pKI,5.59999938302362,NM,Cn1nc(c2C(=O)c3cc(Cl)ccc3N(O)c12)C(F)(F)F
CHEMBL1982957,PCQMERRARZKTPW-UHFFFAOYSA-N,,,P42685,TYROSINE-PROTEIN KINASE FRK,FRK,,pKI,6.799998134593398,NM,NC(=O)c1cccc(c1)c2cnc3[nH]cc(c4ccccc4)c3c2
CHEMBL1975490,PDBPUXLUVDSLML-UHFFFAOYSA-N,,,P42685,TYROSINE-PROTEIN KINASE FRK,FRK,,pKI,5.59999938302362,NM,NCCCOc1cc2C(=O)NCc2c(c1)c3ccc(Nc4oc5ccccc5n4)cc3
CHEMBL95692,PDTYLGXVBIWRIM-UHFFFAOYSA-N,SB-242235,,P42685,TYROSINE-PROTEIN KINASE FRK,FRK,21336281.0,pKI,5.600153287287077,NM,COc1nccc(n1)c2c(ncn2C3CCNCC3)c4ccc(F)cc4
CHEMBL95692,PDTYLGXVBIWRIM-UHFFFAOYSA-N,SB-242235,,P42685,TYROSINE-PROTEIN KINASE FRK,FRK,,pKI,5.59999938302362,NM,COc1nccc(n1)c2c(ncn2C3CCNCC3)c4ccc(F)cc4
CHEMBL1971430,PEEMSUJXJVLHFP-UHFFFAOYSA-N,,,P42685,TYROSINE-PROTEIN KINASE FRK,FRK,,pKI,6.0999990348465305,NM,CN1C(=NC(=C(C1=O)c2cccc(C)c2)c3ccncc3)NCC(N)Cc4ccccc4
CHEMBL1991188,PFCUZXCHLYIMTJ-UHFFFAOYSA-N,,,P42685,TYROSINE-PROTEIN KINASE FRK,FRK,,pKI,5.59999938302362,NM,COc1cccc(c1)C(C)NC(=O)c2ccc(cc2OC)c3ccncc3F
CHEMBL1996234,PKCDDUHJAFVJJB-UHFFFAOYSA-N,,,P42685,TYROSINE-PROTEIN KINASE FRK,FRK,,pKI,6.0,NM,CC1(O)CC(C1)c2nc(c3ccc4ccc(nc4c3)c5ccccc5)c6c(N)nccn26
CHEMBL1091644,PKCDDUHJAFVJJB-VLZXCDOPSA-N,LINSITINIB,,P42685,TYROSINE-PROTEIN KINASE FRK,FRK,21336281.0,pKI,6.0,NM,C[C@@]1(O)C[C@@H](C1)c2nc(c3ccc4ccc(nc4c3)c5ccccc5)c6c(N)nccn26
CHEMBL1997023,PNAPQQCRNHMIER-UHFFFAOYSA-N,,,P42685,TYROSINE-PROTEIN KINASE FRK,FRK,,pKI,5.59999938302362,NM,CN(C)c1cc2sncc2cc1NC(=O)C(=O)O
CHEMBL2003456,PPCNMZPSQZFFGM-UHFFFAOYSA-N,,,P42685,TYROSINE-PROTEIN KINASE FRK,FRK,,pKI,5.59999938302362,NM,O=C1Nc2cc(cnc2N1)c3ccccc3
CHEMBL1982924,PQNWNVWJXPSZFR-UHFFFAOYSA-N,,,P42685,TYROSINE-PROTEIN KINASE FRK,FRK,,pKI,5.59999938302362,NM,COc1cccc(c1)C(=O)Nc2cnc3[nH]cc(c4ccccc4)c3c2
CHEMBL1973860,PQOAVBVTXNJMCM-UHFFFAOYSA-N,,,P42685,TYROSINE-PROTEIN KINASE FRK,FRK,,pKI,5.59999938302362,NM,OCCNc1cc2cc(ccc2cn1)c3ccsc3
CHEMBL1991395,PTSWSUSIGQQZOO-UHFFFAOYSA-N,,,P42685,TYROSINE-PROTEIN KINASE FRK,FRK,,pKI,5.59999938302362,NM,CC(C)(CO)CNc1nccc(n1)c2c(nc3cnccn23)c4ccc(F)cc4
CHEMBL1998585,PTVPBWWDGZSEAF-UHFFFAOYSA-N,,,P42685,TYROSINE-PROTEIN KINASE FRK,FRK,,pKI,8.300162274132754,NM,Nc1ncnc2scc(c3ccc(NC(=O)Nc4cc(ccc4F)C(F)(F)F)cc3)c12
CHEMBL271381,PUPCRRRSBUYJAD-UHFFFAOYSA-N,,,P42685,TYROSINE-PROTEIN KINASE FRK,FRK,21336281.0,pKI,7.721246399047171,NM,COc1ccc(c2ccc(NC(=O)Nc3cccc(Br)c3)cc2)c4c(N)noc14
CHEMBL271381,PUPCRRRSBUYJAD-UHFFFAOYSA-N,,,P42685,TYROSINE-PROTEIN KINASE FRK,FRK,,pKI,7.700057099977233,NM,COc1ccc(c2ccc(NC(=O)Nc3cccc(Br)c3)cc2)c4c(N)noc14
CHEMBL1375418,PWNFEFRGKMPFSG-UHFFFAOYSA-N,,,P42685,TYROSINE-PROTEIN KINASE FRK,FRK,,pKI,5.59999938302362,NM,Cc1ccc(CNc2ccc3nnc(c4ccccc4)n3n2)cc1
CHEMBL2000508,PYDWRLNPMMKKCI-UHFFFAOYSA-N,,,P42685,TYROSINE-PROTEIN KINASE FRK,FRK,,pKI,6.399996913372259,NM,Fc1ccc(cc1)c2nc3sccn3c2c4ccncc4
CHEMBL1964687,PYXQMJSGJIJHJT-UHFFFAOYSA-N,,,P42685,TYROSINE-PROTEIN KINASE FRK,FRK,,pKI,5.800000874803203,NM,Cc1cc(C)cc(NC(=O)Nc2ccc3c(CCc4sc5ncnc(N)c5c34)c2)c1
CHEMBL1981079,QAJPIJHWTGPUNZ-UHFFFAOYSA-N,,,P42685,TYROSINE-PROTEIN KINASE FRK,FRK,,pKI,6.0,NM,NC(=O)c1cc([nH]c1c2ccc(Cl)cc2F)c3ccnc(N)n3
CHEMBL2000894,QEWSTOOMTBAUAG-UHFFFAOYSA-N,,,P42685,TYROSINE-PROTEIN KINASE FRK,FRK,,pKI,5.59999938302362,NM,Cc1cc(O)ccc1N2C=C(C(=O)NN)C(=O)c3ccc(cc23)c4ccncc4
CHEMBL1980704,QGOIQRQXIWSNJF-UHFFFAOYSA-N,,,P42685,TYROSINE-PROTEIN KINASE FRK,FRK,,pKI,5.59999938302362,NM,Cc1cc2nnc(SCc3cn4ccccc4n3)n2c5ccccc15
CHEMBL1976732,QKFXSCNWJZKJSJ-UHFFFAOYSA-N,,,P42685,TYROSINE-PROTEIN KINASE FRK,FRK,,pKI,5.59999938302362,NM,CC(C)(O)Cc1nnc2ccc(nn12)c3c(nc4occn34)c5ccc(F)cc5F
CHEMBL262433,QKPLUKMJEKRAJD-UHFFFAOYSA-N,,,P42685,TYROSINE-PROTEIN KINASE FRK,FRK,21336281.0,pKI,7.721246399047171,NM,Cc1ccc(F)c(NC(=O)Nc2ccc(cc2)c3nsc4ncnc(N)c34)c1
CHEMBL262433,QKPLUKMJEKRAJD-UHFFFAOYSA-N,,,P42685,TYROSINE-PROTEIN KINASE FRK,FRK,,pKI,7.700057099977233,NM,Cc1ccc(F)c(NC(=O)Nc2ccc(cc2)c3nsc4ncnc(N)c34)c1
CHEMBL2002649,QNUKRWAIZMBVCU-UHFFFAOYSA-N,,,P42685,TYROSINE-PROTEIN KINASE FRK,FRK,,pKI,7.599980364934842,NM,COc1ccc2NC(=O)C(=Cc3c[nH]cn3)c2c1
CHEMBL1992323,QNZJDYVERIAXAI-UHFFFAOYSA-N,,,P42685,TYROSINE-PROTEIN KINASE FRK,FRK,,pKI,5.59999938302362,NM,Clc1ccc2oc3C(=O)NC=Nc3c2c1
CHEMBL411903,QONPPIZSNSSCSK-UHFFFAOYSA-N,,,P42685,TYROSINE-PROTEIN KINASE FRK,FRK,21336281.0,pKI,6.0,NM,Nc1ncnc2NCCC(=Nc12)c3ccc(NC(=O)Nc4cc(ccc4F)C(F)(F)F)cc3
CHEMBL411903,QONPPIZSNSSCSK-UHFFFAOYSA-N,,,P42685,TYROSINE-PROTEIN KINASE FRK,FRK,,pKI,6.0,NM,Nc1ncnc2NCCC(=Nc12)c3ccc(NC(=O)Nc4cc(ccc4F)C(F)(F)F)cc3
CHEMBL1980144,QPORZABOFXPRHM-UHFFFAOYSA-N,,,P42685,TYROSINE-PROTEIN KINASE FRK,FRK,,pKI,5.59999938302362,NM,Cc1ccccc1NC(=O)Nc2ccc(NC(=O)c3csc4ncnc(N)c34)cc2
CHEMBL2005375,QPTZMGCTRHKKJD-UHFFFAOYSA-N,,,P42685,TYROSINE-PROTEIN KINASE FRK,FRK,,pKI,5.59999938302362,NM,CCC1N(C2CCCC2)c3nc(Nc4ccc(cc4OC)C(=O)NC5CCCCC5)ncc3N(C)C1=O
CHEMBL509032,QQWUGDVOUVUTOY-UHFFFAOYSA-N,TAE-684,,P42685,TYROSINE-PROTEIN KINASE FRK,FRK,21336281.0,pKI,8.599999999915209,NM,COc1cc(ccc1Nc2ncc(Cl)c(Nc3ccccc3S(=O)(=O)C(C)C)n2)N4CCC(CC4)N5CCN(C)CC5
CHEMBL509032,QQWUGDVOUVUTOY-UHFFFAOYSA-N,TAE-684,,P42685,TYROSINE-PROTEIN KINASE FRK,FRK,,pKI,8.600326278518962,NM,COc1cc(ccc1Nc2ncc(Cl)c(Nc3ccccc3S(=O)(=O)C(C)C)n2)N4CCC(CC4)N5CCN(C)CC5
CHEMBL1999718,QTTYXMRMIOCNGZ-UHFFFAOYSA-N,,,P42685,TYROSINE-PROTEIN KINASE FRK,FRK,,pKI,5.59999938302362,NM,FC(F)(F)c1ccc2c(NC(=O)Nc3ccc(cn3)C#N)ccnc2c1
CHEMBL1682546,QVWKRMXAYICTFS-UHFFFAOYSA-N,,,P42685,TYROSINE-PROTEIN KINASE FRK,FRK,,pKI,5.59999938302362,NM,C(Nc1nc(cs1)c2ccc3[nH]ncc3c2)c4ccccc4
CHEMBL1994074,QXKKPVVOOWBLND-UHFFFAOYSA-N,,,P42685,TYROSINE-PROTEIN KINASE FRK,FRK,,pKI,5.59999938302362,NM,Brc1ccc2[nH]nc(c3ccccc3)c2c1
CHEMBL1988300,QXRJBJVCBQSLTA-UHFFFAOYSA-N,,,P42685,TYROSINE-PROTEIN KINASE FRK,FRK,,pKI,6.799998134593398,NM,Nc1ccc(cc1)c2csc3c(C=Cc4nc5ccccc5[nH]4)cnc(N)c23
CHEMBL1969301,QYGMZFLXMWJYRJ-UHFFFAOYSA-N,,,P42685,TYROSINE-PROTEIN KINASE FRK,FRK,,pKI,5.59999938302362,NM,CCCCn1c(NC(=O)c2cccc(c2)C#N)nc3cc(ccc13)N(C)C(=O)C4CCCCC4
CHEMBL1973145,RAPYFGJGASETOS-UHFFFAOYSA-N,,,P42685,TYROSINE-PROTEIN KINASE FRK,FRK,,pKI,5.59999938302362,NM,Cc1cccc(NC(=O)Nc2ccc(cc2)c3csc4nc(N)nc(N)c34)c1
CHEMBL1461728,RAUYTJLQISREEJ-UHFFFAOYSA-N,,,P42685,TYROSINE-PROTEIN KINASE FRK,FRK,,pKI,5.59999938302362,NM,Fc1cccc(c1)C(=O)Nc2ccc3[nH]ncc3c2
CHEMBL1970142,RBXYGQNZRVPDNB-UHFFFAOYSA-N,,,P42685,TYROSINE-PROTEIN KINASE FRK,FRK,,pKI,8.500312917381596,NM,CNC(=O)C(C)n1cc(cn1)c2cnc(N)c3c(csc23)c4ccc(NC(=O)Nc5ccc(C)cc5)cc4
CHEMBL1983945,RFVBRKXQYUDGIO-UHFFFAOYSA-N,,,P42685,TYROSINE-PROTEIN KINASE FRK,FRK,,pKI,5.59999938302362,NM,NC(Cc1c[nH]c2ccccc12)C(=O)Nc3cncc(C=Cc4ccncc4)c3
CHEMBL1987007,RIBBPSYZBQQTQC-UHFFFAOYSA-N,,,P42685,TYROSINE-PROTEIN KINASE FRK,FRK,,pKI,5.59999938302362,NM,CN1CCC(CC1)NC(=O)c2cc3c(n[nH]c3s2)c4ccccc4
CHEMBL231209,RIUZPIBUSOHUKF-UHFFFAOYSA-N,,,P42685,TYROSINE-PROTEIN KINASE FRK,FRK,21336281.0,pKI,6.0,NM,Nc1nccc2scc(c3ccc(NC(=O)Nc4cccc(F)c4)cc3)c12
CHEMBL231209,RIUZPIBUSOHUKF-UHFFFAOYSA-N,,,P42685,TYROSINE-PROTEIN KINASE FRK,FRK,,pKI,6.0,NM,Nc1nccc2scc(c3ccc(NC(=O)Nc4cccc(F)c4)cc3)c12
CHEMBL1965660,RKUKAACYUCUJEE-UHFFFAOYSA-N,,,P42685,TYROSINE-PROTEIN KINASE FRK,FRK,,pKI,5.700000503883016,NM,NC(=O)c1cc([nH]c1c2ccc(Cl)cc2Cl)c3ccnc(N)n3
CHEMBL1999811,RLBVMDNZMOAABQ-UHFFFAOYSA-N,,,P42685,TYROSINE-PROTEIN KINASE FRK,FRK,,pKI,5.59999938302362,NM,Oc1ccc(C=NNC(=O)Nc2cccc3nsnc23)c(O)c1
CHEMBL2006785,ROPVGAMDOWWUTK-UHFFFAOYSA-N,,,P42685,TYROSINE-PROTEIN KINASE FRK,FRK,,pKI,5.59999938302362,NM,Cc1ccc(cc1)C(=O)Nc2c(C#N)sc3ccc(Cl)c(Cl)c23
CHEMBL1996791,RPGBQFNDFPEOON-UHFFFAOYSA-N,,,P42685,TYROSINE-PROTEIN KINASE FRK,FRK,,pKI,5.59999938302362,NM,Nc1ncnc2c1c(I)nn2C3CCC(O)CC3
CHEMBL1966816,RQJIDUOCLNMUHR-UHFFFAOYSA-N,,,P42685,TYROSINE-PROTEIN KINASE FRK,FRK,,pKI,6.900008766455316,NM,Fc1cccc2c(NC(=O)Nc3cccc(n3)C(F)(F)F)ccnc12
CHEMBL1990496,RQVKVJIRFKVPBF-UHFFFAOYSA-N,,,P42685,TYROSINE-PROTEIN KINASE FRK,FRK,,pKI,5.59999938302362,NM,CN1C(=NC(=C(C1=O)c2ccc3ccccc3c2)c4ccncc4)NCC(N)Cc5ccccc5
CHEMBL1989029,RRUJKDOVAZSBLK-UHFFFAOYSA-N,,,P42685,TYROSINE-PROTEIN KINASE FRK,FRK,,pKI,6.399996913372259,NM,CC(C)OC1=NNC(=O)C1=Cc2c[nH]c3ccccc23
CHEMBL1978099,RTDSHUGNRVXRHN-UHFFFAOYSA-N,,,P42685,TYROSINE-PROTEIN KINASE FRK,FRK,,pKI,6.399996913372259,NM,CNC(=O)COc1ccc(Nc2nc(Nc3ccc(C)c(c3)S(=O)(=O)N)ncc2F)cc1
CHEMBL1682558,RVPSPMYVDLPRIK-UHFFFAOYSA-N,,,P42685,TYROSINE-PROTEIN KINASE FRK,FRK,,pKI,5.59999938302362,NM,Fc1ccc(cc1)c2ncn(CCN3CCOCC3)c2c4ccc5[nH]ncc5c4
CHEMBL1976220,RWEHAHIEUDLKGT-UHFFFAOYSA-N,,,P42685,TYROSINE-PROTEIN KINASE FRK,FRK,,pKI,7.299988937677887,NM,Nc1nccc2scc(c3ccc(NC(=O)Nc4cccc(Br)c4)cc3)c12
CHEMBL1967531,RYAVJHIPOWNWDE-UHFFFAOYSA-N,,,P42685,TYROSINE-PROTEIN KINASE FRK,FRK,,pKI,6.799998134593398,NM,Nc1ncnc2scc(c3ccc(NC(=O)Nc4ccccc4)cc3)c12
CHEMBL1968151,RYSOFKOEVPNDDI-UHFFFAOYSA-N,,,P42685,TYROSINE-PROTEIN KINASE FRK,FRK,,pKI,5.59999938302362,NM,O=C1Nc2sccc2c3nc(nn13)c4ccncc4
CHEMBL1983111,RYYNGWLOYLRZLK-UHFFFAOYSA-N,,,P42685,TYROSINE-PROTEIN KINASE FRK,FRK,,pKI,7.100015437450609,NM,CC(=O)NCC(=O)N1C2CCC1c3cc(Nc4ncc(c(NC5CCC5)n4)C(F)(F)F)ccc23
CHEMBL2004447,SAVYFZRLWUDEDV-UHFFFAOYSA-N,,,P42685,TYROSINE-PROTEIN KINASE FRK,FRK,,pKI,5.59999938302362,NM,CC(C)(C)c1n[nH]c2OC(=C(C#N)C(c3ccccc3F)c12)N
CHEMBL2003638,SBFPHSVZEXSHTL-UHFFFAOYSA-N,,,P42685,TYROSINE-PROTEIN KINASE FRK,FRK,,pKI,6.299997602857746,NM,Fc1cccc(c1)C(=O)Nc2n[nH]c3ccc(cc23)c4cn(Cc5ccccc5)nn4
CHEMBL2003482,SDPIVLIBDDEFHL-UHFFFAOYSA-N,,,P42685,TYROSINE-PROTEIN KINASE FRK,FRK,,pKI,5.59999938302362,NM,Clc1ccc(CC(=O)Nc2[nH]nc3CCCc23)cc1
CHEMBL2001257,SEVCBWKJSOLMNQ-UHFFFAOYSA-N,,,P42685,TYROSINE-PROTEIN KINASE FRK,FRK,,pKI,7.50003813440381,NM,CCN(CC)CC#Cc1cnc(N)c2c(csc12)c3ccc(NC(=O)Nc4cccc(C)c4)cc3
CHEMBL1974935,SGHXFHRRWFLILP-UHFFFAOYSA-N,,,P42685,TYROSINE-PROTEIN KINASE FRK,FRK,,pKI,5.59999938302362,NM,NC(COc1cncc(C=Cc2ccncc2)c1)Cc3c[nH]c4ccccc34
CHEMBL1988608,SHENEEFOURUIBP-UHFFFAOYSA-N,,,P42685,TYROSINE-PROTEIN KINASE FRK,FRK,,pKI,5.59999938302362,NM,CC(=O)Nc1cccc(CNC2=C(Nc3ccc4[nH]ncc4c3)C(=O)C2=O)c1
CHEMBL1972659,SIIYWGTUMQUUKJ-UHFFFAOYSA-N,,,P42685,TYROSINE-PROTEIN KINASE FRK,FRK,,pKI,5.59999938302362,NM,Cc1c(O)ccc2C(=NNC(=O)Cc3cccc4ccccc34)CCCc12
CHEMBL1979357,SJDGHXXYFFXVPE-UHFFFAOYSA-N,,,P42685,TYROSINE-PROTEIN KINASE FRK,FRK,,pKI,5.59999938302362,NM,Cn1cc(C(CN)c2cncc(C=Cc3ccncc3)c2)c4ccccc14
CHEMBL1983449,SOVYWBOZOBVFLP-UHFFFAOYSA-N,,,P42685,TYROSINE-PROTEIN KINASE FRK,FRK,,pKI,5.59999938302362,NM,Cc1ccc(CNC2=C(Nc3ccncc3)C(=O)C2=O)cc1C
CHEMBL541400,SPMFEULFGGPQLN-UHFFFAOYSA-N,BAY-613606,,P42685,TYROSINE-PROTEIN KINASE FRK,FRK,21336281.0,pKI,5.600153287287077,NM,Cl.Cl.COc1ccc(cc1OC)c2cc3nccn3c(Nc4ncccc4C(=O)N)n2
CHEMBL220057,SPMHGQZFMNZCBV-UHFFFAOYSA-N,,,P42685,TYROSINE-PROTEIN KINASE FRK,FRK,21336281.0,pKI,7.508638306165727,NM,Cc1cccc(NC(=O)Nc2ccc(cc2)c3cccc4[nH]nc(N)c34)c1
CHEMBL220057,SPMHGQZFMNZCBV-UHFFFAOYSA-N,,,P42685,TYROSINE-PROTEIN KINASE FRK,FRK,,pKI,7.50003813440381,NM,Cc1cccc(NC(=O)Nc2ccc(cc2)c3cccc4[nH]nc(N)c34)c1
CHEMBL116070,SPOBBSBKXJKGBG-UHFFFAOYSA-N,,,P42685,TYROSINE-PROTEIN KINASE FRK,FRK,21336281.0,pKI,5.600153287287077,NM,NC(=O)c1cc2c(Oc3ccc(Br)cc3)cncc2s1
CHEMBL116070,SPOBBSBKXJKGBG-UHFFFAOYSA-N,,,P42685,TYROSINE-PROTEIN KINASE FRK,FRK,,pKI,5.59999938302362,NM,NC(=O)c1cc2c(Oc3ccc(Br)cc3)cncc2s1
CHEMBL1969372,SPYHMOFSJGTUNP-UHFFFAOYSA-N,,,P42685,TYROSINE-PROTEIN KINASE FRK,FRK,,pKI,5.800000874803203,NM,COCCNc1nccc(n1)c2c(nc3cnccn23)c4ccc(F)cc4
CHEMBL2000354,SQXSMLLCDWJNAC-UHFFFAOYSA-N,,,P42685,TYROSINE-PROTEIN KINASE FRK,FRK,,pKI,5.59999938302362,NM,COc1ccc(C=C2SC(=Nc3ccccc3)NC2=O)cc1O
CHEMBL2006715,SRUYMJRFVGLQDV-UHFFFAOYSA-N,,,P42685,TYROSINE-PROTEIN KINASE FRK,FRK,,pKI,7.599980364934842,NM,Fc1cccc(F)c1C(=O)Nc2cccc(c2)c3nc4sccn4c3c5ccnc(Nc6cccc(c6)N7CCCC7=O)n5
CHEMBL484390,SUULIUKTZNKMMB-UHFFFAOYSA-N,,,P42685,TYROSINE-PROTEIN KINASE FRK,FRK,21336281.0,pKI,5.600153287287077,NM,CCCCn1c(NC(=O)c2ccc(cc2)C#N)nc3cc(ccc13)N(C)C(=O)C4CCCCC4
CHEMBL484390,SUULIUKTZNKMMB-UHFFFAOYSA-N,,,P42685,TYROSINE-PROTEIN KINASE FRK,FRK,,pKI,5.59999938302362,NM,CCCCn1c(NC(=O)c2ccc(cc2)C#N)nc3cc(ccc13)N(C)C(=O)C4CCCCC4
CHEMBL1375640,SVUIYNKSDCANAY-UHFFFAOYSA-N,,,P42685,TYROSINE-PROTEIN KINASE FRK,FRK,,pKI,5.59999938302362,NM,Cc1nc(COc2ccccc2Cl)sc1c3ccnc(N)n3
CHEMBL1994040,SXBYKNSSEVQWPL-UHFFFAOYSA-N,,,P42685,TYROSINE-PROTEIN KINASE FRK,FRK,,pKI,5.59999938302362,NM,CC(C)(O)CNc1nccc(n1)c2c(nc3c(CC4CC4)nccn23)c5ccc(F)cc5F
CHEMBL1977135,SYSUZXPGQXEWCZ-UHFFFAOYSA-N,,,P42685,TYROSINE-PROTEIN KINASE FRK,FRK,,pKI,5.59999938302362,NM,O=C(NCc1ccccc1)c2ccc(cc2)c3ccncc3
CHEMBL1979176,SZALFSTUDMTGGL-UHFFFAOYSA-N,,,P42685,TYROSINE-PROTEIN KINASE FRK,FRK,,pKI,5.59999938302362,NM,COc1ccc2c(NC(=O)Nc3cc(ccn3)C(F)(F)F)ccnc2c1
CHEMBL246159,TUJUZVJICDSNLY-OKILXGFUSA-N,,,P42685,TYROSINE-PROTEIN KINASE FRK,FRK,21336281.0,pKI,6.400116927926312,NM,NC[C@@H]1CC[C@H](CNc2nc(NCc3ccccc3Cl)ncc2[N+](=O)[O-])CC1
CHEMBL246970,TUJUZVJICDSNLY-UHFFFAOYSA-N,,,P42685,TYROSINE-PROTEIN KINASE FRK,FRK,,pKI,6.399996913372259,NM,NCC1CCC(CNc2nc(NCc3ccccc3Cl)ncc2[N+](=O)[O-])CC1
CHEMBL1967560,TVENGSGQLJMALI-UHFFFAOYSA-N,,,P42685,TYROSINE-PROTEIN KINASE FRK,FRK,,pKI,5.59999938302362,NM,CCN1N(C2CCCC2)c3nc(Nc4ccc(cc4OC)C(=O)NC5CCN(C)CC5)ncc3N(C)C1=O
CHEMBL2004934,TVEREFRWBLRPPJ-UHFFFAOYSA-N,,,P42685,TYROSINE-PROTEIN KINASE FRK,FRK,,pKI,5.59999938302362,NM,COc1cccc(c1)C(C)NC(=O)c2ccc(c(F)c2)c3ccncc3
CHEMBL1976420,TVLFEDKEAOXRCZ-UHFFFAOYSA-N,,,P42685,TYROSINE-PROTEIN KINASE FRK,FRK,,pKI,6.599997654072044,NM,CCc1c([nH]c2nccnc12)c3ccc(cc3)C(C)(C)O
CHEMBL1964804,TWCARTFPHQNBPF-UHFFFAOYSA-N,,,P42685,TYROSINE-PROTEIN KINASE FRK,FRK,,pKI,5.59999938302362,NM,CS(=O)(=O)NCCOc1cncc(c1)c2ccc3cnccc3c2
CHEMBL1990884,TXHOCWWJSGCZLC-UHFFFAOYSA-N,,,P42685,TYROSINE-PROTEIN KINASE FRK,FRK,,pKI,7.100015437450609,NM,Cc1cc(C)c2oc(Nc3ccc(cc3F)c4cccc(C(=O)N)c4N)nc2c1
CHEMBL1964777,TZSJMSZEKQGCBI-UHFFFAOYSA-N,,,P42685,TYROSINE-PROTEIN KINASE FRK,FRK,,pKI,5.700000503883016,NM,NC(=O)c1cc2c(Oc3cccc(F)c3)cncc2s1
CHEMBL1997534,UAQJVFADAYIBGC-UHFFFAOYSA-N,,,P42685,TYROSINE-PROTEIN KINASE FRK,FRK,,pKI,5.59999938302362,NM,COc1cccc(c1)C(C)NC(=O)c2cc(C)c(s2)c3ccc4[nH]nc(C)c4c3
CHEMBL1995832,UCOWZARZLHNDKP-UHFFFAOYSA-N,,,P42685,TYROSINE-PROTEIN KINASE FRK,FRK,,pKI,5.59999938302362,NM,COc1nccn2c(c3ccnc(NCC(C)(C)CO)n3)c(nc12)c4ccc(F)cc4F
CHEMBL1999931,UDFDIIVNIYWXDM-UHFFFAOYSA-N,,,P42685,TYROSINE-PROTEIN KINASE FRK,FRK,,pKI,6.900008766455316,NM,O=C(Nc1n[nH]c2ccc(cc12)c3cn(Cc4ccccc4)nn3)c5ccccc5
CHEMBL1996831,UEIRKXUBXCSHJE-UHFFFAOYSA-N,,,P42685,TYROSINE-PROTEIN KINASE FRK,FRK,,pKI,5.59999938302362,NM,OC(=O)c1c2CCC(=C3CCCC3)c2nc4ccccc14
CHEMBL1990821,UEWCRBHXCIZHHV-UHFFFAOYSA-N,,,P42685,TYROSINE-PROTEIN KINASE FRK,FRK,,pKI,5.800000874803203,NM,Cc1cc(C)c(C)c(OCCCc2c([nH]c3c(cccc23)c4ccccc4C)C(=O)O)c1
CHEMBL1997597,UEZPPFDNXOFISI-UHFFFAOYSA-N,,,P42685,TYROSINE-PROTEIN KINASE FRK,FRK,,pKI,5.59999938302362,NM,CCS(=O)(=O)Nc1ccc(cc1)c2ccc3[nH]nc(N)c3c2
CHEMBL210963,UIRLFLOVKAOFEX-UHFFFAOYSA-N,,,P42685,TYROSINE-PROTEIN KINASE FRK,FRK,21336281.0,pKI,5.600153287287077,NM,CCOc1nc(NC(=O)Cc2cc(OC)c(cc2OC)S(=O)(=O)C)cc(N)c1C#N
CHEMBL210963,UIRLFLOVKAOFEX-UHFFFAOYSA-N,,,P42685,TYROSINE-PROTEIN KINASE FRK,FRK,,pKI,5.59999938302362,NM,CCOc1nc(NC(=O)Cc2cc(OC)c(cc2OC)S(=O)(=O)C)cc(N)c1C#N
CHEMBL234085,UJLAWZDWDVHWOW-UHFFFAOYSA-N,,,P42685,TYROSINE-PROTEIN KINASE FRK,FRK,,pKI,5.59999938302362,NM,CC1CCN(CC1N(C)c2ncnc3[nH]ccc23)C(=O)CC#N
CHEMBL1977148,ULMCFLZUGRSEQA-UHFFFAOYSA-N,,,P42685,TYROSINE-PROTEIN KINASE FRK,FRK,,pKI,7.79997073344623,NM,COc1ccc(NC(=O)Nc2ccc(cc2)c3csc4c(cnc(N)c34)c5cnn(CCO)c5)cc1
CHEMBL2002373,ULSIWAGDPRIVCH-UHFFFAOYSA-N,,,P42685,TYROSINE-PROTEIN KINASE FRK,FRK,,pKI,5.700000503883016,NM,OCCCn1cnc(c2ccccc2)c1c3ccncc3
CHEMBL1998159,UMTWTCVTRDYHQQ-UHFFFAOYSA-N,,,P42685,TYROSINE-PROTEIN KINASE FRK,FRK,,pKI,5.59999938302362,NM,Cc1n[nH]c2cnc(cc12)c3cncc(OCC(N)Cc4cccc(c4)C(F)(F)F)c3
CHEMBL1999714,UNPJSGSIMWLTCH-UHFFFAOYSA-N,,,P42685,TYROSINE-PROTEIN KINASE FRK,FRK,,pKI,5.59999938302362,NM,Cc1ccc2Nc3ccccc3C(=O)Nc2c1
CHEMBL1988717,UOOZSMNSBYVUGZ-UHFFFAOYSA-N,,,P42685,TYROSINE-PROTEIN KINASE FRK,FRK,,pKI,8.199970640755867,NM,Cn1cc(cn1)c2cnn3c(N)c(cnc23)c4ccc(NC(=O)Nc5cccc(c5)C(F)(F)F)cc4
CHEMBL1980391,UOVCGJXDGOGOCZ-UHFFFAOYSA-N,RG-1530,,P42685,TYROSINE-PROTEIN KINASE FRK,FRK,,pKI,7.100015437450609,NM,COc1cc2Nc3n[nH]c(C)c3N=C(c4ccccc4Cl)c2cc1F
CHEMBL1969561,UPPGGRZNGRFDAU-UHFFFAOYSA-N,,,P42685,TYROSINE-PROTEIN KINASE FRK,FRK,,pKI,5.59999938302362,NM,CC(C)N(C)C(=O)c1c(nnn1Cc2ccccc2)c3ccc4[nH]ncc4c3
CHEMBL1982610,UPPYTUNUGKDPSA-UHFFFAOYSA-N,,,P42685,TYROSINE-PROTEIN KINASE FRK,FRK,,pKI,5.59999938302362,NM,Clc1cccc(c1)c2cn3C(=O)NC=C(I)c3n2
CHEMBL316264,UPYHVTCMTMZKAX-UHFFFAOYSA-N,,,P42685,TYROSINE-PROTEIN KINASE FRK,FRK,21336281.0,pKI,6.200659450546418,NM,Fc1ccc(cc1)c2nc(c3ccc(F)cc3)c([nH]2)c4ccncc4
CHEMBL316264,UPYHVTCMTMZKAX-UHFFFAOYSA-N,,,P42685,TYROSINE-PROTEIN KINASE FRK,FRK,,pKI,6.199998172182031,NM,Fc1ccc(cc1)c2nc(c3ccc(F)cc3)c([nH]2)c4ccncc4
CHEMBL1983932,UQJQNZHGEVLHST-UHFFFAOYSA-N,,,P42685,TYROSINE-PROTEIN KINASE FRK,FRK,,pKI,5.59999938302362,NM,COc1ccc2c(NC(=O)Nc3cccc(Br)n3)ccnc2c1
CHEMBL1989646,UTFXYGYVDDLJER-UHFFFAOYSA-N,,,P42685,TYROSINE-PROTEIN KINASE FRK,FRK,,pKI,5.59999938302362,NM,Cc1c(nnn1Cc2ccccc2)c3ccc4[nH]nc(N)c4c3
CHEMBL1982383,UTMRCMCLMBDPNW-UHFFFAOYSA-N,,,P42685,TYROSINE-PROTEIN KINASE FRK,FRK,,pKI,5.59999938302362,NM,CC(C)(CO)CNc1nccc(n1)c2c(nc3c(CCN)nccn23)c4ccc(F)cc4
CHEMBL1996979,UUWNXFJBBYAMDT-UHFFFAOYSA-N,,,P42685,TYROSINE-PROTEIN KINASE FRK,FRK,,pKI,8.500312917381596,NM,Fc1cccc(F)c1C(=O)Nc2cnc3[nH]cc(c4ccccc4)c3c2
CHEMBL392642,UVZVWLFSZNPMBS-UHFFFAOYSA-N,,,P42685,TYROSINE-PROTEIN KINASE FRK,FRK,21336281.0,pKI,5.600153287287077,NM,CSc1ccccc1CNc2ncc(c(NCC3CCC(CN)CC3)n2)[N+](=O)[O-]
CHEMBL392642,UVZVWLFSZNPMBS-UHFFFAOYSA-N,,,P42685,TYROSINE-PROTEIN KINASE FRK,FRK,,pKI,5.59999938302362,NM,CSc1ccccc1CNc2ncc(c(NCC3CCC(CN)CC3)n2)[N+](=O)[O-]
CHEMBL394790,UWDBNTXEKYRMSG-UHFFFAOYSA-N,,,P42685,TYROSINE-PROTEIN KINASE FRK,FRK,21336281.0,pKI,7.4089353929735005,NM,Nc1nccc2scc(c3ccc(NC(=O)Nc4cccc(Cl)c4)cc3)c12
CHEMBL394790,UWDBNTXEKYRMSG-UHFFFAOYSA-N,,,P42685,TYROSINE-PROTEIN KINASE FRK,FRK,,pKI,7.400007822415902,NM,Nc1nccc2scc(c3ccc(NC(=O)Nc4cccc(Cl)c4)cc3)c12
CHEMBL2003817,UWQBVYXTLXNIOO-UHFFFAOYSA-N,,,P42685,TYROSINE-PROTEIN KINASE FRK,FRK,,pKI,5.59999938302362,NM,FC(F)(F)c1ccc2c(NC(=O)Nc3cnccn3)ccnc2c1
CHEMBL526133,UXUQVXDYXKMCGA-UHFFFAOYSA-N,,,P42685,TYROSINE-PROTEIN KINASE FRK,FRK,21336281.0,pKI,5.600153287287077,NM,O=C1NC(=CC(=N1)c2ccc3[nH]ncc3c2)c4ccccc4
CHEMBL526133,UXUQVXDYXKMCGA-UHFFFAOYSA-N,,,P42685,TYROSINE-PROTEIN KINASE FRK,FRK,,pKI,5.59999938302362,NM,O=C1NC(=CC(=N1)c2ccc3[nH]ncc3c2)c4ccccc4
CHEMBL458997,UYJNQQDJUOUFQJ-UHFFFAOYSA-N,,,P42685,TYROSINE-PROTEIN KINASE FRK,FRK,21336281.0,pKI,7.721246399047171,NM,CNC(=O)c1ccccc1Nc2nc(Nc3ccc(cc3OC)N4CCOCC4)ncc2Cl
CHEMBL458997,UYJNQQDJUOUFQJ-UHFFFAOYSA-N,,,P42685,TYROSINE-PROTEIN KINASE FRK,FRK,,pKI,7.700057099977233,NM,CNC(=O)c1ccccc1Nc2nc(Nc3ccc(cc3OC)N4CCOCC4)ncc2Cl
CHEMBL2007296,VAMDLIMJLAPZGX-UHFFFAOYSA-N,,,P42685,TYROSINE-PROTEIN KINASE FRK,FRK,,pKI,5.59999938302362,NM,CCCOc1cccc(c1)C(C)NC(=O)c2ccc(cc2)c3ccncc3
CHEMBL210887,VBIYDORVDCFKHM-UHFFFAOYSA-N,,,P42685,TYROSINE-PROTEIN KINASE FRK,FRK,21336281.0,pKI,5.600153287287077,NM,OCCCn1c(NC(=O)c2cccc(c2)[N+](=O)[O-])nc3ccccc13
CHEMBL210887,VBIYDORVDCFKHM-UHFFFAOYSA-N,,,P42685,TYROSINE-PROTEIN KINASE FRK,FRK,,pKI,5.59999938302362,NM,OCCCn1c(NC(=O)c2cccc(c2)[N+](=O)[O-])nc3ccccc13
CHEMBL184847,VCSQVKQFGYRGEH-UHFFFAOYSA-N,,,P42685,TYROSINE-PROTEIN KINASE FRK,FRK,21336281.0,pKI,5.600153287287077,NM,Cc1ccc(NC(=O)Nc2ccc(cc2)c3cccc4C(=O)NCc34)cc1C
CHEMBL184847,VCSQVKQFGYRGEH-UHFFFAOYSA-N,,,P42685,TYROSINE-PROTEIN KINASE FRK,FRK,,pKI,5.59999938302362,NM,Cc1ccc(NC(=O)Nc2ccc(cc2)c3cccc4C(=O)NCc34)cc1C
CHEMBL1976240,VGNKOJURPOHWJF-UHFFFAOYSA-N,,,P42685,TYROSINE-PROTEIN KINASE FRK,FRK,,pKI,5.59999938302362,NM,COc1cccc(c1)C(CN)NC(=O)c2ccc(cc2)c3ccncc3
CHEMBL1972937,VGURQCQNQDZAOF-UHFFFAOYSA-N,,,P42685,TYROSINE-PROTEIN KINASE FRK,FRK,,pKI,5.59999938302362,NM,COc1cccc(C=C2SC(=Nc3ccccc3)NC2=O)c1
CHEMBL1969042,VIJBEUTVNBPGIU-UHFFFAOYSA-N,,,P42685,TYROSINE-PROTEIN KINASE FRK,FRK,,pKI,5.59999938302362,NM,Oc1ccc(Nc2[nH]nc(c3ccc(O)cc3)c2c4ccc(O)cc4)cc1
CHEMBL1989708,VKBFHTIUXUCYRQ-UHFFFAOYSA-N,,,P42685,TYROSINE-PROTEIN KINASE FRK,FRK,,pKI,8.400116927926312,NM,CC(O)Cn1cc(cn1)c2cnc(N)c3c(csc23)c4ccc(NC(=O)Nc5cccc(C)c5)cc4
CHEMBL1989708,VKBFHTIUXUCYRQ-UHFFFAOYSA-N,,,P42685,TYROSINE-PROTEIN KINASE FRK,FRK,,pKI,8.199970640755867,NM,CC(O)Cn1cc(cn1)c2cnc(N)c3c(csc23)c4ccc(NC(=O)Nc5cccc(C)c5)cc4
CHEMBL2006276,VKWVIEBXAPQKKA-UHFFFAOYSA-N,,,P42685,TYROSINE-PROTEIN KINASE FRK,FRK,,pKI,5.59999938302362,NM,COc1cccc2NC(=O)c3ccc(Nc4ccncc4)cc3Nc12
CHEMBL1965423,VLEFVPMCVJDTHZ-UHFFFAOYSA-N,,,P42685,TYROSINE-PROTEIN KINASE FRK,FRK,,pKI,7.50003813440381,NM,CC(C)Cn1c(N)nc2ccc(cc12)c3c(nc4sccn34)c5ccc(F)cc5
CHEMBL259922,VMOVZKURWYNTLN-UHFFFAOYSA-N,,,P42685,TYROSINE-PROTEIN KINASE FRK,FRK,21336281.0,pKI,8.39999999994927,NM,Cc1ccc(cc1Nc2ncnc3c2cnn3c4ccccc4)C(=O)Nc5ccon5
CHEMBL259922,VMOVZKURWYNTLN-UHFFFAOYSA-N,,,P42685,TYROSINE-PROTEIN KINASE FRK,FRK,,pKI,8.400116927926312,NM,Cc1ccc(cc1Nc2ncnc3c2cnn3c4ccccc4)C(=O)Nc5ccon5
CHEMBL1969537,VNGYQBMDQMDALH-UHFFFAOYSA-N,,,P42685,TYROSINE-PROTEIN KINASE FRK,FRK,,pKI,5.59999938302362,NM,S=C1NN=C2N1C3=NNC(=S)N3c4sc5CCCc5c24
CHEMBL1996587,VOAZYSSSBBQYMU-UHFFFAOYSA-N,,,P42685,TYROSINE-PROTEIN KINASE FRK,FRK,,pKI,5.59999938302362,NM,CC(C)(CO)c1nnc2ccc(nn12)c3c(nc4CCCn34)c5ccc(F)cc5F
CHEMBL1982660,VQPBIJGXSXEOCU-UHFFFAOYSA-N,,,P42685,TYROSINE-PROTEIN KINASE FRK,FRK,,pKI,5.59999938302362,NM,COc1ccc2c(NC(=O)Nc3cccc(n3)C(F)(F)F)ccnc2c1
CHEMBL1988594,VUHZDNOPEVGHEO-UHFFFAOYSA-N,,,P42685,TYROSINE-PROTEIN KINASE FRK,FRK,,pKI,5.59999938302362,NM,Nc1ncnc2scc(C(=O)Nc3ccc(NC(=O)Nc4ccccc4)cc3)c12
CHEMBL1992536,VVQQRUZZQQSDEI-UHFFFAOYSA-N,,,P42685,TYROSINE-PROTEIN KINASE FRK,FRK,,pKI,5.59999938302362,NM,COc1ccc(CNC2=C(Nc3ccc4[nH]ncc4c3)C(=O)C2=O)cc1
CHEMBL1965836,VXYDJXMHISGSDA-UHFFFAOYSA-N,,,P42685,TYROSINE-PROTEIN KINASE FRK,FRK,,pKI,5.59999938302362,NM,Cc1n[nH]c2ccc(cc12)c3cncc(OCC(N)Cc4cccc(OC(F)(F)F)c4)c3
CHEMBL1992306,WFTZMAAMCVPJJT-UHFFFAOYSA-N,,,P42685,TYROSINE-PROTEIN KINASE FRK,FRK,,pKI,8.698970004336019,NM,CNC(=O)c1cc(Oc2ccc(NC(=O)Nc3cccc(c3)C(F)(F)F)cc2)ccn1
CHEMBL461876,WHVFDYQCAMPLMS-UHFFFAOYSA-N,,,P42685,TYROSINE-PROTEIN KINASE FRK,FRK,21336281.0,pKI,5.600153287287077,NM,COc1cc2CCN(C(=O)CN(C)C)c2cc1Nc3nc(Nc4cccc(F)c4C(=O)N)c5cc[nH]c5n3
CHEMBL461876,WHVFDYQCAMPLMS-UHFFFAOYSA-N,,,P42685,TYROSINE-PROTEIN KINASE FRK,FRK,,pKI,5.59999938302362,NM,COc1cc2CCN(C(=O)CN(C)C)c2cc1Nc3nc(Nc4cccc(F)c4C(=O)N)c5cc[nH]c5n3
CHEMBL2000408,WIHAOLDOGQOGIU-UHFFFAOYSA-N,,,P42685,TYROSINE-PROTEIN KINASE FRK,FRK,,pKI,5.700000503883016,NM,Cc1cn2c(c3ccnc(NCC(C)(C)CO)n3)c(nc2c(C)n1)c4ccc(F)cc4F
CHEMBL1990885,WINHZLLDWRZWRT-UHFFFAOYSA-N,,,P42685,TYROSINE-PROTEIN KINASE FRK,FRK,,pKI,6.900008766455316,NM,CCN(CC)CCNC(=O)c1c(C)[nH]c(C=C2C(=O)Nc3ccc(F)cc23)c1C
CHEMBL1996500,WIRUYYYAAJOIKO-UHFFFAOYSA-N,,,P42685,TYROSINE-PROTEIN KINASE FRK,FRK,,pKI,5.59999938302362,NM,Cc1nccn2c(c3ccnc(NCC(C)(C)O)n3)c(nc12)c4ccc(F)cc4F
CHEMBL1979057,WKEYMNLZBZKLOG-UHFFFAOYSA-N,,,P42685,TYROSINE-PROTEIN KINASE FRK,FRK,,pKI,5.59999938302362,NM,O=C1NCc2c1cccc2c3ccc(Nc4nc5ccccc5[nH]4)cc3
CHEMBL1980297,WPHKIQPVPYJNAX-UHFFFAOYSA-N,ILORASERTIB,,P42685,TYROSINE-PROTEIN KINASE FRK,FRK,,pKI,8.698970004336019,NM,Nc1ncc(c2cnn(CCO)c2)c3scc(c4ccc(NC(=O)Nc5cccc(F)c5)cc4)c13
CHEMBL2002702,WUWDLXZGHZSWQZ-UHFFFAOYSA-N,,,P42685,TYROSINE-PROTEIN KINASE FRK,FRK,,pKI,5.800000874803203,NM,Cc1cc(C)c(C=C2C(=O)Nc3ccccc23)[nH]1
CHEMBL1967094,WVFWTUJEHMVUBG-UHFFFAOYSA-N,,,P42685,TYROSINE-PROTEIN KINASE FRK,FRK,,pKI,5.59999938302362,NM,Clc1ccc(CNC(=O)c2cc3c(n[nH]c3s2)c4ccccc4)cc1
CHEMBL1624529,WVPSKSLAZQPAKQ-UHFFFAOYSA-N,,,P42685,TYROSINE-PROTEIN KINASE FRK,FRK,,pKI,5.59999938302362,NM,NC1C2CN(CC12)c3nc4N(C=C(C(=O)O)C(=O)c4cc3F)c5ccc(F)cc5F
CHEMBL1991678,WYBGYJNIKOAPQI-UHFFFAOYSA-N,,,P42685,TYROSINE-PROTEIN KINASE FRK,FRK,,pKI,5.59999938302362,NM,Cc1nccn2c(c3ccnc(NCC(C)(C)CO)n3)c(nc12)c4ccc(F)cc4F
CHEMBL1966703,WYBRFXSHAXWYIZ-UHFFFAOYSA-N,,,P42685,TYROSINE-PROTEIN KINASE FRK,FRK,,pKI,5.59999938302362,NM,Cc1n[nH]c2NC3=C(C(c4ccccc4F)c12)C(=O)CC(C)(C)C3
CHEMBL1993584,WYLVFMBGPRCDQF-UHFFFAOYSA-N,,,P42685,TYROSINE-PROTEIN KINASE FRK,FRK,,pKI,5.59999938302362,NM,OC(COc1cncc(C=Cc2ccncc2)c1)Cc3c[nH]c4ccccc34
CHEMBL2005475,WYOMXSAYYXBPMN-UHFFFAOYSA-N,,,P42685,TYROSINE-PROTEIN KINASE FRK,FRK,,pKI,5.59999938302362,NM,O=C(NCC1CCCCC1)c2cc3c(n[nH]c3s2)c4ccccc4
CHEMBL1981410,XAYDUCQADQTDGX-UHFFFAOYSA-N,,,P42685,TYROSINE-PROTEIN KINASE FRK,FRK,,pKI,5.59999938302362,NM,CNc1ncnc2NCCC(=Nc12)c3ccc(NC(=O)Nc4cccc(c4)C(F)(F)F)cc3
CHEMBL1990288,XBAIEEJJCJHBDL-UHFFFAOYSA-N,,,P42685,TYROSINE-PROTEIN KINASE FRK,FRK,,pKI,6.399996913372259,NM,CC(Nc1nccc(n1)c2c(nc3occn23)c4ccc(F)cc4)c5ccccc5
CHEMBL1990288,XBAIEEJJCJHBDL-UHFFFAOYSA-N,,,P42685,TYROSINE-PROTEIN KINASE FRK,FRK,,pKI,5.59999938302362,NM,CC(Nc1nccc(n1)c2c(nc3occn23)c4ccc(F)cc4)c5ccccc5
CHEMBL1965131,XBDWKVLCDCUNHH-UHFFFAOYSA-N,,,P42685,TYROSINE-PROTEIN KINASE FRK,FRK,,pKI,5.59999938302362,NM,Cc1ccc(cc1)C(=O)Nc2c(sc3ccc(Cl)c(Cl)c23)C(=O)N
CHEMBL1986603,XBNSDTLFWKORGH-UHFFFAOYSA-N,,,P42685,TYROSINE-PROTEIN KINASE FRK,FRK,,pKI,5.59999938302362,NM,Cc1onc(NC(=O)CCNC(=O)Nc2nc(C)c(s2)c3ccc(cc3)n4cccn4)c1
CHEMBL1993941,XBYVOPRDASFDMY-UHFFFAOYSA-N,,,P42685,TYROSINE-PROTEIN KINASE FRK,FRK,,pKI,7.599980364934842,NM,CCCn1cc(cn1)c2cnc(N)c3c(csc23)c4ccc(NC(=O)Nc5cccc(F)c5)cc4
CHEMBL1964692,XCHWBXBDZRJVDP-UHFFFAOYSA-N,,,P42685,TYROSINE-PROTEIN KINASE FRK,FRK,,pKI,8.600326278518962,NM,Cn1nc(N)c2c(cncc12)c3ccc(NC(=O)Nc4cccc(c4)C(F)(F)F)cc3
CHEMBL1973483,XFRYMFRHCLWJQY-UHFFFAOYSA-N,,,P42685,TYROSINE-PROTEIN KINASE FRK,FRK,,pKI,5.59999938302362,NM,FC(F)(F)c1ccc2c(NC(=O)Nc3cccc(n3)C(F)(F)F)ccnc2c1
CHEMBL1993781,XFTPNRUQKBIHDT-UHFFFAOYSA-N,,,P42685,TYROSINE-PROTEIN KINASE FRK,FRK,,pKI,5.59999938302362,NM,NC(COCc1ccccc1)COc2cncc(C=Cc3ccncc3)c2
CHEMBL1969588,XFWUTMHVDGPWLH-UHFFFAOYSA-N,,,P42685,TYROSINE-PROTEIN KINASE FRK,FRK,,pKI,7.100015437450609,NM,Clc1cc(cc(NCc2ccccc2)n1)c3c[nH]c4ncccc34
CHEMBL939,XGALLCVXEZPNRQ-UHFFFAOYSA-N,GEFITINIB,,P42685,TYROSINE-PROTEIN KINASE FRK,FRK,21336281.0,pKI,6.600326278518962,NM,COc1cc2ncnc(Nc3ccc(F)c(Cl)c3)c2cc1OCCCN4CCOCC4
CHEMBL939,XGALLCVXEZPNRQ-UHFFFAOYSA-N,GEFITINIB,,P42685,TYROSINE-PROTEIN KINASE FRK,FRK,,pKI,6.599997654072044,NM,COc1cc2ncnc(Nc3ccc(F)c(Cl)c3)c2cc1OCCCN4CCOCC4
CHEMBL1982992,XGMWRIIMIJPGBH-UHFFFAOYSA-N,,,P42685,TYROSINE-PROTEIN KINASE FRK,FRK,,pKI,5.800000874803203,NM,Oc1cccc(Nc2ncnc3scc(Cl)c23)c1
CHEMBL2002165,XHORJSJFHVABEA-UHFFFAOYSA-N,,,P42685,TYROSINE-PROTEIN KINASE FRK,FRK,,pKI,7.599980364934842,NM,CC(O)Cn1cc(cn1)c2cnc(N)c3c(csc23)c4ccc(NC(=O)Nc5cccc(F)c5)cc4
CHEMBL1989805,XIOOJUQFJYPVLA-UHFFFAOYSA-N,,,P42685,TYROSINE-PROTEIN KINASE FRK,FRK,,pKI,5.59999938302362,NM,NC(=O)C1=C2SC(=Cc3occc3)C(=O)N2C(=C(C#N)C1c4occc4)N
CHEMBL2004716,XJSFDMGICAWQFS-UHFFFAOYSA-N,,,P42685,TYROSINE-PROTEIN KINASE FRK,FRK,,pKI,8.300162274132754,NM,CCN(CC)CCNC(=O)C=Cc1cnc(N)c2c(csc12)c3ccc(NC(=O)Nc4cccc(C)c4)cc3
CHEMBL1981047,XKFTZKGMDDZMJI-UHFFFAOYSA-N,,,P42685,TYROSINE-PROTEIN KINASE FRK,FRK,,pKI,8.899629454882437,NM,COC(C(=O)N1Cc2[nH]nc(NC(=O)c3ccc(cc3)N4CCN(C)CC4)c2C1)c5ccccc5
CHEMBL1982466,XKZINYYXWJEYEL-UHFFFAOYSA-N,,,P42685,TYROSINE-PROTEIN KINASE FRK,FRK,,pKI,8.300162274132754,NM,Cc1ccc(NC(=O)Nc2ccc(cc2)c3csc4c(cnc(N)c34)c5cnn(C)c5)cc1
CHEMBL1090360,XKZQZMSAWVDRSP-UHFFFAOYSA-N,,,P42685,TYROSINE-PROTEIN KINASE FRK,FRK,21336281.0,pKI,7.508638306165727,NM,O=C(Cc1ccccc1)Nc2cccc(c2)c3nc4sccn4c3c5ccnc(Nc6cccc(c6)N7CCOCC7)n5
CHEMBL1090360,XKZQZMSAWVDRSP-UHFFFAOYSA-N,,,P42685,TYROSINE-PROTEIN KINASE FRK,FRK,,pKI,7.50003813440381,NM,O=C(Cc1ccccc1)Nc2cccc(c2)c3nc4sccn4c3c5ccnc(Nc6cccc(c6)N7CCOCC7)n5
CHEMBL1242373,XLFYOIVELARSKP-UHFFFAOYSA-N,,,P42685,TYROSINE-PROTEIN KINASE FRK,FRK,,pKI,6.699991797446187,NM,Cc1cccc(NC(=O)Nc2ccc3c(CCc4sc5ncnc(N)c5c34)c2)c1
CHEMBL1967544,XMFUGSRATNLPRM-UHFFFAOYSA-N,,,P42685,TYROSINE-PROTEIN KINASE FRK,FRK,,pKI,5.59999938302362,NM,CN(C)c1cccc2c(cccc12)S(=O)(=O)N(CCN)c3cncc(c3)c4ccc5cnccc5c4
CHEMBL1968590,XNEPVLVYFUGJLF-UHFFFAOYSA-N,,,P42685,TYROSINE-PROTEIN KINASE FRK,FRK,,pKI,7.400007822415902,NM,CNC(=O)C=Cc1cnc(N)c2c(csc12)c3ccc4sc(C)nc4c3
CHEMBL1971141,XNLJDUXNZQBRSE-UHFFFAOYSA-N,,,P42685,TYROSINE-PROTEIN KINASE FRK,FRK,,pKI,5.59999938302362,NM,Cc1cccc(NC(=O)Nc2ccc(cc2)c3cccc(c3)C(=O)N)c1
CHEMBL1988387,XOOAAYRIVATZNM-UHFFFAOYSA-N,,,P42685,TYROSINE-PROTEIN KINASE FRK,FRK,,pKI,8.600326278518962,NM,Cn1cc(cn1)c2cnc(N)c3c(csc23)c4ccc(NC(=O)Nc5ccc(OC(F)F)cc5)cc4
CHEMBL340921,XOVPCPRZRHQFBI-UHFFFAOYSA-N,,,P42685,TYROSINE-PROTEIN KINASE FRK,FRK,21336281.0,pKI,5.600153287287077,NM,Cc1cc(O)ccc1N2C=C(C(=O)N)C(=O)c3ccc(cc23)c4ccncc4
CHEMBL340921,XOVPCPRZRHQFBI-UHFFFAOYSA-N,,,P42685,TYROSINE-PROTEIN KINASE FRK,FRK,,pKI,5.59999938302362,NM,Cc1cc(O)ccc1N2C=C(C(=O)N)C(=O)c3ccc(cc23)c4ccncc4
CHEMBL1995813,XPHWIERLJBFPFV-UHFFFAOYSA-N,,,P42685,TYROSINE-PROTEIN KINASE FRK,FRK,,pKI,5.800000874803203,NM,NC1CCCCC1Nc2nccc(n2)c3c[nH]c4ncccc34
CHEMBL1991285,XPPLYAKZGXYPOZ-UHFFFAOYSA-N,,,P42685,TYROSINE-PROTEIN KINASE FRK,FRK,,pKI,5.59999938302362,NM,Cc1cc(OCC2CCC(C2)C(=O)O)c(NC(=O)Nc3cnc(cn3)C#N)cc1Cl
CHEMBL1968380,XQVVPGYIWAGRNI-UHFFFAOYSA-N,,,P42685,TYROSINE-PROTEIN KINASE FRK,FRK,,pKI,5.59999938302362,NM,CCC1N(C2CCCC2)c3nc(Nc4ccc(cc4OC)C(=O)NC5CCN(C)CC5)ncc3N(C)C1=O
CHEMBL1972158,XSDJOIOVIMPMHD-UHFFFAOYSA-N,,,P42685,TYROSINE-PROTEIN KINASE FRK,FRK,,pKI,5.899998417198648,NM,Nc1n[nH]c2ccc(cc12)c3nnn(Cc4ccccc4)c3c5ccccc5
CHEMBL1965845,XSRHBCYNCKAFKS-UHFFFAOYSA-N,,,P42685,TYROSINE-PROTEIN KINASE FRK,FRK,,pKI,5.59999938302362,NM,COc1cccc(c1)C(C)NC(=O)N2CCC(=CC2)c3c[nH]c4ncccc34
CHEMBL491473,XXJWYDDUDKYVKI-UHFFFAOYSA-N,CEDIRANIB,,P42685,TYROSINE-PROTEIN KINASE FRK,FRK,21336281.0,pKI,7.102372908709558,NM,COc1cc2c(Oc3ccc4[nH]c(C)cc4c3F)ncnc2cc1OCCCN5CCCC5
CHEMBL491473,XXJWYDDUDKYVKI-UHFFFAOYSA-N,CEDIRANIB,,P42685,TYROSINE-PROTEIN KINASE FRK,FRK,,pKI,7.100015437450609,NM,COc1cc2c(Oc3ccc4[nH]c(C)cc4c3F)ncnc2cc1OCCCN5CCCC5
CHEMBL1968406,XYXLUJQBBIBJFV-UHFFFAOYSA-N,,,P42685,TYROSINE-PROTEIN KINASE FRK,FRK,,pKI,7.599980364934842,NM,CCc1cccc(NC(=O)Nc2ccc3c(CCc4sc5ncnc(N)c5c34)c2)c1
CHEMBL1998121,XYZNKCSDQRKAFR-UHFFFAOYSA-N,,,P42685,TYROSINE-PROTEIN KINASE FRK,FRK,,pKI,6.399996913372259,NM,NCCC(C(=O)Nc1ccc2[nH]ncc2c1)c3ccc(Cl)c(Cl)c3
CHEMBL387971,YACXOXQTGJXYNX-UHFFFAOYSA-N,,,P42685,TYROSINE-PROTEIN KINASE FRK,FRK,21336281.0,pKI,5.600153287287077,NM,COCCOCC#Cc1cc(cs1)c2n[nH]c3c4ccc(CN5CCN(C)CC5)cc4C(=O)c23
CHEMBL387971,YACXOXQTGJXYNX-UHFFFAOYSA-N,,,P42685,TYROSINE-PROTEIN KINASE FRK,FRK,,pKI,5.59999938302362,NM,COCCOCC#Cc1cc(cs1)c2n[nH]c3c4ccc(CN5CCN(C)CC5)cc4C(=O)c23
CHEMBL2006493,YCBJUIHLMYFQSQ-UHFFFAOYSA-N,,,P42685,TYROSINE-PROTEIN KINASE FRK,FRK,,pKI,5.59999938302362,NM,FC(F)(F)c1ccc2C(=O)C3=C(CCCC3=O)Oc2c1
CHEMBL101253,YCOYDOIWSSHVCK-UHFFFAOYSA-N,VATALANIB,,P42685,TYROSINE-PROTEIN KINASE FRK,FRK,,pKI,6.499996931948306,NM,Clc1ccc(Nc2nnc(Cc3ccncc3)c4ccccc24)cc1
CHEMBL1974664,YDOPLCNFRXOHCC-UHFFFAOYSA-N,,,P42685,TYROSINE-PROTEIN KINASE FRK,FRK,,pKI,6.0,NM,COc1ccc(C=NNc2ncnc3c4ccccc4[nH]c23)cc1OC
CHEMBL1988163,YEHCNYAQEBQCCS-UHFFFAOYSA-N,,,P42685,TYROSINE-PROTEIN KINASE FRK,FRK,,pKI,7.400007822415902,NM,NS(=O)(=O)c1cccc(Nc2ncc3ccn(c4ccccc4)c3n2)c1
CHEMBL1964444,YEKVTSRZMPLPFK-UHFFFAOYSA-N,,,P42685,TYROSINE-PROTEIN KINASE FRK,FRK,,pKI,7.0,NM,Cc1ccc2nccc(NC(=O)Nc3cccc(n3)C(F)(F)F)c2c1
CHEMBL402846,YEPNVBNYCRGZRX-UHFFFAOYSA-N,,,P42685,TYROSINE-PROTEIN KINASE FRK,FRK,21336281.0,pKI,7.200659450546418,NM,Cc1ccc(F)c(NC(=O)Nc2ccc(cc2)c3cncc4c3c(N)nn4C)c1
CHEMBL402846,YEPNVBNYCRGZRX-UHFFFAOYSA-N,,,P42685,TYROSINE-PROTEIN KINASE FRK,FRK,,pKI,7.199970640755866,NM,Cc1ccc(F)c(NC(=O)Nc2ccc(cc2)c3cncc4c3c(N)nn4C)c1
CHEMBL1999428,YGEACCLUBSGMMJ-UHFFFAOYSA-N,,,P42685,TYROSINE-PROTEIN KINASE FRK,FRK,,pKI,5.59999938302362,NM,CC(NC(=O)c1ccc(cc1)c2ccncc2)c3ccccc3
CHEMBL2003271,YKJSWMAVAKRUAN-UHFFFAOYSA-N,,,P42685,TYROSINE-PROTEIN KINASE FRK,FRK,,pKI,5.59999938302362,NM,NC(=O)c1sc2ccc(Cl)c(Cl)c2c1NC(=O)c3ccc(Cl)cc3
CHEMBL1992342,YKYRQCWLYUTVIE-UHFFFAOYSA-N,,,P42685,TYROSINE-PROTEIN KINASE FRK,FRK,,pKI,5.59999938302362,NM,CCCS(=O)(=O)Nc1ccc(cc1)c2ccc3[nH]nc(N)c3c2
CHEMBL244378,YMIJUBCSOKSFRU-UHFFFAOYSA-N,,,P42685,TYROSINE-PROTEIN KINASE FRK,FRK,21336281.0,pKI,7.508638306165727,NM,OC(=O)c1ccccc1Nc2ccnc(Nc3ccc4cn[nH]c4c3)n2
CHEMBL244378,YMIJUBCSOKSFRU-UHFFFAOYSA-N,,,P42685,TYROSINE-PROTEIN KINASE FRK,FRK,,pKI,7.50003813440381,NM,OC(=O)c1ccccc1Nc2ccnc(Nc3ccc4cn[nH]c4c3)n2
CHEMBL1969126,YMSZHISTTIUBDG-UHFFFAOYSA-N,,,P42685,TYROSINE-PROTEIN KINASE FRK,FRK,,pKI,5.59999938302362,NM,CC(C)n1nnc2ccc(cc12)c3c(nc4occn34)c5ccc(F)cc5F
CHEMBL2007372,YNJWXJNPKHJFBE-UHFFFAOYSA-N,,,P42685,TYROSINE-PROTEIN KINASE FRK,FRK,,pKI,5.59999938302362,NM,CNc1nccn2c(c3ccnc(NCC(C)(C)CO)n3)c(nc12)c4ccc(F)cc4
CHEMBL220241,YOVNFNXUCOWYSG-UHFFFAOYSA-N,GSK-269962A,,P42685,TYROSINE-PROTEIN KINASE FRK,FRK,21336281.0,pKI,5.600153287287077,NM,CCn1c(nc2cnc(Oc3cccc(NC(=O)c4ccc(OCCN5CCOCC5)cc4)c3)cc12)c6nonc6N
CHEMBL220241,YOVNFNXUCOWYSG-UHFFFAOYSA-N,GSK-269962A,,P42685,TYROSINE-PROTEIN KINASE FRK,FRK,,pKI,5.59999938302362,NM,CCn1c(nc2cnc(Oc3cccc(NC(=O)c4ccc(OCCN5CCOCC5)cc4)c3)cc12)c6nonc6N
CHEMBL1978200,YPDWGKSFVMASOZ-UHFFFAOYSA-N,,,P42685,TYROSINE-PROTEIN KINASE FRK,FRK,,pKI,5.59999938302362,NM,Cc1nccn2c(c3ccnc(NCCC(C)(C)O)n3)c(nc12)c4ccc(F)cc4F
CHEMBL1970217,YPJJSXBVVGPFHA-UHFFFAOYSA-N,,,P42685,TYROSINE-PROTEIN KINASE FRK,FRK,,pKI,5.59999938302362,NM,COc1cccc(c1)C(C)NC(=O)c2ccc(cc2)c3ccncc3C
CHEMBL1970806,YRWZRNPWLKELTF-UHFFFAOYSA-N,,,P42685,TYROSINE-PROTEIN KINASE FRK,FRK,,pKI,5.59999938302362,NM,O=C1Nc2sc3CCCCc3c2c4nc(nn14)c5cccnc5
CHEMBL2000071,YUOWJICKAJQZLS-UHFFFAOYSA-N,,,P42685,TYROSINE-PROTEIN KINASE FRK,FRK,,pKI,6.0999990348465305,NM,OCCCNc1ncnc2[nH]cc(c3ccccc3)c12
CHEMBL1998545,YVKVSKQNYIHXPX-UHFFFAOYSA-N,,,P42685,TYROSINE-PROTEIN KINASE FRK,FRK,,pKI,5.59999938302362,NM,OCC(Cc1ccccc1)NC(=O)c2ccc(cc2)c3ccncc3
CHEMBL1985406,YWITWZUKNXWOSD-UHFFFAOYSA-N,,,P42685,TYROSINE-PROTEIN KINASE FRK,FRK,,pKI,5.59999938302362,NM,CCCC(=O)Nc1n[nH]c2ccc(cc12)c3cccc(F)c3F
CHEMBL1970903,YWTBGJGMTBHQTM-UHFFFAOYSA-N,,,P42685,TYROSINE-PROTEIN KINASE FRK,FRK,,pKI,5.59999938302362,NM,Cc1n[nH]c2ccc(cc12)c3cncc(OCC(N)Cc4c[nH]c5ccccc45)c3
CHEMBL185569,ZAARMHXLYCHRAK-UHFFFAOYSA-N,,,P42685,TYROSINE-PROTEIN KINASE FRK,FRK,21336281.0,pKI,5.600153287287077,NM,Cc1cccc(NC(=O)Nc2ccc(cc2)c3cccc4C(=O)NCc34)c1
CHEMBL185569,ZAARMHXLYCHRAK-UHFFFAOYSA-N,,,P42685,TYROSINE-PROTEIN KINASE FRK,FRK,,pKI,5.59999938302362,NM,Cc1cccc(NC(=O)Nc2ccc(cc2)c3cccc4C(=O)NCc34)c1
CHEMBL1969049,ZCXXFPLQFFRMPN-UHFFFAOYSA-N,,,P42685,TYROSINE-PROTEIN KINASE FRK,FRK,,pKI,5.59999938302362,NM,COc1cccc(c1)C(C)NC(=O)c2ccc(c(C)c2)c3ccncc3
CHEMBL1971694,ZDXCUVXIHVTLEU-UHFFFAOYSA-N,,,P42685,TYROSINE-PROTEIN KINASE FRK,FRK,,pKI,5.59999938302362,NM,CCCCNC1=NS(=O)N=C1Nc2ccc(F)cc2
CHEMBL1987359,ZFMQMTAMXRLLHN-UHFFFAOYSA-N,,,P42685,TYROSINE-PROTEIN KINASE FRK,FRK,,pKI,5.59999938302362,NM,CCCCNc1ccc2C(=O)N(CCNCCO)C(=O)c3cccc1c23
CHEMBL508928,ZGDSBEUMPIMXBM-UHFFFAOYSA-N,,,P42685,TYROSINE-PROTEIN KINASE FRK,FRK,21336281.0,pKI,7.823908740944319,NM,Cc1cccc(NC(=O)Nc2ccc(cc2)c3cnc4c(cnn4c3N)c5cnn(C)c5)c1
CHEMBL508928,ZGDSBEUMPIMXBM-UHFFFAOYSA-N,,,P42685,TYROSINE-PROTEIN KINASE FRK,FRK,,pKI,7.79997073344623,NM,Cc1cccc(NC(=O)Nc2ccc(cc2)c3cnc4c(cnn4c3N)c5cnn(C)c5)c1
CHEMBL1991078,ZGZVRPRSFXRGCF-UHFFFAOYSA-N,,,P42685,TYROSINE-PROTEIN KINASE FRK,FRK,,pKI,7.100015437450609,NM,COc1ccc(cc1OC)C(=O)Nc2n[nH]c3ccc(cc23)c4cn(Cc5ccccc5)nn4
CHEMBL1976093,ZJAHDRFLBKWZPM-UHFFFAOYSA-N,,,P42685,TYROSINE-PROTEIN KINASE FRK,FRK,,pKI,5.59999938302362,NM,CN(C)CC(C)(C)CNc1nccc(n1)c2c(nc3cnccn23)c4ccc(F)cc4
CHEMBL1969502,ZKHDDJKHTPLPOQ-UHFFFAOYSA-N,,,P42685,TYROSINE-PROTEIN KINASE FRK,FRK,,pKI,6.399996913372259,NM,O=C(Nc1cc2C(=O)NN=Cc3c[nH]c(c1)c23)C4CC4c5ccccc5
CHEMBL483158,ZLHFILGSQDJULK-UHFFFAOYSA-N,ALISERTIB,,P42685,TYROSINE-PROTEIN KINASE FRK,FRK,21336281.0,pKI,7.0,NM,COc1cccc(F)c1C2=NCc3cnc(Nc4ccc(C(=O)O)c(OC)c4)nc3c5ccc(Cl)cc25
CHEMBL483158,ZLHFILGSQDJULK-UHFFFAOYSA-N,ALISERTIB,,P42685,TYROSINE-PROTEIN KINASE FRK,FRK,,pKI,7.0,NM,COc1cccc(F)c1C2=NCc3cnc(Nc4ccc(C(=O)O)c(OC)c4)nc3c5ccc(Cl)cc25
CHEMBL1976134,ZLVOTRRGLSDLPF-UHFFFAOYSA-N,,,P42685,TYROSINE-PROTEIN KINASE FRK,FRK,,pKI,5.59999938302362,NM,c1cc2cc(cnc2[nH]1)c3ccc4cn[nH]c4c3
CHEMBL1989518,ZMBDLCDLIZXFHY-UHFFFAOYSA-N,,,P42685,TYROSINE-PROTEIN KINASE FRK,FRK,,pKI,5.59999938302362,NM,NCCOc1cncc(C=Cc2ccncc2)c1
CHEMBL2005899,ZPVLRSVLOWVDJC-UHFFFAOYSA-N,,,P42685,TYROSINE-PROTEIN KINASE FRK,FRK,,pKI,5.59999938302362,NM,CC(NC1=C(N(C(=O)C)c2ccncc2)C(=O)C1=O)C(C)(C)C
CHEMBL17370,ZPXPEKQMLOAPLT-UHFFFAOYSA-N,,,P42685,TYROSINE-PROTEIN KINASE FRK,FRK,21336281.0,pKI,6.400116927926312,NM,CSc1ccc(cc1)c2nc(c3ccc(F)cc3)c([nH]2)c4ccncc4
CHEMBL17370,ZPXPEKQMLOAPLT-UHFFFAOYSA-N,,,P42685,TYROSINE-PROTEIN KINASE FRK,FRK,,pKI,6.399996913372259,NM,CSc1ccc(cc1)c2nc(c3ccc(F)cc3)c([nH]2)c4ccncc4
CHEMBL256835,ZQUSFAUAYSEREK-UHFFFAOYSA-N,,,P42685,TYROSINE-PROTEIN KINASE FRK,FRK,,pKI,6.0999990348465305,NM,COc1nccc(n1)c2c(ncn2C3CCC(O)CC3)c4ccc(F)cc4
CHEMBL97162,ZQUSFAUAYSEREK-WKILWMFISA-N,SB-239063,,P42685,TYROSINE-PROTEIN KINASE FRK,FRK,21336281.0,pKI,6.100179497572904,NM,COc1nccc(n1)c2c(ncn2[C@@H]3CC[C@@H](O)CC3)c4ccc(F)cc4
CHEMBL2005936,ZRQXCQXWTLVASO-UHFFFAOYSA-N,,,P42685,TYROSINE-PROTEIN KINASE FRK,FRK,,pKI,5.899998417198648,NM,CCCC(=O)Nc1n[nH]c2ccc(cc12)c3nnn(Cc4ccccc4)c3c5ccccc5
CHEMBL2006188,ZRTWUBWXIGHVET-UHFFFAOYSA-N,,,P42685,TYROSINE-PROTEIN KINASE FRK,FRK,,pKI,5.59999938302362,NM,COc1cccc(c1)C(C)NC(=O)c2ccc(cc2NCCCN)c3ccncc3
CHEMBL377383,ZVDDPXIWKBBCQE-UHFFFAOYSA-N,,,P42685,TYROSINE-PROTEIN KINASE FRK,FRK,21336281.0,pKI,5.600153287287077,NM,CCOc1nc(cc(N)c1Cl)C(=O)NCc2ccc(cc2)S(=O)(=O)C
CHEMBL377383,ZVDDPXIWKBBCQE-UHFFFAOYSA-N,,,P42685,TYROSINE-PROTEIN KINASE FRK,FRK,,pKI,5.59999938302362,NM,CCOc1nc(cc(N)c1Cl)C(=O)NCc2ccc(cc2)S(=O)(=O)C
CHEMBL2007592,ZVGVJHARPQUYQS-UHFFFAOYSA-N,,,P42685,TYROSINE-PROTEIN KINASE FRK,FRK,,pKI,5.59999938302362,NM,O=C1Nc2sc3CCCCc3c2c4nc(nn14)c5ccccc5
CHEMBL306380,ZVPDNRVYHLRXLX-UHFFFAOYSA-N,,,P42685,TYROSINE-PROTEIN KINASE FRK,FRK,21336281.0,pKI,8.500000000023125,NM,Cc1ccc(cc1)c2nn(c3ncnc(N)c23)C(C)(C)C
CHEMBL306380,ZVPDNRVYHLRXLX-UHFFFAOYSA-N,,,P42685,TYROSINE-PROTEIN KINASE FRK,FRK,,pKI,8.500312917381596,NM,Cc1ccc(cc1)c2nn(c3ncnc(N)c23)C(C)(C)C
CHEMBL1988838,ZVWRFVCNQOECJS-UHFFFAOYSA-N,,,P42685,TYROSINE-PROTEIN KINASE FRK,FRK,,pKI,7.100015437450609,NM,Cc1cnc(Nc2cccc(c2)S(=O)(=O)N)nc1Nc3ccc(OCC(=O)N)cc3
CHEMBL2005886,ZWVZORIKUNOTCS-UHFFFAOYSA-N,,,P42685,TYROSINE-PROTEIN KINASE FRK,FRK,,pKI,7.899974269892137,NM,Cc1cc(cc2[nH]c(nc12)C3=C(NCC(O)c4cccc(Cl)c4)C=CNC3=O)N5CCOCC5
CHEMBL213505,ZXLFIHLBHMLHFJ-UHFFFAOYSA-N,,,P42685,TYROSINE-PROTEIN KINASE FRK,FRK,21336281.0,pKI,8.100000000013276,NM,Nc1ncnc2onc(c3ccc(NC(=O)Nc4cccc(c4)C(F)(F)F)cc3)c12
CHEMBL213505,ZXLFIHLBHMLHFJ-UHFFFAOYSA-N,,,P42685,TYROSINE-PROTEIN KINASE FRK,FRK,,pKI,8.100179497572904,NM,Nc1ncnc2onc(c3ccc(NC(=O)Nc4cccc(c4)C(F)(F)F)cc3)c12
CHEMBL1967887,ZYTFPHRVOZXPGZ-UHFFFAOYSA-N,,,P42685,TYROSINE-PROTEIN KINASE FRK,FRK,,pKI,5.59999938302362,NM,Cc1n[nH]c2ccc(cc12)c3cncc(OCCN)c3
