CHEMBL553,AAKJLRGGTJKAMG-UHFFFAOYSA-N,ERLOTINIB,,O14920,INHIBITOR OF NUCLEAR FACTOR KAPPA B KINASE BETA SUBUNIT,IKBKB,21336281.0,pKI,5.50003813440381,NM,COCCOc1cc2ncnc(Nc3cccc(c3)C#C)c2cc1OCCOC
CHEMBL553,AAKJLRGGTJKAMG-UHFFFAOYSA-N,ERLOTINIB,,O14920,INHIBITOR OF NUCLEAR FACTOR KAPPA B KINASE BETA SUBUNIT,IKBKB,,pKI,5.499999678657065,NM,COCCOc1cc2ncnc(Nc3cccc(c3)C#C)c2cc1OCCOC
CHEMBL1968850,AEZICWXXUCODMN-UHFFFAOYSA-N,,,O14920,INHIBITOR OF NUCLEAR FACTOR KAPPA B KINASE BETA SUBUNIT,IKBKB,,pKI,5.499999678657065,NM,Clc1cc2C(=O)Nc3ccccc3Nc2nn1
CHEMBL1970074,AGYRJOAGMDIFKL-UHFFFAOYSA-N,,,O14920,INHIBITOR OF NUCLEAR FACTOR KAPPA B KINASE BETA SUBUNIT,IKBKB,,pKI,6.0,NM,Cc1n[nH]c2cccc(c3ccc(NC(=O)Nc4cccc(c4)C(F)(F)F)cc3)c12
CHEMBL275224,AIFRHYZBTHREPW-UHFFFAOYSA-N,NORHARMANE,,O14920,INHIBITOR OF NUCLEAR FACTOR KAPPA B KINASE BETA SUBUNIT,IKBKB,21336281.0,pKI,5.100015437450609,NM,c1ccc2c(c1)[nH]c3cnccc23
CHEMBL275224,AIFRHYZBTHREPW-UHFFFAOYSA-N,NORHARMANE,,O14920,INHIBITOR OF NUCLEAR FACTOR KAPPA B KINASE BETA SUBUNIT,IKBKB,,pKI,5.100000128334196,NM,c1ccc2c(c1)[nH]c3cnccc23
CHEMBL1964307,APUCFXHENVUXCY-UHFFFAOYSA-N,,,O14920,INHIBITOR OF NUCLEAR FACTOR KAPPA B KINASE BETA SUBUNIT,IKBKB,,pKI,5.499999678657065,NM,Cc1cccc(NC(=O)Cc2ccc(cc2)c3cccc4[nH]nc(N)c34)c1
CHEMBL1968245,AQDWLHMFJHACCX-UHFFFAOYSA-N,,,O14920,INHIBITOR OF NUCLEAR FACTOR KAPPA B KINASE BETA SUBUNIT,IKBKB,,pKI,5.499999678657065,NM,NC(COc1cc(C=Cc2ccncc2)cnc1Cl)Cc3c[nH]c4ccccc34
CHEMBL412142,AQGNHMOJWBZFQQ-UHFFFAOYSA-N,CHIR-99021,CHIR99021,O14920,INHIBITOR OF NUCLEAR FACTOR KAPPA B KINASE BETA SUBUNIT,IKBKB,21336281.0,pKI,5.50003813440381,NM,Cc1c[nH]c(n1)c2cnc(NCCNc3ccc(cn3)C#N)nc2c4ccc(Cl)cc4Cl
CHEMBL412142,AQGNHMOJWBZFQQ-UHFFFAOYSA-N,CHIR-99021,CHIR99021,O14920,INHIBITOR OF NUCLEAR FACTOR KAPPA B KINASE BETA SUBUNIT,IKBKB,,pKI,5.499999678657065,NM,Cc1c[nH]c(n1)c2cnc(NCCNc3ccc(cn3)C#N)nc2c4ccc(Cl)cc4Cl
CHEMBL1082440,AWDORCFLUJZUQS-UHFFFAOYSA-N,,,O14920,INHIBITOR OF NUCLEAR FACTOR KAPPA B KINASE BETA SUBUNIT,IKBKB,,pKI,5.499999678657065,NM,CC1CNCCCN1S(=O)(=O)c2cccc3cncc(C)c23
CHEMBL1999918,AWJPVXSHMIELNJ-UHFFFAOYSA-N,,,O14920,INHIBITOR OF NUCLEAR FACTOR KAPPA B KINASE BETA SUBUNIT,IKBKB,,pKI,5.499999678657065,NM,NC(=O)c1cc2c(cncc2s1)c3ccc(Br)c(F)c3F
CHEMBL1985311,AYJBHLUSGLQYDG-UHFFFAOYSA-N,,,O14920,INHIBITOR OF NUCLEAR FACTOR KAPPA B KINASE BETA SUBUNIT,IKBKB,,pKI,5.499999678657065,NM,Nc1n[nH]c2cccc(c3ccc(NC(=O)Nc4cc(CO)ccc4F)cc3)c12
CHEMBL248757,AZTMYWWWILJAKW-UHFFFAOYSA-N,,,O14920,INHIBITOR OF NUCLEAR FACTOR KAPPA B KINASE BETA SUBUNIT,IKBKB,21336281.0,pKI,5.50003813440381,NM,Clc1cc2NC(=O)Nc3cnc(C#N)c(OCCCCOc2cc1NCc4cncs4)n3
CHEMBL248757,AZTMYWWWILJAKW-UHFFFAOYSA-N,,,O14920,INHIBITOR OF NUCLEAR FACTOR KAPPA B KINASE BETA SUBUNIT,IKBKB,17935989.0,pKI,5.6311554931741785,NM,Clc1cc2NC(=O)Nc3cnc(C#N)c(OCCCCOc2cc1NCc4cncs4)n3
CHEMBL248757,AZTMYWWWILJAKW-UHFFFAOYSA-N,,,O14920,INHIBITOR OF NUCLEAR FACTOR KAPPA B KINASE BETA SUBUNIT,IKBKB,,pKI,5.499999678657065,NM,Clc1cc2NC(=O)Nc3cnc(C#N)c(OCCCCOc2cc1NCc4cncs4)n3
CHEMBL554,BCFGMOOMADDAQU-UHFFFAOYSA-N,LAPATINIB,,O14920,INHIBITOR OF NUCLEAR FACTOR KAPPA B KINASE BETA SUBUNIT,IKBKB,21336281.0,pKI,5.50003813440381,NM,CS(=O)(=O)CCNCc1oc(cc1)c2ccc3ncnc(Nc4ccc(OCc5cccc(F)c5)c(Cl)c4)c3c2
CHEMBL554,BCFGMOOMADDAQU-UHFFFAOYSA-N,LAPATINIB,,O14920,INHIBITOR OF NUCLEAR FACTOR KAPPA B KINASE BETA SUBUNIT,IKBKB,,pKI,5.499999678657065,NM,CS(=O)(=O)CCNCc1oc(cc1)c2ccc3ncnc(Nc4ccc(OCc5cccc(F)c5)c(Cl)c4)c3c2
CHEMBL1966087,BEJGILHFZNTYCX-UHFFFAOYSA-N,,,O14920,INHIBITOR OF NUCLEAR FACTOR KAPPA B KINASE BETA SUBUNIT,IKBKB,,pKI,5.499999678657065,NM,C1CC(CN1)Oc2cncc(C=Cc3ccncc3)c2
CHEMBL1970913,BHGSKYNWCFIOHP-UHFFFAOYSA-N,,,O14920,INHIBITOR OF NUCLEAR FACTOR KAPPA B KINASE BETA SUBUNIT,IKBKB,,pKI,5.499999678657065,NM,CCCC(=O)Nc1nn(C(=O)CC)c2nc3ccccc3cc12
CHEMBL1975233,BPJQSSSZFGZEOF-UHFFFAOYSA-N,,,O14920,INHIBITOR OF NUCLEAR FACTOR KAPPA B KINASE BETA SUBUNIT,IKBKB,,pKI,5.899998417198648,NM,COc1cc(C)c(Cl)cc1NC(=O)Nc2cnc(cn2)C#N
CHEMBL2002726,BPNUQXPIQBZCMR-UHFFFAOYSA-N,,,O14920,INHIBITOR OF NUCLEAR FACTOR KAPPA B KINASE BETA SUBUNIT,IKBKB,,pKI,5.499999678657065,NM,Cc1n[nH]c2ccc(cc12)c3cncc(OCC(N)Cc4ccccc4)c3
CHEMBL413779,BQPLWJRDSDNGNE-UHFFFAOYSA-N,,,O14920,INHIBITOR OF NUCLEAR FACTOR KAPPA B KINASE BETA SUBUNIT,IKBKB,21336281.0,pKI,6.300162274132754,NM,OCCOc1cc2OCCCCCOc3nc(NC(=O)Nc2cc1Cl)cnc3C#N
CHEMBL413779,BQPLWJRDSDNGNE-UHFFFAOYSA-N,,,O14920,INHIBITOR OF NUCLEAR FACTOR KAPPA B KINASE BETA SUBUNIT,IKBKB,,pKI,6.299997602857746,NM,OCCOc1cc2OCCCCCOc3nc(NC(=O)Nc2cc1Cl)cnc3C#N
CHEMBL1979970,BQWACEUCYSZDBQ-UHFFFAOYSA-N,,,O14920,INHIBITOR OF NUCLEAR FACTOR KAPPA B KINASE BETA SUBUNIT,IKBKB,,pKI,5.499999678657065,NM,CCCC(=O)Nc1n[nH]c2nnc(cc12)c3cccc(F)c3F
CHEMBL2001751,BSFNGHCTZDCQBF-UHFFFAOYSA-N,,,O14920,INHIBITOR OF NUCLEAR FACTOR KAPPA B KINASE BETA SUBUNIT,IKBKB,,pKI,5.899998417198648,NM,NC(COc1cncc(c1)c2ccc3NC(=O)C(=Cc4occc4)c3c2)Cc5c[nH]c6ccccc56
CHEMBL1965495,BTHLNBWTKKAULX-UHFFFAOYSA-N,,,O14920,INHIBITOR OF NUCLEAR FACTOR KAPPA B KINASE BETA SUBUNIT,IKBKB,,pKI,5.499999678657065,NM,Cc1n[nH]c2ncc(C#N)c(c3ccccc3)c12
CHEMBL52387,BTIHMVBBUGXLCJ-UHFFFAOYSA-N,(RS)-ROSCOVITINE,,O14920,INHIBITOR OF NUCLEAR FACTOR KAPPA B KINASE BETA SUBUNIT,IKBKB,21336281.0,pKI,5.50003813440381,NM,CCC(CO)Nc1nc(NCc2ccccc2)c3ncn(C(C)C)c3n1
CHEMBL52387,BTIHMVBBUGXLCJ-UHFFFAOYSA-N,(RS)-ROSCOVITINE,,O14920,INHIBITOR OF NUCLEAR FACTOR KAPPA B KINASE BETA SUBUNIT,IKBKB,,pKI,5.499999678657065,NM,CCC(CO)Nc1nc(NCc2ccccc2)c3ncn(C(C)C)c3n1
CHEMBL1682552,CALAEFSQWBJMDU-UHFFFAOYSA-N,,,O14920,INHIBITOR OF NUCLEAR FACTOR KAPPA B KINASE BETA SUBUNIT,IKBKB,,pKI,5.499999678657065,NM,C1CCC(CC1)Nc2c(nc3ncccn23)c4ccc5[nH]ncc5c4
CHEMBL10,CDMGBJANTYXAIV-UHFFFAOYSA-N,SB-203580,,O14920,INHIBITOR OF NUCLEAR FACTOR KAPPA B KINASE BETA SUBUNIT,IKBKB,21336281.0,pKI,5.50003813440381,NM,C[S+]([O-])c1ccc(cc1)c2nc(c3ccc(F)cc3)c([nH]2)c4ccncc4
CHEMBL10,CDMGBJANTYXAIV-UHFFFAOYSA-N,SB-203580,,O14920,INHIBITOR OF NUCLEAR FACTOR KAPPA B KINASE BETA SUBUNIT,IKBKB,,pKI,5.499999678657065,NM,C[S+]([O-])c1ccc(cc1)c2nc(c3ccc(F)cc3)c([nH]2)c4ccncc4
CHEMBL1236126,CEAYRKIZESVQSN-UHFFFAOYSA-N,,,O14920,INHIBITOR OF NUCLEAR FACTOR KAPPA B KINASE BETA SUBUNIT,IKBKB,,pKI,5.499999678657065,NM,CC(C)(C)C(=O)Oc1ccc2c(c1)nc(NC(=O)c3cccc(c3)[N+](=O)[O-])n2CCCO
CHEMBL2006933,CFBADDSSFSYJPF-UHFFFAOYSA-N,,,O14920,INHIBITOR OF NUCLEAR FACTOR KAPPA B KINASE BETA SUBUNIT,IKBKB,,pKI,5.499999678657065,NM,CSc1cnc2c(ccc3cnccc23)c1O
CHEMBL1969523,CKVWQORGCCEYHS-UHFFFAOYSA-N,,,O14920,INHIBITOR OF NUCLEAR FACTOR KAPPA B KINASE BETA SUBUNIT,IKBKB,,pKI,5.499999678657065,NM,CC(NC1=C(Nc2ccnc(Nc3cccc(C)c3)n2)C(=O)C1=O)C(C)(C)C
CHEMBL326282,CNWMKSDNKYKWRI-UHFFFAOYSA-N,,,O14920,INHIBITOR OF NUCLEAR FACTOR KAPPA B KINASE BETA SUBUNIT,IKBKB,,pKI,5.499999678657065,NM,Oc1c2C(=O)CC(Cc2nc3cc(Cl)ccc13)c4ccc(Cl)cc4Cl
CHEMBL1966514,CQBBMNXXVMOFCA-UHFFFAOYSA-N,,,O14920,INHIBITOR OF NUCLEAR FACTOR KAPPA B KINASE BETA SUBUNIT,IKBKB,,pKI,5.499999678657065,NM,Nc1ncc(c2cocc2)c3scc(c4ccc(NC(=O)Nc5cccc(F)c5)cc4)c13
CHEMBL239985,CQFVDHNTTRWVQD-DKXQDJALSA-N,,,O14920,INHIBITOR OF NUCLEAR FACTOR KAPPA B KINASE BETA SUBUNIT,IKBKB,21336281.0,pKI,5.50003813440381,NM,Nc1nccn2c(nc(c3cccc(OCc4ccccc4)c3)c12)[C@@H]5C[C@H](CN6CCCC6)C5
CHEMBL1991138,CQFVDHNTTRWVQD-UHFFFAOYSA-N,,,O14920,INHIBITOR OF NUCLEAR FACTOR KAPPA B KINASE BETA SUBUNIT,IKBKB,,pKI,5.499999678657065,NM,Nc1nccn2c(nc(c3cccc(OCc4ccccc4)c3)c12)C5CC(CN6CCCC6)C5
CHEMBL378627,CSDDCHPGQGWRLI-UHFFFAOYSA-N,,,O14920,INHIBITOR OF NUCLEAR FACTOR KAPPA B KINASE BETA SUBUNIT,IKBKB,21336281.0,pKI,5.50003813440381,NM,COc1cc(c(OC)cc1CC(=O)Nc2cc(N)c(C#N)c(OC(C)C)n2)S(=O)(=O)C
CHEMBL378627,CSDDCHPGQGWRLI-UHFFFAOYSA-N,,,O14920,INHIBITOR OF NUCLEAR FACTOR KAPPA B KINASE BETA SUBUNIT,IKBKB,16759099.0,pKI,5.494850021680094,NM,COc1cc(c(OC)cc1CC(=O)Nc2cc(N)c(C#N)c(OC(C)C)n2)S(=O)(=O)C
CHEMBL378627,CSDDCHPGQGWRLI-UHFFFAOYSA-N,,,O14920,INHIBITOR OF NUCLEAR FACTOR KAPPA B KINASE BETA SUBUNIT,IKBKB,,pKI,5.499999678657065,NM,COc1cc(c(OC)cc1CC(=O)Nc2cc(N)c(C#N)c(OC(C)C)n2)S(=O)(=O)C
CHEMBL1976328,CSMDANWISUYBHA-UHFFFAOYSA-N,,,O14920,INHIBITOR OF NUCLEAR FACTOR KAPPA B KINASE BETA SUBUNIT,IKBKB,,pKI,5.499999678657065,NM,Cc1cc(C)cc(NC(=O)Nc2ccc(cc2)c3cccc4snc(N)c34)c1
CHEMBL1682545,CTJAMSGCMYAVCZ-UHFFFAOYSA-N,,,O14920,INHIBITOR OF NUCLEAR FACTOR KAPPA B KINASE BETA SUBUNIT,IKBKB,,pKI,5.499999678657065,NM,N(c1ccccc1)c2nc(cs2)c3ccc4[nH]ncc4c3
CHEMBL424872,CUIDQTVRAWOMCM-UHFFFAOYSA-N,,,O14920,INHIBITOR OF NUCLEAR FACTOR KAPPA B KINASE BETA SUBUNIT,IKBKB,21336281.0,pKI,5.50003813440381,NM,CCOc1nc(cc(N)c1C#N)C(=O)NCc2ccc(cc2)S(=O)(=O)C
CHEMBL424872,CUIDQTVRAWOMCM-UHFFFAOYSA-N,,,O14920,INHIBITOR OF NUCLEAR FACTOR KAPPA B KINASE BETA SUBUNIT,IKBKB,,pKI,5.499999678657065,NM,CCOc1nc(cc(N)c1C#N)C(=O)NCc2ccc(cc2)S(=O)(=O)C
CHEMBL1996155,CXZZKTFGTNQHGD-UHFFFAOYSA-N,,,O14920,INHIBITOR OF NUCLEAR FACTOR KAPPA B KINASE BETA SUBUNIT,IKBKB,,pKI,5.499999678657065,NM,CN1CCC1COc2cncc(CCc3ccncc3)c2
CHEMBL1990482,CZIGMBNEFWBEMD-UHFFFAOYSA-N,,,O14920,INHIBITOR OF NUCLEAR FACTOR KAPPA B KINASE BETA SUBUNIT,IKBKB,,pKI,5.499999678657065,NM,NC(=O)c1cccc2[nH]c(nc12)c3ccncc3
CHEMBL1990583,DASFSPDIWCMVRW-UHFFFAOYSA-N,,,O14920,INHIBITOR OF NUCLEAR FACTOR KAPPA B KINASE BETA SUBUNIT,IKBKB,,pKI,6.0999990348465305,NM,Nc1ncnn2ccc(C(=O)Nc3ccc(NC(=O)Nc4cccc(F)c4)cc3)c12
CHEMBL2007151,DJOJKIGNNDWGRS-UHFFFAOYSA-N,,,O14920,INHIBITOR OF NUCLEAR FACTOR KAPPA B KINASE BETA SUBUNIT,IKBKB,,pKI,5.499999678657065,NM,Cc1c(c2cccc(OCc3ccccc3)c2)c4c(N)ncnc4n1C5CCC(CC5)N6CCCC6
CHEMBL583144,DJUSDFVEBBYFFL-UHFFFAOYSA-N,,,O14920,INHIBITOR OF NUCLEAR FACTOR KAPPA B KINASE BETA SUBUNIT,IKBKB,21336281.0,pKI,5.600153287287077,NM,Clc1ccc(Cl)c2c3N=CNC(=O)c3sc12
CHEMBL583144,DJUSDFVEBBYFFL-UHFFFAOYSA-N,,,O14920,INHIBITOR OF NUCLEAR FACTOR KAPPA B KINASE BETA SUBUNIT,IKBKB,,pKI,5.59999938302362,NM,Clc1ccc(Cl)c2c3N=CNC(=O)c3sc12
CHEMBL1977814,DNUARRYUJCTBON-UHFFFAOYSA-N,,,O14920,INHIBITOR OF NUCLEAR FACTOR KAPPA B KINASE BETA SUBUNIT,IKBKB,,pKI,5.499999678657065,NM,CC(C)CON1c2ccc(Cl)cc2C(=O)c3c(C)nn(C)c13
CHEMBL2004438,DOLVPVSWTLFZMQ-UHFFFAOYSA-N,,,O14920,INHIBITOR OF NUCLEAR FACTOR KAPPA B KINASE BETA SUBUNIT,IKBKB,,pKI,5.499999678657065,NM,Nc1c(ccc2nccnc12)c3ccc(NC(=O)Nc4cccc(c4)C(F)(F)F)cc3
CHEMBL1993166,DPRGOXVMSNDADU-UHFFFAOYSA-N,,,O14920,INHIBITOR OF NUCLEAR FACTOR KAPPA B KINASE BETA SUBUNIT,IKBKB,,pKI,5.499999678657065,NM,CN(CCCNC(=O)Nc1cc(cc(c1)C(=NNC(=N)N)C)C(=NNC(=N)N)C)CCCNC(=O)Nc2cc(cc(c2)C(=NNC(=N)N)C)C(=NNC(=N)N)C
CHEMBL462120,DTVBJIVUGSOZDZ-UHFFFAOYSA-N,,,O14920,INHIBITOR OF NUCLEAR FACTOR KAPPA B KINASE BETA SUBUNIT,IKBKB,,pKI,5.499999678657065,NM,NC1=C(c2ccccc2)c3cc(Cl)ccc3NC1=O
CHEMBL2002322,DWHOVKRIZFMOSJ-UHFFFAOYSA-N,,,O14920,INHIBITOR OF NUCLEAR FACTOR KAPPA B KINASE BETA SUBUNIT,IKBKB,,pKI,5.499999678657065,NM,NC(=O)c1cc2c(cncc2s1)c3cc(cc(c3)C(F)(F)F)C(F)(F)F
CHEMBL208637,DXAJWOOLPAIVJG-UHFFFAOYSA-N,,,O14920,INHIBITOR OF NUCLEAR FACTOR KAPPA B KINASE BETA SUBUNIT,IKBKB,21336281.0,pKI,5.50003813440381,NM,CCOc1nc(NC(=O)C)cc(N)c1C#N
CHEMBL208637,DXAJWOOLPAIVJG-UHFFFAOYSA-N,,,O14920,INHIBITOR OF NUCLEAR FACTOR KAPPA B KINASE BETA SUBUNIT,IKBKB,16759099.0,pKI,5.494850021680094,NM,CCOc1nc(NC(=O)C)cc(N)c1C#N
CHEMBL208637,DXAJWOOLPAIVJG-UHFFFAOYSA-N,,,O14920,INHIBITOR OF NUCLEAR FACTOR KAPPA B KINASE BETA SUBUNIT,IKBKB,,pKI,5.499999678657065,NM,CCOc1nc(NC(=O)C)cc(N)c1C#N
CHEMBL1682553,DYSRECIVMDGUQU-UHFFFAOYSA-N,,,O14920,INHIBITOR OF NUCLEAR FACTOR KAPPA B KINASE BETA SUBUNIT,IKBKB,,pKI,5.499999678657065,NM,CC(C)Nc1c(nc2ncccn12)c3ccc4[nH]ncc4c3
CHEMBL1999556,DZIPQNPWTUXXSJ-UHFFFAOYSA-N,,,O14920,INHIBITOR OF NUCLEAR FACTOR KAPPA B KINASE BETA SUBUNIT,IKBKB,,pKI,5.499999678657065,NM,NC(=O)c1cc2c(cncc2s1)c3ccccc3
CHEMBL196363,DZSUJUOJJJCWGG-UHFFFAOYSA-N,,,O14920,INHIBITOR OF NUCLEAR FACTOR KAPPA B KINASE BETA SUBUNIT,IKBKB,21336281.0,pKI,5.50003813440381,NM,Cc1cccc(NC(=O)Nc2ccc(cc2)c3csc4ncnc(N)c34)c1
CHEMBL196363,DZSUJUOJJJCWGG-UHFFFAOYSA-N,,,O14920,INHIBITOR OF NUCLEAR FACTOR KAPPA B KINASE BETA SUBUNIT,IKBKB,,pKI,5.499999678657065,NM,Cc1cccc(NC(=O)Nc2ccc(cc2)c3csc4ncnc(N)c34)c1
CHEMBL1997617,FDVSOQRNTAPCHB-UHFFFAOYSA-N,,,O14920,INHIBITOR OF NUCLEAR FACTOR KAPPA B KINASE BETA SUBUNIT,IKBKB,,pKI,5.499999678657065,NM,CN1CCN(CC1)C2CCC(CC2)n3cc(c4ccc(Oc5ccccc5)cc4)c6c(N)ncnc36
CHEMBL45177,FDVSOQRNTAPCHB-YHBQERECSA-N,,,O14920,INHIBITOR OF NUCLEAR FACTOR KAPPA B KINASE BETA SUBUNIT,IKBKB,21336281.0,pKI,5.50003813440381,NM,CN1CCN(CC1)[C@@H]2CC[C@H](CC2)n3cc(c4ccc(Oc5ccccc5)cc4)c6c(N)ncnc36
CHEMBL1994538,FGLPGUCHBHILNS-UHFFFAOYSA-N,,,O14920,INHIBITOR OF NUCLEAR FACTOR KAPPA B KINASE BETA SUBUNIT,IKBKB,,pKI,5.499999678657065,NM,FC(F)(F)c1cccc2c(NC(=O)Nc3cnccn3)ccnc12
CHEMBL507936,FJZXDUKUMALHNP-UHFFFAOYSA-N,,,O14920,INHIBITOR OF NUCLEAR FACTOR KAPPA B KINASE BETA SUBUNIT,IKBKB,21336281.0,pKI,5.50003813440381,NM,Cc1cccc(NC(=O)Nc2ccc(cc2)c3ccc4nccnc4c3N)c1
CHEMBL507936,FJZXDUKUMALHNP-UHFFFAOYSA-N,,,O14920,INHIBITOR OF NUCLEAR FACTOR KAPPA B KINASE BETA SUBUNIT,IKBKB,,pKI,5.499999678657065,NM,Cc1cccc(NC(=O)Nc2ccc(cc2)c3ccc4nccnc4c3N)c1
CHEMBL1241473,FLEAYYMORDPWAJ-UHFFFAOYSA-N,,,O14920,INHIBITOR OF NUCLEAR FACTOR KAPPA B KINASE BETA SUBUNIT,IKBKB,,pKI,5.499999678657065,NM,COc1cc(Nc2ncc(c(Nc3ccccc3C(=O)N)n2)[N+](=O)[O-])cc(OC)c1OC
CHEMBL1965631,FLHJZUQGFPJXRD-UHFFFAOYSA-N,,,O14920,INHIBITOR OF NUCLEAR FACTOR KAPPA B KINASE BETA SUBUNIT,IKBKB,,pKI,6.399996913372259,NM,CN(C)CC(=O)Nc1n[nH]c2ccc(cc12)c3cn(Cc4ccccc4)nn3
CHEMBL1973395,FONINLXADYUZFI-UHFFFAOYSA-N,,,O14920,INHIBITOR OF NUCLEAR FACTOR KAPPA B KINASE BETA SUBUNIT,IKBKB,,pKI,5.499999678657065,NM,OC1CCN(CC1)c2ncnc3[nH]cc(c4ccccc4)c23
CHEMBL260092,FQYLJBVSYHZWLT-UHFFFAOYSA-N,,,O14920,INHIBITOR OF NUCLEAR FACTOR KAPPA B KINASE BETA SUBUNIT,IKBKB,21336281.0,pKI,7.102372908709558,NM,Nc1ncnc2NCCC(=Nc12)c3ccc(NC(=O)Nc4cccc(c4)C(F)(F)F)cc3
CHEMBL260092,FQYLJBVSYHZWLT-UHFFFAOYSA-N,,,O14920,INHIBITOR OF NUCLEAR FACTOR KAPPA B KINASE BETA SUBUNIT,IKBKB,,pKI,7.100015437450609,NM,Nc1ncnc2NCCC(=Nc12)c3ccc(NC(=O)Nc4cccc(c4)C(F)(F)F)cc3
CHEMBL1991180,FSYMYDRMUOJVKB-UHFFFAOYSA-N,,,O14920,INHIBITOR OF NUCLEAR FACTOR KAPPA B KINASE BETA SUBUNIT,IKBKB,,pKI,5.800000874803203,NM,COCc1nnn(c1C(=O)NN=C(C)c2ccc(O)cc2O)c3nonc3N
CHEMBL377408,FTIAKTLRFKSDFR-UHFFFAOYSA-N,,,O14920,INHIBITOR OF NUCLEAR FACTOR KAPPA B KINASE BETA SUBUNIT,IKBKB,21336281.0,pKI,5.50003813440381,NM,CCOc1nc(cc(N)c1C#N)C(=O)NCc2ccccc2S(=O)(=O)N
CHEMBL377408,FTIAKTLRFKSDFR-UHFFFAOYSA-N,,,O14920,INHIBITOR OF NUCLEAR FACTOR KAPPA B KINASE BETA SUBUNIT,IKBKB,,pKI,5.499999678657065,NM,CCOc1nc(cc(N)c1C#N)C(=O)NCc2ccccc2S(=O)(=O)N
CHEMBL1997623,GALVWTFFXPRMQM-UHFFFAOYSA-N,,,O14920,INHIBITOR OF NUCLEAR FACTOR KAPPA B KINASE BETA SUBUNIT,IKBKB,,pKI,5.499999678657065,NM,Nc1n[nH]c2cc(ccc12)c3ccc(NC(=O)Nc4cccc(c4)C(F)(F)F)cc3
CHEMBL572878,GCIKSSRWRFVXBI-UHFFFAOYSA-N,TOZASERTIB,,O14920,INHIBITOR OF NUCLEAR FACTOR KAPPA B KINASE BETA SUBUNIT,IKBKB,21336281.0,pKI,5.50003813440381,NM,CN1CCN(CC1)c2cc(Nc3cc(C)[nH]n3)nc(Sc4ccc(NC(=O)C5CC5)cc4)n2
CHEMBL572878,GCIKSSRWRFVXBI-UHFFFAOYSA-N,TOZASERTIB,,O14920,INHIBITOR OF NUCLEAR FACTOR KAPPA B KINASE BETA SUBUNIT,IKBKB,,pKI,5.499999678657065,NM,CN1CCN(CC1)c2cc(Nc3cc(C)[nH]n3)nc(Sc4ccc(NC(=O)C5CC5)cc4)n2
CHEMBL1996817,GDYZFFBMSBDTAA-UHFFFAOYSA-N,,,O14920,INHIBITOR OF NUCLEAR FACTOR KAPPA B KINASE BETA SUBUNIT,IKBKB,,pKI,5.499999678657065,NM,CCCCOc1ncnc2[nH]cc(c3ccccc3)c12
CHEMBL404367,GEGCXGMFUYJULA-UHFFFAOYSA-N,,,O14920,INHIBITOR OF NUCLEAR FACTOR KAPPA B KINASE BETA SUBUNIT,IKBKB,21336281.0,pKI,5.50003813440381,NM,Cc1cccc(NC(=O)Nc2ccc(cc2)c3cncc4c3c(N)nn4C)c1
CHEMBL404367,GEGCXGMFUYJULA-UHFFFAOYSA-N,,,O14920,INHIBITOR OF NUCLEAR FACTOR KAPPA B KINASE BETA SUBUNIT,IKBKB,,pKI,5.499999678657065,NM,Cc1cccc(NC(=O)Nc2ccc(cc2)c3cncc4c3c(N)nn4C)c1
CHEMBL1994241,GHMRUNOHAHJNNA-UHFFFAOYSA-N,,,O14920,INHIBITOR OF NUCLEAR FACTOR KAPPA B KINASE BETA SUBUNIT,IKBKB,,pKI,5.499999678657065,NM,COc1cc(C=C(C#N)c2nc3ccccc3[nH]2)c(Br)cc1O
CHEMBL2000271,GHPFQRTVUDXWCC-UHFFFAOYSA-N,,,O14920,INHIBITOR OF NUCLEAR FACTOR KAPPA B KINASE BETA SUBUNIT,IKBKB,,pKI,5.499999678657065,NM,Cc1n[nH]c2ccc(cc12)c3cncc(OCC(CN)Cc4ccccc4)c3
CHEMBL223367,GHPFSYCYZJKVDZ-UHFFFAOYSA-N,,,O14920,INHIBITOR OF NUCLEAR FACTOR KAPPA B KINASE BETA SUBUNIT,IKBKB,21336281.0,pKI,6.400116927926312,NM,OCCCc1cc2OCCCCCOc3nc(NC(=O)Nc2cc1Cl)cnc3C#N
CHEMBL223367,GHPFSYCYZJKVDZ-UHFFFAOYSA-N,,,O14920,INHIBITOR OF NUCLEAR FACTOR KAPPA B KINASE BETA SUBUNIT,IKBKB,17352464.0,pKI,6.42021640338319,NM,OCCCc1cc2OCCCCCOc3nc(NC(=O)Nc2cc1Cl)cnc3C#N
CHEMBL223367,GHPFSYCYZJKVDZ-UHFFFAOYSA-N,,,O14920,INHIBITOR OF NUCLEAR FACTOR KAPPA B KINASE BETA SUBUNIT,IKBKB,,pKI,6.399996913372259,NM,OCCCc1cc2OCCCCCOc3nc(NC(=O)Nc2cc1Cl)cnc3C#N
CHEMBL578061,GKFFFOLFBJUEFN-UHFFFAOYSA-N,GNF-PF-2301,,O14920,INHIBITOR OF NUCLEAR FACTOR KAPPA B KINASE BETA SUBUNIT,IKBKB,,pKI,5.899998417198648,NM,N(c1ccccc1)c2ccnc(Nc3ccccc3)n2
CHEMBL1981045,GKYOHKSBYDSKLB-UHFFFAOYSA-N,,,O14920,INHIBITOR OF NUCLEAR FACTOR KAPPA B KINASE BETA SUBUNIT,IKBKB,,pKI,5.499999678657065,NM,COc1cc(ccc1OCC(O)CO)c2ccc3C(=O)Nc4cc(CCOc5ccc(cc5)N6CCOCC6)ccc4Nc3c2
CHEMBL394619,GMYYMEOGFRKSFS-UHFFFAOYSA-N,,,O14920,INHIBITOR OF NUCLEAR FACTOR KAPPA B KINASE BETA SUBUNIT,IKBKB,21336281.0,pKI,5.50003813440381,NM,Cc1cccc(NC(=O)Nc2ccc(cc2)c3csc4ccnc(N)c34)c1
CHEMBL394619,GMYYMEOGFRKSFS-UHFFFAOYSA-N,,,O14920,INHIBITOR OF NUCLEAR FACTOR KAPPA B KINASE BETA SUBUNIT,IKBKB,,pKI,5.499999678657065,NM,Cc1cccc(NC(=O)Nc2ccc(cc2)c3csc4ccnc(N)c34)c1
CHEMBL1984206,GPVFWBNYDOWIIQ-UHFFFAOYSA-N,,,O14920,INHIBITOR OF NUCLEAR FACTOR KAPPA B KINASE BETA SUBUNIT,IKBKB,,pKI,5.499999678657065,NM,CCOc1nc(cc(N)c1C#N)C(=O)NCc2ccncc2
CHEMBL1968791,GQGMUKOYILWOIQ-UHFFFAOYSA-N,,,O14920,INHIBITOR OF NUCLEAR FACTOR KAPPA B KINASE BETA SUBUNIT,IKBKB,,pKI,5.499999678657065,NM,Cc1c(c2cccc(OCc3ccccc3)c2)c4c(N)ncnc4n1C5CC(CN6CCCC6)C5
CHEMBL1991640,GQHSVFWCNBWKGM-UHFFFAOYSA-N,,,O14920,INHIBITOR OF NUCLEAR FACTOR KAPPA B KINASE BETA SUBUNIT,IKBKB,,pKI,5.899998417198648,NM,Fc1cc2C(=O)C3=C(SNC3=O)N(C4CC4)c2c(F)c1NCc5ccccc5
CHEMBL1979577,GSXRCPJTNIGKSZ-UHFFFAOYSA-N,,,O14920,INHIBITOR OF NUCLEAR FACTOR KAPPA B KINASE BETA SUBUNIT,IKBKB,,pKI,5.499999678657065,NM,Cc1cccc(NC(=O)Nc2ccc(cc2)c3csc4c(cnc(N)c34)C#CC(C)(C)N)c1
CHEMBL210032,GTMGQYXCPKUZAD-UHFFFAOYSA-N,,,O14920,INHIBITOR OF NUCLEAR FACTOR KAPPA B KINASE BETA SUBUNIT,IKBKB,16759099.0,pKI,5.494850021680094,NM,CC(=O)Nc1cc(N)c(C#N)c(n1)c2ccccc2
CHEMBL1682345,GVMDVMPNOAVKJR-UHFFFAOYSA-N,,,O14920,INHIBITOR OF NUCLEAR FACTOR KAPPA B KINASE BETA SUBUNIT,IKBKB,,pKI,5.499999678657065,NM,C(c1ccccc1)n2cc(nn2)c3ccc4[nH]ncc4c3
CHEMBL1966524,GWJHMRBQEUHFOC-UHFFFAOYSA-N,,,O14920,INHIBITOR OF NUCLEAR FACTOR KAPPA B KINASE BETA SUBUNIT,IKBKB,,pKI,5.499999678657065,NM,NC(COc1cncc(c1)c2cc3ccncc3s2)Cc4c[nH]c5ccccc45
CHEMBL1983963,GWMATETWMAQOFL-UHFFFAOYSA-N,,,O14920,INHIBITOR OF NUCLEAR FACTOR KAPPA B KINASE BETA SUBUNIT,IKBKB,,pKI,5.499999678657065,NM,Cc1cccc(NC(=O)Nc2ccc(cc2)c3coc4ncnc(N)c34)c1
CHEMBL1995592,GXFGHUNNGNQSMQ-UHFFFAOYSA-N,,,O14920,INHIBITOR OF NUCLEAR FACTOR KAPPA B KINASE BETA SUBUNIT,IKBKB,,pKI,5.499999678657065,NM,Cc1cc(O)ccc1N2c3cc(Cl)ccc3C(=O)c4c(N)nc(N)nc24
CHEMBL1972584,GXJSLIOOPZRPEV-UHFFFAOYSA-N,,,O14920,INHIBITOR OF NUCLEAR FACTOR KAPPA B KINASE BETA SUBUNIT,IKBKB,,pKI,5.499999678657065,NM,CC(=O)N1CCN(CC1)C2CCC(CC2)n3nc(c4ccc(NC(=O)c5cc6ccccc6n5C)cc4)c7c(N)ncnc37
CHEMBL363648,HEKAIDKUDLCBRU-UHFFFAOYSA-N,TAK-715,TPKI-107,O14920,INHIBITOR OF NUCLEAR FACTOR KAPPA B KINASE BETA SUBUNIT,IKBKB,21336281.0,pKI,5.800244822746525,NM,CCc1nc(c2cccc(C)c2)c(s1)c3ccnc(NC(=O)c4ccccc4)c3
CHEMBL363648,HEKAIDKUDLCBRU-UHFFFAOYSA-N,TAK-715,TPKI-107,O14920,INHIBITOR OF NUCLEAR FACTOR KAPPA B KINASE BETA SUBUNIT,IKBKB,,pKI,5.800000874803203,NM,CCc1nc(c2cccc(C)c2)c(s1)c3ccnc(NC(=O)c4ccccc4)c3
CHEMBL1970104,HEUSUIRCBWROMH-UHFFFAOYSA-N,,,O14920,INHIBITOR OF NUCLEAR FACTOR KAPPA B KINASE BETA SUBUNIT,IKBKB,,pKI,5.499999678657065,NM,CC(C)(C)c1ccc2nc([nH]c2c1)c3n[nH]c4ccccc34
CHEMBL2006237,HKRUFMXPSVYVMY-UHFFFAOYSA-N,,,O14920,INHIBITOR OF NUCLEAR FACTOR KAPPA B KINASE BETA SUBUNIT,IKBKB,,pKI,5.499999678657065,NM,CN1CCN(CCCNc2cccc(n2)c3nc4c(cccc4[nH]3)C(=O)N)CC1
CHEMBL1980995,HKSZLNNOFSGOKW-UHFFFAOYSA-N,,,O14920,INHIBITOR OF NUCLEAR FACTOR KAPPA B KINASE BETA SUBUNIT,IKBKB,,pKI,6.599997654072044,NM,CNC1CC2OC(C)(C1OC)n3c4ccccc4c5c6CNC(=O)c6c7c8ccccc8n2c7c35
CHEMBL1982465,HKZKELVPGXJIMW-UHFFFAOYSA-N,,,O14920,INHIBITOR OF NUCLEAR FACTOR KAPPA B KINASE BETA SUBUNIT,IKBKB,,pKI,5.499999678657065,NM,Cc1cccc(NC(=O)Nc2ccc(cc2)c3csc4c(cnc(N)c34)C#CCN5CCOCC5)c1
CHEMBL2003657,HMBDNAGIIDHKKM-UHFFFAOYSA-N,,,O14920,INHIBITOR OF NUCLEAR FACTOR KAPPA B KINASE BETA SUBUNIT,IKBKB,,pKI,5.499999678657065,NM,CC(C)S(=O)(=O)n1c(N)nc2ccc(cc12)c3c(nc4sccn34)c5ccc(F)cc5
CHEMBL1983025,HRZOUBQYVUXBNS-UHFFFAOYSA-N,,,O14920,INHIBITOR OF NUCLEAR FACTOR KAPPA B KINASE BETA SUBUNIT,IKBKB,,pKI,5.499999678657065,NM,CCC(N)(CC)C#Cc1cnc(N)c2c(csc12)c3ccc(NC(=O)Nc4cccc(C)c4)cc3
CHEMBL253969,HXHAJRMTJXHJJZ-UHFFFAOYSA-N,OSI-632,,O14920,INHIBITOR OF NUCLEAR FACTOR KAPPA B KINASE BETA SUBUNIT,IKBKB,21336281.0,pKI,5.50003813440381,NM,NC(=O)c1c(NC(=O)NCCCCN2CCCC2)snc1OCc3c(F)cc(Br)cc3F
CHEMBL253969,HXHAJRMTJXHJJZ-UHFFFAOYSA-N,OSI-632,,O14920,INHIBITOR OF NUCLEAR FACTOR KAPPA B KINASE BETA SUBUNIT,IKBKB,,pKI,5.499999678657065,NM,NC(=O)c1c(NC(=O)NCCCCN2CCCC2)snc1OCc3c(F)cc(Br)cc3F
CHEMBL468280,HXWWNIUEVOHPKT-UHFFFAOYSA-N,,,O14920,INHIBITOR OF NUCLEAR FACTOR KAPPA B KINASE BETA SUBUNIT,IKBKB,21336281.0,pKI,5.50003813440381,NM,CCN1C2=C(C(=O)ON2)C(=O)c3cc(F)c(Cl)cc13
CHEMBL468280,HXWWNIUEVOHPKT-UHFFFAOYSA-N,,,O14920,INHIBITOR OF NUCLEAR FACTOR KAPPA B KINASE BETA SUBUNIT,IKBKB,,pKI,5.499999678657065,NM,CCN1C2=C(C(=O)ON2)C(=O)c3cc(F)c(Cl)cc13
CHEMBL1614705,IGGNAIYXGIUMQZ-UHFFFAOYSA-N,,,O14920,INHIBITOR OF NUCLEAR FACTOR KAPPA B KINASE BETA SUBUNIT,IKBKB,,pKI,5.499999678657065,NM,OCC(=O)N1CCC(CC1)c2[nH]nc(c3ccc(Cl)cc3F)c2c4ccncn4
CHEMBL516203,IGJVFGZEWDGDOO-CQSZACIVSA-N,,,O14920,INHIBITOR OF NUCLEAR FACTOR KAPPA B KINASE BETA SUBUNIT,IKBKB,19285872.0,pKI,8.698970004336019,NM,Oc1cccc(OCC2CC2)c1c3cc([C@@H]4CCCNC4)c5COC(=O)Nc5n3
CHEMBL1964413,IHGUHCPMDSTTIW-UHFFFAOYSA-N,,,O14920,INHIBITOR OF NUCLEAR FACTOR KAPPA B KINASE BETA SUBUNIT,IKBKB,,pKI,5.499999678657065,NM,FC(F)(F)c1ccc(Cn2cc(nn2)c3ccc4[nH]ncc4c3)c(c1)C(F)(F)F
CHEMBL485556,IMLXFZLHOPEBPM-UHFFFAOYSA-N,,,O14920,INHIBITOR OF NUCLEAR FACTOR KAPPA B KINASE BETA SUBUNIT,IKBKB,21336281.0,pKI,5.50003813440381,NM,CN(C(=O)C1CCCCC1)c2ccc3c(c2)nc(NC(=O)c4ccc(cc4)C#N)n3CCC(=O)N
CHEMBL485556,IMLXFZLHOPEBPM-UHFFFAOYSA-N,,,O14920,INHIBITOR OF NUCLEAR FACTOR KAPPA B KINASE BETA SUBUNIT,IKBKB,,pKI,5.499999678657065,NM,CN(C(=O)C1CCCCC1)c2ccc3c(c2)nc(NC(=O)c4ccc(cc4)C#N)n3CCC(=O)N
CHEMBL1972840,IPKHSYHXXAIZDD-UHFFFAOYSA-N,,,O14920,INHIBITOR OF NUCLEAR FACTOR KAPPA B KINASE BETA SUBUNIT,IKBKB,,pKI,5.499999678657065,NM,NC(COc1cncc(c1)c2cc3cnccc3s2)Cc4c[nH]c5ccccc45
CHEMBL1986186,IQNOGQGSOHNMCL-UHFFFAOYSA-N,,,O14920,INHIBITOR OF NUCLEAR FACTOR KAPPA B KINASE BETA SUBUNIT,IKBKB,,pKI,5.499999678657065,NM,CC(NC1=C(Nc2ccncc2)C(=O)C1=O)C(C)(C)C
CHEMBL1976090,IUEBPIPDFMCSTP-UHFFFAOYSA-N,,,O14920,INHIBITOR OF NUCLEAR FACTOR KAPPA B KINASE BETA SUBUNIT,IKBKB,,pKI,5.499999678657065,NM,Nc1ncnc2c1sc3ncnc(N)c23
CHEMBL2001239,IUUVJFSKAMMCEA-UHFFFAOYSA-N,,,O14920,INHIBITOR OF NUCLEAR FACTOR KAPPA B KINASE BETA SUBUNIT,IKBKB,,pKI,5.700000503883016,NM,Nc1ncnc(Nc2cc(CNC(=O)C(F)(F)F)c(O)c(c2)c3ccc(Cl)cc3)n1
CHEMBL2004355,IYHNFVWLUSPIBF-UHFFFAOYSA-N,,,O14920,INHIBITOR OF NUCLEAR FACTOR KAPPA B KINASE BETA SUBUNIT,IKBKB,,pKI,5.499999678657065,NM,CCOc1nc(cc(N)c1C#N)C(=O)NCc2ccc(cc2)S(=O)(=O)N
CHEMBL1994526,IYOZTVGMEWJPKR-UHFFFAOYSA-N,,,O14920,INHIBITOR OF NUCLEAR FACTOR KAPPA B KINASE BETA SUBUNIT,IKBKB,,pKI,5.499999678657065,NM,CC(N)C1CCC(CC1)C(=O)Nc2ccncc2
CHEMBL474432,JAMDNXUAYUHJLJ-UHFFFAOYSA-N,,,O14920,INHIBITOR OF NUCLEAR FACTOR KAPPA B KINASE BETA SUBUNIT,IKBKB,21336281.0,pKI,5.50003813440381,NM,COc1cc2ncn(c3cc(OCc4ccccc4C(F)(F)F)c(s3)C(=O)O)c2cc1OC
CHEMBL474432,JAMDNXUAYUHJLJ-UHFFFAOYSA-N,,,O14920,INHIBITOR OF NUCLEAR FACTOR KAPPA B KINASE BETA SUBUNIT,IKBKB,,pKI,5.499999678657065,NM,COc1cc2ncn(c3cc(OCc4ccccc4C(F)(F)F)c(s3)C(=O)O)c2cc1OC
CHEMBL2004692,JCTPJYZESAMIGH-UHFFFAOYSA-N,,,O14920,INHIBITOR OF NUCLEAR FACTOR KAPPA B KINASE BETA SUBUNIT,IKBKB,,pKI,5.499999678657065,NM,Nc1nonc1n2nnc(C(=O)NN=Cc3cccs3)c2c4ccccc4
CHEMBL1969755,JIFGOPCFXJIPNK-UHFFFAOYSA-N,,,O14920,INHIBITOR OF NUCLEAR FACTOR KAPPA B KINASE BETA SUBUNIT,IKBKB,,pKI,5.499999678657065,NM,OCC(Cc1ccccc1)NC(=O)c2ccc(cc2F)c3ccncc3
CHEMBL1979718,JLRRNFYWQUCREK-UHFFFAOYSA-N,,,O14920,INHIBITOR OF NUCLEAR FACTOR KAPPA B KINASE BETA SUBUNIT,IKBKB,,pKI,5.499999678657065,NM,Cc1c(C)n(Cc2ccccc2)c3ccc(cc13)C(=O)Nc4nc[nH]n4
CHEMBL1970522,JOIUJUJSHIHBDT-UHFFFAOYSA-N,,,O14920,INHIBITOR OF NUCLEAR FACTOR KAPPA B KINASE BETA SUBUNIT,IKBKB,,pKI,5.499999678657065,NM,COc1cc(C=C2SC(=Nc3ccccc3)NC2=O)ccc1O
CHEMBL590109,JPOSFPUHBHRUAX-UHFFFAOYSA-N,,,O14920,INHIBITOR OF NUCLEAR FACTOR KAPPA B KINASE BETA SUBUNIT,IKBKB,21336281.0,pKI,6.600326278518962,NM,NCCn1cc(c2cc(c3cc4ccccc4s3)c5[nH]ncc5c2)c6nc(N)ncc16
CHEMBL590109,JPOSFPUHBHRUAX-UHFFFAOYSA-N,,,O14920,INHIBITOR OF NUCLEAR FACTOR KAPPA B KINASE BETA SUBUNIT,IKBKB,,pKI,6.599997654072044,NM,NCCn1cc(c2cc(c3cc4ccccc4s3)c5[nH]ncc5c2)c6nc(N)ncc16
CHEMBL514499,JSKUWFIZUALZLX-UHFFFAOYSA-N,GW843682X,,O14920,INHIBITOR OF NUCLEAR FACTOR KAPPA B KINASE BETA SUBUNIT,IKBKB,21336281.0,pKI,5.50003813440381,NM,COc1cc2ncn(c3cc(OCc4ccccc4C(F)(F)F)c(s3)C(=O)N)c2cc1OC
CHEMBL514499,JSKUWFIZUALZLX-UHFFFAOYSA-N,GW843682X,,O14920,INHIBITOR OF NUCLEAR FACTOR KAPPA B KINASE BETA SUBUNIT,IKBKB,,pKI,5.499999678657065,NM,COc1cc2ncn(c3cc(OCc4ccccc4C(F)(F)F)c(s3)C(=O)N)c2cc1OC
CHEMBL210928,JUKUQWGWZSESAV-UHFFFAOYSA-N,,,O14920,INHIBITOR OF NUCLEAR FACTOR KAPPA B KINASE BETA SUBUNIT,IKBKB,21336281.0,pKI,5.50003813440381,NM,CCOc1nc(NC(=O)Cc2cc(OC)c(cc2OC)S(=O)(=O)C)cc(N)c1Cl
CHEMBL210928,JUKUQWGWZSESAV-UHFFFAOYSA-N,,,O14920,INHIBITOR OF NUCLEAR FACTOR KAPPA B KINASE BETA SUBUNIT,IKBKB,16759099.0,pKI,5.494850021680094,NM,CCOc1nc(NC(=O)Cc2cc(OC)c(cc2OC)S(=O)(=O)C)cc(N)c1Cl
CHEMBL210928,JUKUQWGWZSESAV-UHFFFAOYSA-N,,,O14920,INHIBITOR OF NUCLEAR FACTOR KAPPA B KINASE BETA SUBUNIT,IKBKB,,pKI,5.499999678657065,NM,CCOc1nc(NC(=O)Cc2cc(OC)c(cc2OC)S(=O)(=O)C)cc(N)c1Cl
CHEMBL504950,JZSWBZHJDCDLHK-UHFFFAOYSA-N,,,O14920,INHIBITOR OF NUCLEAR FACTOR KAPPA B KINASE BETA SUBUNIT,IKBKB,21336281.0,pKI,5.600153287287077,NM,Cc1cc(C)c2c(n1)sc3c(N)ncnc23
CHEMBL504950,JZSWBZHJDCDLHK-UHFFFAOYSA-N,,,O14920,INHIBITOR OF NUCLEAR FACTOR KAPPA B KINASE BETA SUBUNIT,IKBKB,,pKI,5.59999938302362,NM,Cc1cc(C)c2c(n1)sc3c(N)ncnc23
CHEMBL1987679,KAKGFGCTONHQJW-UHFFFAOYSA-N,,,O14920,INHIBITOR OF NUCLEAR FACTOR KAPPA B KINASE BETA SUBUNIT,IKBKB,,pKI,5.499999678657065,NM,NC(COc1cncc(c1)c2ccc3NC(=O)Oc3c2)Cc4c[nH]c5ccccc45
CHEMBL1991577,KBRJIBFRLFVYJL-UHFFFAOYSA-N,,,O14920,INHIBITOR OF NUCLEAR FACTOR KAPPA B KINASE BETA SUBUNIT,IKBKB,,pKI,5.499999678657065,NM,CC(NC1=C(Nc2ccncc2)C(=O)C1=O)C3CCCCC3
CHEMBL1992242,KHOVFNRAIYTEPO-UHFFFAOYSA-N,,,O14920,INHIBITOR OF NUCLEAR FACTOR KAPPA B KINASE BETA SUBUNIT,IKBKB,,pKI,5.499999678657065,NM,Cc1cc(C)cc(NC(=O)Nc2ccc(cc2)c3cccc4sncc34)c1
CHEMBL1990346,KIOLXAWQJUDVMS-UHFFFAOYSA-N,,,O14920,INHIBITOR OF NUCLEAR FACTOR KAPPA B KINASE BETA SUBUNIT,IKBKB,,pKI,5.499999678657065,NM,Nc1n[nH]c2cccc(c3ccc(Br)cc3)c12
CHEMBL1230122,KKKRKRMVJRHDMG-UHFFFAOYSA-N,R-1487,,O14920,INHIBITOR OF NUCLEAR FACTOR KAPPA B KINASE BETA SUBUNIT,IKBKB,,pKI,5.499999678657065,NM,CN1C(=O)C(=Cc2cnc(NC3CCOCC3)nc12)Oc4ccc(F)cc4F
CHEMBL1970083,KKYPRNBBPBRJQX-UHFFFAOYSA-N,,,O14920,INHIBITOR OF NUCLEAR FACTOR KAPPA B KINASE BETA SUBUNIT,IKBKB,,pKI,5.499999678657065,NM,Nc1ncc(c2ccncc2)c3scc(c4ccc(NC(=O)Nc5cc(ccc5F)C(F)(F)F)cc4)c13
CHEMBL2006778,KNACLJBHKVSTDL-UHFFFAOYSA-N,,,O14920,INHIBITOR OF NUCLEAR FACTOR KAPPA B KINASE BETA SUBUNIT,IKBKB,,pKI,5.499999678657065,NM,CNC(=O)C=Cc1cnc(N)c2c(csc12)c3cc(F)c4[nH]c(C)cc4c3
CHEMBL1982476,KNARVZUUCLIBGV-UHFFFAOYSA-N,,,O14920,INHIBITOR OF NUCLEAR FACTOR KAPPA B KINASE BETA SUBUNIT,IKBKB,,pKI,5.499999678657065,NM,CNC(=O)c1cnc(N)c2c(csc12)c3ccc(NC(=O)Nc4cccc(Cl)c4)cc3
CHEMBL210618,KQMPRSZTUSSXND-UHFFFAOYSA-N,JNK INHIBITOR VIII,,O14920,INHIBITOR OF NUCLEAR FACTOR KAPPA B KINASE BETA SUBUNIT,IKBKB,21336281.0,pKI,5.50003813440381,NM,CCOc1nc(NC(=O)Cc2cc(OC)ccc2OC)cc(N)c1C#N
CHEMBL210618,KQMPRSZTUSSXND-UHFFFAOYSA-N,JNK INHIBITOR VIII,,O14920,INHIBITOR OF NUCLEAR FACTOR KAPPA B KINASE BETA SUBUNIT,IKBKB,16759099.0,pKI,5.494850021680094,NM,CCOc1nc(NC(=O)Cc2cc(OC)ccc2OC)cc(N)c1C#N
CHEMBL210618,KQMPRSZTUSSXND-UHFFFAOYSA-N,JNK INHIBITOR VIII,,O14920,INHIBITOR OF NUCLEAR FACTOR KAPPA B KINASE BETA SUBUNIT,IKBKB,,pKI,5.499999678657065,NM,CCOc1nc(NC(=O)Cc2cc(OC)ccc2OC)cc(N)c1C#N
CHEMBL211378,KTQYQHLIMZOBSM-UHFFFAOYSA-N,,,O14920,INHIBITOR OF NUCLEAR FACTOR KAPPA B KINASE BETA SUBUNIT,IKBKB,21336281.0,pKI,5.50003813440381,NM,Cc1cccc(NC(=O)Nc2ccc(cc2)c3noc4ncnc(N)c34)c1
CHEMBL211378,KTQYQHLIMZOBSM-UHFFFAOYSA-N,,,O14920,INHIBITOR OF NUCLEAR FACTOR KAPPA B KINASE BETA SUBUNIT,IKBKB,,pKI,5.499999678657065,NM,Cc1cccc(NC(=O)Nc2ccc(cc2)c3noc4ncnc(N)c34)c1
CHEMBL1982506,KTRGYJLQTZDGPX-UHFFFAOYSA-N,,,O14920,INHIBITOR OF NUCLEAR FACTOR KAPPA B KINASE BETA SUBUNIT,IKBKB,,pKI,5.499999678657065,NM,COc1cc2cnc3C(=O)NC(=O)c3c2cc1OC
CHEMBL941,KTUFNOKKBVMGRW-UHFFFAOYSA-N,IMATINIB,,O14920,INHIBITOR OF NUCLEAR FACTOR KAPPA B KINASE BETA SUBUNIT,IKBKB,21336281.0,pKI,5.50003813440381,NM,CN1CCN(Cc2ccc(cc2)C(=O)Nc3ccc(C)c(Nc4nccc(n4)c5cccnc5)c3)CC1
CHEMBL941,KTUFNOKKBVMGRW-UHFFFAOYSA-N,IMATINIB,,O14920,INHIBITOR OF NUCLEAR FACTOR KAPPA B KINASE BETA SUBUNIT,IKBKB,,pKI,5.499999678657065,NM,CN1CCN(Cc2ccc(cc2)C(=O)Nc3ccc(C)c(Nc4nccc(n4)c5cccnc5)c3)CC1
CHEMBL1972258,KVYKDXMRLMPSGQ-UHFFFAOYSA-N,,,O14920,INHIBITOR OF NUCLEAR FACTOR KAPPA B KINASE BETA SUBUNIT,IKBKB,,pKI,5.499999678657065,NM,NCCCOc1cncc(C=Cc2ccncc2)c1
CHEMBL1965507,KWRXWPRFIUJQBP-UHFFFAOYSA-N,,,O14920,INHIBITOR OF NUCLEAR FACTOR KAPPA B KINASE BETA SUBUNIT,IKBKB,,pKI,5.499999678657065,NM,Cc1cccc(NC(=O)Nc2ccc(NC(=O)c3csc4ncnc(N)c34)cc2)c1
CHEMBL1980896,KWSZYBNXNYRQCC-UHFFFAOYSA-N,,,O14920,INHIBITOR OF NUCLEAR FACTOR KAPPA B KINASE BETA SUBUNIT,IKBKB,,pKI,5.499999678657065,NM,Nc1ncnc2sc(Br)c(c3ccc(NC(=O)Cc4cccc(Cl)c4)cc3)c12
CHEMBL1973937,LCGSWTFWYNYUKS-UHFFFAOYSA-N,,,O14920,INHIBITOR OF NUCLEAR FACTOR KAPPA B KINASE BETA SUBUNIT,IKBKB,,pKI,5.800000874803203,NM,Cc1ccc(c2ccc(NC(=O)Nc3cccc(Br)c3)cc2)c4c(N)n[nH]c14
CHEMBL1984274,LGAUPFRHNGMZDU-UHFFFAOYSA-N,,,O14920,INHIBITOR OF NUCLEAR FACTOR KAPPA B KINASE BETA SUBUNIT,IKBKB,,pKI,5.800000874803203,NM,O=C1NNC(=O)c2c(NN=C3C(=O)N(N=C3c4ccccc4)c5ccccc5)cccc12
CHEMBL1973211,LGHBDVLAHHANMX-UHFFFAOYSA-N,,,O14920,INHIBITOR OF NUCLEAR FACTOR KAPPA B KINASE BETA SUBUNIT,IKBKB,,pKI,5.499999678657065,NM,Cc1cccc(NC(=O)Nc2ccc(cc2)c3csc4c(cnc(N)c34)C#CCN5CCCC5)c1
CHEMBL1987533,LNYJUWCJKQGEPR-UHFFFAOYSA-N,,,O14920,INHIBITOR OF NUCLEAR FACTOR KAPPA B KINASE BETA SUBUNIT,IKBKB,,pKI,5.499999678657065,NM,Clc1ccccc1CC(=O)Nc2ccc3cn[nH]c3c2
CHEMBL399021,LSFLAQVDISHMNB-AFARHQOCSA-N,,,O14920,INHIBITOR OF NUCLEAR FACTOR KAPPA B KINASE BETA SUBUNIT,IKBKB,21336281.0,pKI,5.50003813440381,NM,Nc1ncnc2c1c(cn2[C@@H]3C[C@@H](CN4CCCC4)C3)c5cccc(OCc6ccccc6)c5
CHEMBL1988370,LSFLAQVDISHMNB-UHFFFAOYSA-N,,,O14920,INHIBITOR OF NUCLEAR FACTOR KAPPA B KINASE BETA SUBUNIT,IKBKB,,pKI,5.499999678657065,NM,Nc1ncnc2c1c(cn2C3CC(CN4CCCC4)C3)c5cccc(OCc6ccccc6)c5
CHEMBL1967116,MCCCQFAOMZMZKE-UHFFFAOYSA-N,,,O14920,INHIBITOR OF NUCLEAR FACTOR KAPPA B KINASE BETA SUBUNIT,IKBKB,,pKI,5.499999678657065,NM,Cc1cccc(NC(=O)Nc2ccc(cc2)c3csc4c(cnc(N)c34)c5cnn(C)c5)c1
CHEMBL1991434,MHEQZGILOSVPBZ-UHFFFAOYSA-N,,,O14920,INHIBITOR OF NUCLEAR FACTOR KAPPA B KINASE BETA SUBUNIT,IKBKB,,pKI,5.499999678657065,NM,COc1ccc(C=C2C(=O)ON=C2c3ccc(Br)cc3)cc1OC
CHEMBL1336,MLDQJTXFUGDVEO-UHFFFAOYSA-N,SORAFENIB,,O14920,INHIBITOR OF NUCLEAR FACTOR KAPPA B KINASE BETA SUBUNIT,IKBKB,21336281.0,pKI,5.50003813440381,NM,CNC(=O)c1cc(Oc2ccc(NC(=O)Nc3ccc(Cl)c(c3)C(F)(F)F)cc2)ccn1
CHEMBL1336,MLDQJTXFUGDVEO-UHFFFAOYSA-N,SORAFENIB,,O14920,INHIBITOR OF NUCLEAR FACTOR KAPPA B KINASE BETA SUBUNIT,IKBKB,,pKI,5.499999678657065,NM,CNC(=O)c1cc(Oc2ccc(NC(=O)Nc3ccc(Cl)c(c3)C(F)(F)F)cc2)ccn1
CHEMBL223360,MPVGZUGXCQEXTM-UHFFFAOYSA-N,LINIFANIB,,O14920,INHIBITOR OF NUCLEAR FACTOR KAPPA B KINASE BETA SUBUNIT,IKBKB,21336281.0,pKI,5.50003813440381,NM,Cc1ccc(F)c(NC(=O)Nc2ccc(cc2)c3cccc4[nH]nc(N)c34)c1
CHEMBL223360,MPVGZUGXCQEXTM-UHFFFAOYSA-N,LINIFANIB,,O14920,INHIBITOR OF NUCLEAR FACTOR KAPPA B KINASE BETA SUBUNIT,IKBKB,,pKI,5.499999678657065,NM,Cc1ccc(F)c(NC(=O)Nc2ccc(cc2)c3cccc4[nH]nc(N)c34)c1
CHEMBL1994321,MQRDVGBWWVWMEN-UHFFFAOYSA-N,,,O14920,INHIBITOR OF NUCLEAR FACTOR KAPPA B KINASE BETA SUBUNIT,IKBKB,,pKI,5.499999678657065,NM,Cc1cccc(NC(=O)Nc2ccc(cc2)c3csc4c(cnc(N)c34)C#CCNS(=O)(=O)C)c1
CHEMBL103667,MVCOAUNKQVWQHZ-UHFFFAOYSA-N,DORAMAPIMOD,,O14920,INHIBITOR OF NUCLEAR FACTOR KAPPA B KINASE BETA SUBUNIT,IKBKB,21336281.0,pKI,5.50003813440381,NM,Cc1ccc(cc1)n2nc(cc2NC(=O)Nc3ccc(OCCN4CCOCC4)c5ccccc35)C(C)(C)C
CHEMBL103667,MVCOAUNKQVWQHZ-UHFFFAOYSA-N,DORAMAPIMOD,,O14920,INHIBITOR OF NUCLEAR FACTOR KAPPA B KINASE BETA SUBUNIT,IKBKB,,pKI,5.499999678657065,NM,Cc1ccc(cc1)n2nc(cc2NC(=O)Nc3ccc(OCCN4CCOCC4)c5ccccc35)C(C)(C)C
CHEMBL1987054,NFKMFNBKEOQNPZ-UHFFFAOYSA-N,,,O14920,INHIBITOR OF NUCLEAR FACTOR KAPPA B KINASE BETA SUBUNIT,IKBKB,,pKI,5.59999938302362,NM,COCCOC1CCC(CC1)n2nc(c3ccc(Nc4oc5c(Cl)cc(C)cc5n4)cc3)c6c(N)ncnc26
CHEMBL38380,NGOGFTYYXHNFQH-UHFFFAOYSA-N,FASUDIL,,O14920,INHIBITOR OF NUCLEAR FACTOR KAPPA B KINASE BETA SUBUNIT,IKBKB,21336281.0,pKI,5.50003813440381,NM,O=S(=O)(N1CCCNCC1)c2cccc3cnccc23
CHEMBL38380,NGOGFTYYXHNFQH-UHFFFAOYSA-N,FASUDIL,,O14920,INHIBITOR OF NUCLEAR FACTOR KAPPA B KINASE BETA SUBUNIT,IKBKB,,pKI,5.499999678657065,NM,O=S(=O)(N1CCCNCC1)c2cccc3cnccc23
CHEMBL2000104,NHEQNFWGPSKRMJ-UHFFFAOYSA-N,,,O14920,INHIBITOR OF NUCLEAR FACTOR KAPPA B KINASE BETA SUBUNIT,IKBKB,,pKI,5.499999678657065,NM,CCS(=O)(=O)c1ccc(cc1)c2cncc3sc(cc23)C(=O)N
CHEMBL2007064,NHFDRBXTEDBWCZ-UHFFFAOYSA-N,,,O14920,INHIBITOR OF NUCLEAR FACTOR KAPPA B KINASE BETA SUBUNIT,IKBKB,,pKI,5.499999678657065,NM,Cc1[nH]c(C=C2C(=O)Nc3ccccc23)c(C)c1CCC(=O)O
CHEMBL2001224,NJKBCVHYFWYIIQ-UHFFFAOYSA-N,,,O14920,INHIBITOR OF NUCLEAR FACTOR KAPPA B KINASE BETA SUBUNIT,IKBKB,,pKI,5.499999678657065,NM,Cc1cc(OC2CCCC2)c(NC(=O)Nc3cnc(cn3)C#N)cc1Cl
CHEMBL2000685,NKGLJTITEFZKAN-UHFFFAOYSA-N,,,O14920,INHIBITOR OF NUCLEAR FACTOR KAPPA B KINASE BETA SUBUNIT,IKBKB,,pKI,5.499999678657065,NM,CC(=NNC(=N)N)c1cc(NC(=O)c2cccc(c2)C(=O)Nc3cc(cc(c3)C(=NNC(=N)N)C)C(=NNC(=N)N)C)cc(c1)C(=NNC(=N)N)C
CHEMBL2007044,NLDZIKOJZCTRAZ-UHFFFAOYSA-N,,,O14920,INHIBITOR OF NUCLEAR FACTOR KAPPA B KINASE BETA SUBUNIT,IKBKB,,pKI,5.59999938302362,NM,CCN(CC)CC#Cc1ccc2Cc3c(n[nH]c3c2c1)c4ccc(nc4)C#N
CHEMBL379835,NLNVCPSZHKGGDI-UHFFFAOYSA-N,,,O14920,INHIBITOR OF NUCLEAR FACTOR KAPPA B KINASE BETA SUBUNIT,IKBKB,21336281.0,pKI,5.50003813440381,NM,Cc1nn(c2ccccc2)c3N(O)c4ccc(Cl)cc4C(=O)c13
CHEMBL379835,NLNVCPSZHKGGDI-UHFFFAOYSA-N,,,O14920,INHIBITOR OF NUCLEAR FACTOR KAPPA B KINASE BETA SUBUNIT,IKBKB,,pKI,5.499999678657065,NM,Cc1nn(c2ccccc2)c3N(O)c4ccc(Cl)cc4C(=O)c13
CHEMBL1986263,NLUPJKQOKWBWFC-UHFFFAOYSA-N,,,O14920,INHIBITOR OF NUCLEAR FACTOR KAPPA B KINASE BETA SUBUNIT,IKBKB,,pKI,5.700000503883016,NM,CCN1C(=O)SC(=C1C)c2ccnc(Nc3cccc(OC)c3)n2
CHEMBL260135,NPHKXSDZIKFIRU-UHFFFAOYSA-N,,,O14920,INHIBITOR OF NUCLEAR FACTOR KAPPA B KINASE BETA SUBUNIT,IKBKB,21336281.0,pKI,5.50003813440381,NM,Nc1n[nH]c2nnc(c3ccccc3)c(c4ccccc4)c12
CHEMBL260135,NPHKXSDZIKFIRU-UHFFFAOYSA-N,,,O14920,INHIBITOR OF NUCLEAR FACTOR KAPPA B KINASE BETA SUBUNIT,IKBKB,,pKI,5.499999678657065,NM,Nc1n[nH]c2nnc(c3ccccc3)c(c4ccccc4)c12
CHEMBL1979883,NRGYZNJPCGRCLV-UHFFFAOYSA-N,,,O14920,INHIBITOR OF NUCLEAR FACTOR KAPPA B KINASE BETA SUBUNIT,IKBKB,,pKI,5.499999678657065,NM,CN(C)CC#Cc1cnc(N)c2c(csc12)c3ccc(NC(=O)Nc4cccc(C)c4)cc3
CHEMBL1977041,NRZYTPAJGVTKIM-UHFFFAOYSA-N,,,O14920,INHIBITOR OF NUCLEAR FACTOR KAPPA B KINASE BETA SUBUNIT,IKBKB,,pKI,5.499999678657065,NM,COC(=O)c1c(C)n2ncnc(N)c2c1c3ccc(NC(=O)Nc4ccccc4)cc3
CHEMBL336961,NTSBZVCEIVPKBJ-UHFFFAOYSA-N,AZAKENPAULLONE,,O14920,INHIBITOR OF NUCLEAR FACTOR KAPPA B KINASE BETA SUBUNIT,IKBKB,21336281.0,pKI,5.50003813440381,NM,Brc1ccc2[nH]c3c(CC(=O)Nc4cccnc34)c2c1
CHEMBL336961,NTSBZVCEIVPKBJ-UHFFFAOYSA-N,AZAKENPAULLONE,,O14920,INHIBITOR OF NUCLEAR FACTOR KAPPA B KINASE BETA SUBUNIT,IKBKB,,pKI,5.499999678657065,NM,Brc1ccc2[nH]c3c(CC(=O)Nc4cccnc34)c2c1
CHEMBL1997025,OETCTXGISYWYMV-UHFFFAOYSA-N,,,O14920,INHIBITOR OF NUCLEAR FACTOR KAPPA B KINASE BETA SUBUNIT,IKBKB,,pKI,5.499999678657065,NM,NC(=O)c1cccc2[nH]c(nc12)c3ccc(cc3F)C4CCCNC4
CHEMBL1973711,OKCNACDPDSQZSE-UHFFFAOYSA-N,,,O14920,INHIBITOR OF NUCLEAR FACTOR KAPPA B KINASE BETA SUBUNIT,IKBKB,,pKI,5.499999678657065,NM,OC1=C(C#N)C2=C(C(=N)Oc3ccc(Cl)cc23)C(=O)N1
CHEMBL50894,OLUKILHGKRVDCT-UHFFFAOYSA-N,ALSTERPAULLONE,,O14920,INHIBITOR OF NUCLEAR FACTOR KAPPA B KINASE BETA SUBUNIT,IKBKB,21336281.0,pKI,5.700057099977233,NM,[O-][N+](=O)c1ccc2[nH]c3c(CC(=O)Nc4ccccc34)c2c1
CHEMBL50894,OLUKILHGKRVDCT-UHFFFAOYSA-N,ALSTERPAULLONE,,O14920,INHIBITOR OF NUCLEAR FACTOR KAPPA B KINASE BETA SUBUNIT,IKBKB,,pKI,5.700000503883016,NM,[O-][N+](=O)c1ccc2[nH]c3c(CC(=O)Nc4ccccc34)c2c1
CHEMBL1984432,OPOGDZANLATWGS-UHFFFAOYSA-N,,,O14920,INHIBITOR OF NUCLEAR FACTOR KAPPA B KINASE BETA SUBUNIT,IKBKB,,pKI,5.499999678657065,NM,Cc1ccc(Cn2cc(nn2)c3ccc4[nH]ncc4c3)c(C)c1
CHEMBL1967564,OROAFGSTGRDOFR-UHFFFAOYSA-N,,,O14920,INHIBITOR OF NUCLEAR FACTOR KAPPA B KINASE BETA SUBUNIT,IKBKB,,pKI,5.499999678657065,NM,CCCC(=O)Nc1n[nH]c2nc3ccccc3cc12
CHEMBL1967302,ORUUEFDGYYTXAF-UHFFFAOYSA-N,,,O14920,INHIBITOR OF NUCLEAR FACTOR KAPPA B KINASE BETA SUBUNIT,IKBKB,,pKI,5.499999678657065,NM,NC(COc1cncc(c1)c2ccc3NC(=O)Cc3c2)Cc4c[nH]c5ccccc45
CHEMBL1984711,OTVCFDOYUHREFJ-UHFFFAOYSA-N,,,O14920,INHIBITOR OF NUCLEAR FACTOR KAPPA B KINASE BETA SUBUNIT,IKBKB,,pKI,5.499999678657065,NM,COc1cc(Nc2nccc(Nc3onc(c3)C4CCCCC4)n2)cc(OC)c1OC
CHEMBL226403,OWFLADWRSCINST-UHFFFAOYSA-N,,,O14920,INHIBITOR OF NUCLEAR FACTOR KAPPA B KINASE BETA SUBUNIT,IKBKB,,pKI,5.499999678657065,NM,O=C1NCCc2[nH]c(cc12)c3ccnc(c3)c4cnc5ccccc5c4
CHEMBL207400,PAMZHNHIZCTSRT-UHFFFAOYSA-N,,,O14920,INHIBITOR OF NUCLEAR FACTOR KAPPA B KINASE BETA SUBUNIT,IKBKB,21336281.0,pKI,5.50003813440381,NM,Cn1nc(c2C(=O)c3cc(Cl)ccc3N(O)c12)C(F)(F)F
CHEMBL207400,PAMZHNHIZCTSRT-UHFFFAOYSA-N,,,O14920,INHIBITOR OF NUCLEAR FACTOR KAPPA B KINASE BETA SUBUNIT,IKBKB,,pKI,5.499999678657065,NM,Cn1nc(c2C(=O)c3cc(Cl)ccc3N(O)c12)C(F)(F)F
CHEMBL2006156,PBNKREGCQAYWMQ-UHFFFAOYSA-N,,,O14920,INHIBITOR OF NUCLEAR FACTOR KAPPA B KINASE BETA SUBUNIT,IKBKB,,pKI,5.800000874803203,NM,CC(C)N(C(C)C)C(=O)Nc1ccc2nc(c3occc3)c(nc2c1)c4occc4
CHEMBL95692,PDTYLGXVBIWRIM-UHFFFAOYSA-N,SB-242235,,O14920,INHIBITOR OF NUCLEAR FACTOR KAPPA B KINASE BETA SUBUNIT,IKBKB,21336281.0,pKI,5.50003813440381,NM,COc1nccc(n1)c2c(ncn2C3CCNCC3)c4ccc(F)cc4
CHEMBL95692,PDTYLGXVBIWRIM-UHFFFAOYSA-N,SB-242235,,O14920,INHIBITOR OF NUCLEAR FACTOR KAPPA B KINASE BETA SUBUNIT,IKBKB,,pKI,5.499999678657065,NM,COc1nccc(n1)c2c(ncn2C3CCNCC3)c4ccc(F)cc4
CHEMBL1971430,PEEMSUJXJVLHFP-UHFFFAOYSA-N,,,O14920,INHIBITOR OF NUCLEAR FACTOR KAPPA B KINASE BETA SUBUNIT,IKBKB,,pKI,5.499999678657065,NM,CN1C(=NC(=C(C1=O)c2cccc(C)c2)c3ccncc3)NCC(N)Cc4ccccc4
CHEMBL443962,PEXKNSGOEOREKM-UHFFFAOYSA-N,,,O14920,INHIBITOR OF NUCLEAR FACTOR KAPPA B KINASE BETA SUBUNIT,IKBKB,,pKI,5.499999678657065,NM,COc1ccc(cc1)c2cnc3c(Br)cnn3c2
CHEMBL2001923,PHMQDWBSDYUPSP-UHFFFAOYSA-N,,,O14920,INHIBITOR OF NUCLEAR FACTOR KAPPA B KINASE BETA SUBUNIT,IKBKB,,pKI,5.499999678657065,NM,Fc1cc(Cn2cc(c3ccc4C(=O)Nc5cc(CCOc6ccc(cc6)N7CCOCC7)ccc5Nc4c3)c8ccncc28)cc(F)c1F
CHEMBL522892,PIQCTGMSNWUMAF-UHFFFAOYSA-N,DOVITINIB,,O14920,INHIBITOR OF NUCLEAR FACTOR KAPPA B KINASE BETA SUBUNIT,IKBKB,,pKI,5.499999678657065,NM,CN1CCN(CC1)c2ccc3nc([nH]c3c2)C4=C(N)c5c(F)cccc5NC4=O
CHEMBL2006836,PJQQRNGGHIVKKV-UHFFFAOYSA-N,,,O14920,INHIBITOR OF NUCLEAR FACTOR KAPPA B KINASE BETA SUBUNIT,IKBKB,,pKI,5.499999678657065,NM,CC1=NN(C(=O)C1=Cc2c(C)c(C#N)c3nc4ccccc4n3c2O)c5ccc(cc5)C(=O)O
CHEMBL375284,PJSBFZAYJQMORO-UHFFFAOYSA-N,,,O14920,INHIBITOR OF NUCLEAR FACTOR KAPPA B KINASE BETA SUBUNIT,IKBKB,21336281.0,pKI,5.50003813440381,NM,Cc1cccc(NC(=O)Nc2ccc(cc2)c3cccc4[nH]ncc34)c1
CHEMBL375284,PJSBFZAYJQMORO-UHFFFAOYSA-N,,,O14920,INHIBITOR OF NUCLEAR FACTOR KAPPA B KINASE BETA SUBUNIT,IKBKB,,pKI,5.499999678657065,NM,Cc1cccc(NC(=O)Nc2ccc(cc2)c3cccc4[nH]ncc34)c1
CHEMBL1971017,PJUVRETYCLPAFV-UHFFFAOYSA-N,,,O14920,INHIBITOR OF NUCLEAR FACTOR KAPPA B KINASE BETA SUBUNIT,IKBKB,,pKI,5.499999678657065,NM,NC(=O)c1cc2c(cncc2s1)c3cccc(F)c3
CHEMBL1997023,PNAPQQCRNHMIER-UHFFFAOYSA-N,,,O14920,INHIBITOR OF NUCLEAR FACTOR KAPPA B KINASE BETA SUBUNIT,IKBKB,,pKI,5.499999678657065,NM,CN(C)c1cc2sncc2cc1NC(=O)C(=O)O
CHEMBL2000345,PNKALLUVKOKYHZ-UHFFFAOYSA-N,,,O14920,INHIBITOR OF NUCLEAR FACTOR KAPPA B KINASE BETA SUBUNIT,IKBKB,,pKI,5.499999678657065,NM,COc1cc(C=C(C#N)c2nc3cc(C)ccc3[nH]2)c(Br)cc1O
CHEMBL1992922,PSCJSWRVCKUMSL-UHFFFAOYSA-N,,,O14920,INHIBITOR OF NUCLEAR FACTOR KAPPA B KINASE BETA SUBUNIT,IKBKB,,pKI,5.499999678657065,NM,OCC(CO)Nc1ncnc2[nH]cc(c3ccccc3)c12
CHEMBL249697,PSPFQEBFYXJZEV-UHFFFAOYSA-N,BMS-345541,,O14920,INHIBITOR OF NUCLEAR FACTOR KAPPA B KINASE BETA SUBUNIT,IKBKB,15975507.0,pKI,6.522878745280337,NM,Cc1ccc2nc(NCCN)c3ncc(C)n3c2c1
CHEMBL1991395,PTSWSUSIGQQZOO-UHFFFAOYSA-N,,,O14920,INHIBITOR OF NUCLEAR FACTOR KAPPA B KINASE BETA SUBUNIT,IKBKB,,pKI,5.499999678657065,NM,CC(C)(CO)CNc1nccc(n1)c2c(nc3cnccn23)c4ccc(F)cc4
CHEMBL1998585,PTVPBWWDGZSEAF-UHFFFAOYSA-N,,,O14920,INHIBITOR OF NUCLEAR FACTOR KAPPA B KINASE BETA SUBUNIT,IKBKB,,pKI,5.499999678657065,NM,Nc1ncnc2scc(c3ccc(NC(=O)Nc4cc(ccc4F)C(F)(F)F)cc3)c12
CHEMBL271381,PUPCRRRSBUYJAD-UHFFFAOYSA-N,,,O14920,INHIBITOR OF NUCLEAR FACTOR KAPPA B KINASE BETA SUBUNIT,IKBKB,21336281.0,pKI,5.50003813440381,NM,COc1ccc(c2ccc(NC(=O)Nc3cccc(Br)c3)cc2)c4c(N)noc14
CHEMBL271381,PUPCRRRSBUYJAD-UHFFFAOYSA-N,,,O14920,INHIBITOR OF NUCLEAR FACTOR KAPPA B KINASE BETA SUBUNIT,IKBKB,,pKI,5.499999678657065,NM,COc1ccc(c2ccc(NC(=O)Nc3cccc(Br)c3)cc2)c4c(N)noc14
CHEMBL1964687,PYXQMJSGJIJHJT-UHFFFAOYSA-N,,,O14920,INHIBITOR OF NUCLEAR FACTOR KAPPA B KINASE BETA SUBUNIT,IKBKB,,pKI,6.0999990348465305,NM,Cc1cc(C)cc(NC(=O)Nc2ccc3c(CCc4sc5ncnc(N)c5c34)c2)c1
CHEMBL1971947,QJIVDCJIPGAKQZ-UHFFFAOYSA-N,,,O14920,INHIBITOR OF NUCLEAR FACTOR KAPPA B KINASE BETA SUBUNIT,IKBKB,,pKI,5.499999678657065,NM,Cc1cccc(NC(=O)Nc2ccc(cc2)c3csc4c(cnc(N)c34)C#Cc5cccnc5)c1
CHEMBL1980715,QMMMGQKKOKYDMN-UHFFFAOYSA-N,LAUROGUADINE,,O14920,INHIBITOR OF NUCLEAR FACTOR KAPPA B KINASE BETA SUBUNIT,IKBKB,,pKI,5.499999678657065,NM,CCCCCCCCCCCCOc1ccc(NC(=N)N)cc1NC(=N)N
CHEMBL1992323,QNZJDYVERIAXAI-UHFFFAOYSA-N,,,O14920,INHIBITOR OF NUCLEAR FACTOR KAPPA B KINASE BETA SUBUNIT,IKBKB,,pKI,5.499999678657065,NM,Clc1ccc2oc3C(=O)NC=Nc3c2c1
CHEMBL296586,QQUXFYAWXPMDOE-UHFFFAOYSA-N,KENPAULLONE,,O14920,INHIBITOR OF NUCLEAR FACTOR KAPPA B KINASE BETA SUBUNIT,IKBKB,21336281.0,pKI,5.50003813440381,NM,Brc1ccc2[nH]c3c(CC(=O)Nc4ccccc34)c2c1
CHEMBL296586,QQUXFYAWXPMDOE-UHFFFAOYSA-N,KENPAULLONE,,O14920,INHIBITOR OF NUCLEAR FACTOR KAPPA B KINASE BETA SUBUNIT,IKBKB,,pKI,5.499999678657065,NM,Brc1ccc2[nH]c3c(CC(=O)Nc4ccccc34)c2c1
CHEMBL223460,QTQUAHGXBLFSCH-UHFFFAOYSA-N,,,O14920,INHIBITOR OF NUCLEAR FACTOR KAPPA B KINASE BETA SUBUNIT,IKBKB,21336281.0,pKI,5.50003813440381,NM,CS(=O)(=O)Nc1cc2OCCCCCOc3nc(NC(=O)Nc2cc1Cl)cnc3C#N
CHEMBL223460,QTQUAHGXBLFSCH-UHFFFAOYSA-N,,,O14920,INHIBITOR OF NUCLEAR FACTOR KAPPA B KINASE BETA SUBUNIT,IKBKB,17352464.0,pKI,5.0,NM,CS(=O)(=O)Nc1cc2OCCCCCOc3nc(NC(=O)Nc2cc1Cl)cnc3C#N
CHEMBL223460,QTQUAHGXBLFSCH-UHFFFAOYSA-N,,,O14920,INHIBITOR OF NUCLEAR FACTOR KAPPA B KINASE BETA SUBUNIT,IKBKB,,pKI,5.499999678657065,NM,CS(=O)(=O)Nc1cc2OCCCCCOc3nc(NC(=O)Nc2cc1Cl)cnc3C#N
CHEMBL1682546,QVWKRMXAYICTFS-UHFFFAOYSA-N,,,O14920,INHIBITOR OF NUCLEAR FACTOR KAPPA B KINASE BETA SUBUNIT,IKBKB,,pKI,5.499999678657065,NM,C(Nc1nc(cs1)c2ccc3[nH]ncc3c2)c4ccccc4
CHEMBL1973145,RAPYFGJGASETOS-UHFFFAOYSA-N,,,O14920,INHIBITOR OF NUCLEAR FACTOR KAPPA B KINASE BETA SUBUNIT,IKBKB,,pKI,5.499999678657065,NM,Cc1cccc(NC(=O)Nc2ccc(cc2)c3csc4nc(N)nc(N)c34)c1
CHEMBL1983945,RFVBRKXQYUDGIO-UHFFFAOYSA-N,,,O14920,INHIBITOR OF NUCLEAR FACTOR KAPPA B KINASE BETA SUBUNIT,IKBKB,,pKI,5.499999678657065,NM,NC(Cc1c[nH]c2ccccc12)C(=O)Nc3cncc(C=Cc4ccncc4)c3
CHEMBL1980802,RIDCOBPCGROHQY-UHFFFAOYSA-N,,,O14920,INHIBITOR OF NUCLEAR FACTOR KAPPA B KINASE BETA SUBUNIT,IKBKB,,pKI,5.499999678657065,NM,OC1COc2ccc(Cl)cc2NC(=O)Nc3cnc(C#N)c(OCC1O)n3
CHEMBL1988437,RITAVMQDGBJQJZ-UHFFFAOYSA-N,,,O14920,INHIBITOR OF NUCLEAR FACTOR KAPPA B KINASE BETA SUBUNIT,IKBKB,,pKI,5.499999678657065,NM,CNC(=O)c1ccccc1Sc2ccc3c(C=Cc4ccccn4)n[nH]c3c2
CHEMBL1997129,RJZDECGDCKOHBV-UHFFFAOYSA-N,,,O14920,INHIBITOR OF NUCLEAR FACTOR KAPPA B KINASE BETA SUBUNIT,IKBKB,,pKI,6.799998134593398,NM,O=C1NCCc2[nH]c(cc12)c3ccnc(C=Cc4ccccc4)c3
CHEMBL1964399,RKKIDHHGKNGTQI-UHFFFAOYSA-N,,,O14920,INHIBITOR OF NUCLEAR FACTOR KAPPA B KINASE BETA SUBUNIT,IKBKB,,pKI,5.499999678657065,NM,COc1ccc(Nc2nccc(NC3=C(NC(C)C(C)(C)C)C(=O)C3=O)n2)cc1OC
CHEMBL1990496,RQVKVJIRFKVPBF-UHFFFAOYSA-N,,,O14920,INHIBITOR OF NUCLEAR FACTOR KAPPA B KINASE BETA SUBUNIT,IKBKB,,pKI,5.499999678657065,NM,CN1C(=NC(=C(C1=O)c2ccc3ccccc3c2)c4ccncc4)NCC(N)Cc5ccccc5
CHEMBL1977223,RVSKJUNTDGBSSS-UHFFFAOYSA-N,,,O14920,INHIBITOR OF NUCLEAR FACTOR KAPPA B KINASE BETA SUBUNIT,IKBKB,,pKI,5.59999938302362,NM,CCCC(=O)Nc1n[nH]c2ccc(cc12)c3cn(Cc4ccccc4)nn3
CHEMBL1968070,RXVOXSGTUROJOL-UHFFFAOYSA-N,,,O14920,INHIBITOR OF NUCLEAR FACTOR KAPPA B KINASE BETA SUBUNIT,IKBKB,,pKI,5.499999678657065,NM,NC(=O)c1cccc2NC(=O)c3cc(Cl)nnc3Nc12
CHEMBL1985566,SAKSWJGBCYLXHW-UHFFFAOYSA-N,,,O14920,INHIBITOR OF NUCLEAR FACTOR KAPPA B KINASE BETA SUBUNIT,IKBKB,,pKI,5.499999678657065,NM,COc1cc(ccc1CC#N)c2ccc3C(=O)Nc4cc(CCOc5ccc(cc5)N6CCOCC6)ccc4Nc3c2
CHEMBL2004447,SAVYFZRLWUDEDV-UHFFFAOYSA-N,,,O14920,INHIBITOR OF NUCLEAR FACTOR KAPPA B KINASE BETA SUBUNIT,IKBKB,,pKI,5.499999678657065,NM,CC(C)(C)c1n[nH]c2OC(=C(C#N)C(c3ccccc3F)c12)N
CHEMBL2001257,SEVCBWKJSOLMNQ-UHFFFAOYSA-N,,,O14920,INHIBITOR OF NUCLEAR FACTOR KAPPA B KINASE BETA SUBUNIT,IKBKB,,pKI,5.499999678657065,NM,CCN(CC)CC#Cc1cnc(N)c2c(csc12)c3ccc(NC(=O)Nc4cccc(C)c4)cc3
CHEMBL1965988,SFPWNTQWFFNJIH-UHFFFAOYSA-N,,,O14920,INHIBITOR OF NUCLEAR FACTOR KAPPA B KINASE BETA SUBUNIT,IKBKB,,pKI,5.499999678657065,NM,Cc1cccc(NC(=O)Nc2ccc(cc2)c3csc4c(cnc(N)c34)C#CCN)c1
CHEMBL1974935,SGHXFHRRWFLILP-UHFFFAOYSA-N,,,O14920,INHIBITOR OF NUCLEAR FACTOR KAPPA B KINASE BETA SUBUNIT,IKBKB,,pKI,5.499999678657065,NM,NC(COc1cncc(C=Cc2ccncc2)c1)Cc3c[nH]c4ccccc34
CHEMBL1989265,SHNZBTHVGXHLLD-UHFFFAOYSA-N,,,O14920,INHIBITOR OF NUCLEAR FACTOR KAPPA B KINASE BETA SUBUNIT,IKBKB,,pKI,5.499999678657065,NM,CC1CSC2=C(C(=O)O)C(=O)c3cc(F)c(cc3N12)N4CCC(N)C4
CHEMBL1972659,SIIYWGTUMQUUKJ-UHFFFAOYSA-N,,,O14920,INHIBITOR OF NUCLEAR FACTOR KAPPA B KINASE BETA SUBUNIT,IKBKB,,pKI,5.499999678657065,NM,Cc1c(O)ccc2C(=NNC(=O)Cc3cccc4ccccc34)CCCc12
CHEMBL220057,SPMHGQZFMNZCBV-UHFFFAOYSA-N,,,O14920,INHIBITOR OF NUCLEAR FACTOR KAPPA B KINASE BETA SUBUNIT,IKBKB,21336281.0,pKI,5.50003813440381,NM,Cc1cccc(NC(=O)Nc2ccc(cc2)c3cccc4[nH]nc(N)c34)c1
CHEMBL220057,SPMHGQZFMNZCBV-UHFFFAOYSA-N,,,O14920,INHIBITOR OF NUCLEAR FACTOR KAPPA B KINASE BETA SUBUNIT,IKBKB,,pKI,5.499999678657065,NM,Cc1cccc(NC(=O)Nc2ccc(cc2)c3cccc4[nH]nc(N)c34)c1
CHEMBL116070,SPOBBSBKXJKGBG-UHFFFAOYSA-N,,,O14920,INHIBITOR OF NUCLEAR FACTOR KAPPA B KINASE BETA SUBUNIT,IKBKB,21336281.0,pKI,5.50003813440381,NM,NC(=O)c1cc2c(Oc3ccc(Br)cc3)cncc2s1
CHEMBL116070,SPOBBSBKXJKGBG-UHFFFAOYSA-N,,,O14920,INHIBITOR OF NUCLEAR FACTOR KAPPA B KINASE BETA SUBUNIT,IKBKB,,pKI,5.499999678657065,NM,NC(=O)c1cc2c(Oc3ccc(Br)cc3)cncc2s1
CHEMBL249282,SRROIPFGGDHJCJ-UHFFFAOYSA-N,,,O14920,INHIBITOR OF NUCLEAR FACTOR KAPPA B KINASE BETA SUBUNIT,IKBKB,21336281.0,pKI,5.50003813440381,NM,N#Cc1ccc(cn1)c2n[nH]c3c2Cc4ccc(OCCN5CCOCC5)cc34
CHEMBL249282,SRROIPFGGDHJCJ-UHFFFAOYSA-N,,,O14920,INHIBITOR OF NUCLEAR FACTOR KAPPA B KINASE BETA SUBUNIT,IKBKB,,pKI,5.499999678657065,NM,N#Cc1ccc(cn1)c2n[nH]c3c2Cc4ccc(OCCN5CCOCC5)cc34
CHEMBL1992937,SYLTYCLPHHSEIJ-UHFFFAOYSA-N,,,O14920,INHIBITOR OF NUCLEAR FACTOR KAPPA B KINASE BETA SUBUNIT,IKBKB,,pKI,5.499999678657065,NM,Cc1ccc(Nc2nc3ccc(cc3[nH]2)[N+](=O)[O-])nc1
CHEMBL209534,SZBUKBINUVLFEL-UHFFFAOYSA-N,,,O14920,INHIBITOR OF NUCLEAR FACTOR KAPPA B KINASE BETA SUBUNIT,IKBKB,21336281.0,pKI,5.50003813440381,NM,CCOc1nc(cc(N)c1C#N)C(=O)NCc2cccnc2
CHEMBL209534,SZBUKBINUVLFEL-UHFFFAOYSA-N,,,O14920,INHIBITOR OF NUCLEAR FACTOR KAPPA B KINASE BETA SUBUNIT,IKBKB,,pKI,5.499999678657065,NM,CCOc1nc(cc(N)c1C#N)C(=O)NCc2cccnc2
CHEMBL1969102,UGEJLCNSVIVALC-UHFFFAOYSA-N,,,O14920,INHIBITOR OF NUCLEAR FACTOR KAPPA B KINASE BETA SUBUNIT,IKBKB,,pKI,5.499999678657065,NM,Cc1cccc(NC(=O)Nc2ccc(cc2)c3csc4c(cnc(N)c34)c5cn[nH]c5)c1
CHEMBL210963,UIRLFLOVKAOFEX-UHFFFAOYSA-N,,,O14920,INHIBITOR OF NUCLEAR FACTOR KAPPA B KINASE BETA SUBUNIT,IKBKB,21336281.0,pKI,5.50003813440381,NM,CCOc1nc(NC(=O)Cc2cc(OC)c(cc2OC)S(=O)(=O)C)cc(N)c1C#N
CHEMBL210963,UIRLFLOVKAOFEX-UHFFFAOYSA-N,,,O14920,INHIBITOR OF NUCLEAR FACTOR KAPPA B KINASE BETA SUBUNIT,IKBKB,16759099.0,pKI,5.494850021680094,NM,CCOc1nc(NC(=O)Cc2cc(OC)c(cc2OC)S(=O)(=O)C)cc(N)c1C#N
CHEMBL210963,UIRLFLOVKAOFEX-UHFFFAOYSA-N,,,O14920,INHIBITOR OF NUCLEAR FACTOR KAPPA B KINASE BETA SUBUNIT,IKBKB,,pKI,5.499999678657065,NM,CCOc1nc(NC(=O)Cc2cc(OC)c(cc2OC)S(=O)(=O)C)cc(N)c1C#N
CHEMBL2005631,ULHGAQSVFPOUDY-UHFFFAOYSA-N,,,O14920,INHIBITOR OF NUCLEAR FACTOR KAPPA B KINASE BETA SUBUNIT,IKBKB,,pKI,5.499999678657065,NM,CNC(=O)c1cnc(N)c2c(csc12)c3ccc(NC(=O)Nc4cc(C)ccc4F)cc3
CHEMBL2003524,ULVWJFBHQIXEPE-UHFFFAOYSA-N,,,O14920,INHIBITOR OF NUCLEAR FACTOR KAPPA B KINASE BETA SUBUNIT,IKBKB,,pKI,5.499999678657065,NM,CCc1nc2C(=O)NC(=O)c2c3cc(OC)c(OC)cc13
CHEMBL1991846,UMULGPSQNQMYNC-UHFFFAOYSA-N,,,O14920,INHIBITOR OF NUCLEAR FACTOR KAPPA B KINASE BETA SUBUNIT,IKBKB,,pKI,5.499999678657065,NM,NC(COc1cncc(C=Cc2ccncc2)c1)Cc3ccccc3
CHEMBL1989856,UPITUWGOTMBQLX-UHFFFAOYSA-N,,,O14920,INHIBITOR OF NUCLEAR FACTOR KAPPA B KINASE BETA SUBUNIT,IKBKB,,pKI,5.499999678657065,NM,Cc1c(C=O)c(O)n2c3ccccc3nc2c1C#N
CHEMBL437747,UQFRSHRWRKYNDE-UHFFFAOYSA-N,,,O14920,INHIBITOR OF NUCLEAR FACTOR KAPPA B KINASE BETA SUBUNIT,IKBKB,21336281.0,pKI,5.50003813440381,NM,CCCn1c(nc(c2ccc(Cl)c(Cl)c2)c1c3ccnc(NC4CCCCC4)n3)C5CCNCC5
CHEMBL437747,UQFRSHRWRKYNDE-UHFFFAOYSA-N,,,O14920,INHIBITOR OF NUCLEAR FACTOR KAPPA B KINASE BETA SUBUNIT,IKBKB,,pKI,5.499999678657065,NM,CCCn1c(nc(c2ccc(Cl)c(Cl)c2)c1c3ccnc(NC4CCCCC4)n3)C5CCNCC5
CHEMBL1991728,USHMNZBDAOGLMB-UHFFFAOYSA-N,,,O14920,INHIBITOR OF NUCLEAR FACTOR KAPPA B KINASE BETA SUBUNIT,IKBKB,,pKI,5.499999678657065,NM,CC(=NNC(=N)N)c1cc(NC(=O)NCCCCCCNC(=O)Nc2cc(cc(c2)C(=NNC(=N)N)C)C(=NNC(=N)N)C)cc(c1)C(=NNC(=N)N)C
CHEMBL2002446,UTQPKPHUIMHAAN-UHFFFAOYSA-N,,,O14920,INHIBITOR OF NUCLEAR FACTOR KAPPA B KINASE BETA SUBUNIT,IKBKB,,pKI,5.800000874803203,NM,CN1CCN(Cc2ccc3c(Cc4c(n[nH]c34)c5csc(c5)C#CCOCC6CC6)c2)CC1
CHEMBL1974803,UUYUVYXSHUTRGO-UHFFFAOYSA-N,,,O14920,INHIBITOR OF NUCLEAR FACTOR KAPPA B KINASE BETA SUBUNIT,IKBKB,,pKI,5.499999678657065,NM,OC1=C(c2cc(Cl)ccc2O)c3c(Cl)cc(Cl)cc3NC1=O
CHEMBL2003817,UWQBVYXTLXNIOO-UHFFFAOYSA-N,,,O14920,INHIBITOR OF NUCLEAR FACTOR KAPPA B KINASE BETA SUBUNIT,IKBKB,,pKI,5.499999678657065,NM,FC(F)(F)c1ccc2c(NC(=O)Nc3cnccn3)ccnc2c1
CHEMBL219722,UXMNYFJHEBEDJS-UHFFFAOYSA-N,,,O14920,INHIBITOR OF NUCLEAR FACTOR KAPPA B KINASE BETA SUBUNIT,IKBKB,21336281.0,pKI,5.50003813440381,NM,Nc1n[nH]c2cccc(c3ccc(NC(=O)Nc4ccccc4)cc3)c12
CHEMBL219722,UXMNYFJHEBEDJS-UHFFFAOYSA-N,,,O14920,INHIBITOR OF NUCLEAR FACTOR KAPPA B KINASE BETA SUBUNIT,IKBKB,,pKI,5.499999678657065,NM,Nc1n[nH]c2cccc(c3ccc(NC(=O)Nc4ccccc4)cc3)c12
CHEMBL124660,UXXQOJXBIDBUAC-UHFFFAOYSA-N,TANDUTINIB,,O14920,INHIBITOR OF NUCLEAR FACTOR KAPPA B KINASE BETA SUBUNIT,IKBKB,21336281.0,pKI,5.50003813440381,NM,COc1cc2c(ncnc2cc1OCCCN3CCCCC3)N4CCN(CC4)C(=O)Nc5ccc(OC(C)C)cc5
CHEMBL124660,UXXQOJXBIDBUAC-UHFFFAOYSA-N,TANDUTINIB,,O14920,INHIBITOR OF NUCLEAR FACTOR KAPPA B KINASE BETA SUBUNIT,IKBKB,,pKI,5.499999678657065,NM,COc1cc2c(ncnc2cc1OCCCN3CCCCC3)N4CCN(CC4)C(=O)Nc5ccc(OC(C)C)cc5
CHEMBL119385,VEPKQEUBKLEPRA-UHFFFAOYSA-N,VX-745,,O14920,INHIBITOR OF NUCLEAR FACTOR KAPPA B KINASE BETA SUBUNIT,IKBKB,21336281.0,pKI,5.50003813440381,NM,Fc1ccc(SC2=NN3C=NC(=O)C(=C3C=C2)c4c(Cl)cccc4Cl)c(F)c1
CHEMBL119385,VEPKQEUBKLEPRA-UHFFFAOYSA-N,VX-745,,O14920,INHIBITOR OF NUCLEAR FACTOR KAPPA B KINASE BETA SUBUNIT,IKBKB,,pKI,5.499999678657065,NM,Fc1ccc(SC2=NN3C=NC(=O)C(=C3C=C2)c4c(Cl)cccc4Cl)c(F)c1
CHEMBL1965423,VLEFVPMCVJDTHZ-UHFFFAOYSA-N,,,O14920,INHIBITOR OF NUCLEAR FACTOR KAPPA B KINASE BETA SUBUNIT,IKBKB,,pKI,5.499999678657065,NM,CC(C)Cn1c(N)nc2ccc(cc12)c3c(nc4sccn34)c5ccc(F)cc5
CHEMBL259922,VMOVZKURWYNTLN-UHFFFAOYSA-N,,,O14920,INHIBITOR OF NUCLEAR FACTOR KAPPA B KINASE BETA SUBUNIT,IKBKB,21336281.0,pKI,5.50003813440381,NM,Cc1ccc(cc1Nc2ncnc3c2cnn3c4ccccc4)C(=O)Nc5ccon5
CHEMBL259922,VMOVZKURWYNTLN-UHFFFAOYSA-N,,,O14920,INHIBITOR OF NUCLEAR FACTOR KAPPA B KINASE BETA SUBUNIT,IKBKB,,pKI,5.499999678657065,NM,Cc1ccc(cc1Nc2ncnc3c2cnn3c4ccccc4)C(=O)Nc5ccon5
CHEMBL1992644,VOXXNSOMSGHJJR-UHFFFAOYSA-N,,,O14920,INHIBITOR OF NUCLEAR FACTOR KAPPA B KINASE BETA SUBUNIT,IKBKB,,pKI,5.100000128334196,NM,c1ccc(cc1)c2n[nH]cc2c3ccncc3
CHEMBL274064,VSPFURGQAYMVAN-UHFFFAOYSA-N,SB-220025,,O14920,INHIBITOR OF NUCLEAR FACTOR KAPPA B KINASE BETA SUBUNIT,IKBKB,21336281.0,pKI,5.50003813440381,NM,Nc1nccc(n1)c2c(ncn2C3CCNCC3)c4ccc(F)cc4
CHEMBL274064,VSPFURGQAYMVAN-UHFFFAOYSA-N,SB-220025,,O14920,INHIBITOR OF NUCLEAR FACTOR KAPPA B KINASE BETA SUBUNIT,IKBKB,,pKI,5.499999678657065,NM,Nc1nccc(n1)c2c(ncn2C3CCNCC3)c4ccc(F)cc4
CHEMBL1996543,VUDAXHCEPITOSW-UHFFFAOYSA-N,,,O14920,INHIBITOR OF NUCLEAR FACTOR KAPPA B KINASE BETA SUBUNIT,IKBKB,,pKI,5.499999678657065,NM,NC(COc1cncc(c1)c2ccc(F)cc2)Cc3c[nH]c4ccccc34
CHEMBL302449,VWVYILCFSYNJHF-UHFFFAOYSA-N,GO-6976,,O14920,INHIBITOR OF NUCLEAR FACTOR KAPPA B KINASE BETA SUBUNIT,IKBKB,21336281.0,pKI,5.50003813440381,NM,Cn1c2ccccc2c3c4C(=O)NCc4c5c6ccccc6n(CCC#N)c5c13
CHEMBL302449,VWVYILCFSYNJHF-UHFFFAOYSA-N,GO-6976,,O14920,INHIBITOR OF NUCLEAR FACTOR KAPPA B KINASE BETA SUBUNIT,IKBKB,,pKI,5.499999678657065,NM,Cn1c2ccccc2c3c4C(=O)NCc4c5c6ccccc6n(CCC#N)c5c13
CHEMBL2002407,WCAKSXQRFBVWDG-UHFFFAOYSA-N,,,O14920,INHIBITOR OF NUCLEAR FACTOR KAPPA B KINASE BETA SUBUNIT,IKBKB,,pKI,5.499999678657065,NM,COc1cc(C=C(C#N)c2n[nH]c(N)c2C#N)ccc1O
CHEMBL1992796,WGYAMRMJVUNILQ-UHFFFAOYSA-N,,,O14920,INHIBITOR OF NUCLEAR FACTOR KAPPA B KINASE BETA SUBUNIT,IKBKB,,pKI,5.499999678657065,NM,Clc1ccc2NC(=O)C(=C(c3ccccc3)c2c1)C4=NNC(C4)c5ccccc5
CHEMBL1381197,WHKWRDQKKUPBMN-UHFFFAOYSA-N,,,O14920,INHIBITOR OF NUCLEAR FACTOR KAPPA B KINASE BETA SUBUNIT,IKBKB,,pKI,5.499999678657065,NM,Clc1ccc(CNc2ccc3nnc(c4ccccc4)n3n2)cc1
CHEMBL1996390,WICLISNBDMGFST-UHFFFAOYSA-N,,,O14920,INHIBITOR OF NUCLEAR FACTOR KAPPA B KINASE BETA SUBUNIT,IKBKB,,pKI,5.499999678657065,NM,OC(=O)c1cc2c(cncc2s1)c3ccccc3
CHEMBL1990885,WINHZLLDWRZWRT-UHFFFAOYSA-N,,,O14920,INHIBITOR OF NUCLEAR FACTOR KAPPA B KINASE BETA SUBUNIT,IKBKB,,pKI,5.499999678657065,NM,CCN(CC)CCNC(=O)c1c(C)[nH]c(C=C2C(=O)Nc3ccc(F)cc23)c1C
CHEMBL1971801,WKWARMGSTJGPIX-UHFFFAOYSA-N,,,O14920,INHIBITOR OF NUCLEAR FACTOR KAPPA B KINASE BETA SUBUNIT,IKBKB,,pKI,5.499999678657065,NM,O=C1Nc2ccccc2Nc3nnccc13
CHEMBL1682357,WKWGFJFNCXAUEX-UHFFFAOYSA-N,,,O14920,INHIBITOR OF NUCLEAR FACTOR KAPPA B KINASE BETA SUBUNIT,IKBKB,,pKI,5.499999678657065,NM,C(c1ccccc1)c2cc(on2)c3ccc4[nH]ncc4c3
CHEMBL1992732,WLLUQXGGNFUQGM-UHFFFAOYSA-N,,,O14920,INHIBITOR OF NUCLEAR FACTOR KAPPA B KINASE BETA SUBUNIT,IKBKB,,pKI,5.499999678657065,NM,CCOc1ccccc1C=NNC(=O)c2nnn(c2N3CCCC3)c4nonc4N
CHEMBL1996780,WNMXOXGXHRHBLO-UHFFFAOYSA-N,,,O14920,INHIBITOR OF NUCLEAR FACTOR KAPPA B KINASE BETA SUBUNIT,IKBKB,,pKI,5.499999678657065,NM,CCOC(=O)C1=CN(c2ccc(O)cc2C)c3cc(ccc3C1=O)c4ccncc4
CHEMBL1972250,WOTLXQZLXOXMFD-UHFFFAOYSA-N,,,O14920,INHIBITOR OF NUCLEAR FACTOR KAPPA B KINASE BETA SUBUNIT,IKBKB,,pKI,5.499999678657065,NM,COc1cc2c(Cc3c(n[nH]c23)c4ccc(nc4)C#N)cc1C#C
CHEMBL398951,WUBHCQHBUVGGRX-UHFFFAOYSA-N,,,O14920,INHIBITOR OF NUCLEAR FACTOR KAPPA B KINASE BETA SUBUNIT,IKBKB,21336281.0,pKI,5.50003813440381,NM,N#Cc1ccc(cn1)c2n[nH]c3c2Cc4ccc(OCCCCN5CCOCC5)cc34
CHEMBL398951,WUBHCQHBUVGGRX-UHFFFAOYSA-N,,,O14920,INHIBITOR OF NUCLEAR FACTOR KAPPA B KINASE BETA SUBUNIT,IKBKB,,pKI,5.499999678657065,NM,N#Cc1ccc(cn1)c2n[nH]c3c2Cc4ccc(OCCCCN5CCOCC5)cc34
CHEMBL2002702,WUWDLXZGHZSWQZ-UHFFFAOYSA-N,,,O14920,INHIBITOR OF NUCLEAR FACTOR KAPPA B KINASE BETA SUBUNIT,IKBKB,,pKI,5.499999678657065,NM,Cc1cc(C)c(C=C2C(=O)Nc3ccccc23)[nH]1
CHEMBL1975787,WZBMMJKAHHOXRG-UHFFFAOYSA-N,,,O14920,INHIBITOR OF NUCLEAR FACTOR KAPPA B KINASE BETA SUBUNIT,IKBKB,,pKI,5.499999678657065,NM,NC(=O)c1cc2c(cncc2s1)c3ccc(F)cc3F
CHEMBL1985580,WZSVRUCBLPTNFX-UHFFFAOYSA-N,,,O14920,INHIBITOR OF NUCLEAR FACTOR KAPPA B KINASE BETA SUBUNIT,IKBKB,,pKI,5.499999678657065,NM,NC(Cc1cccc2ccccc12)C(=O)Nc3cncc(C=Cc4ccncc4)c3
CHEMBL1999749,WZZXMNBOPNKKSX-UHFFFAOYSA-N,,,O14920,INHIBITOR OF NUCLEAR FACTOR KAPPA B KINASE BETA SUBUNIT,IKBKB,,pKI,5.499999678657065,NM,COc1cc(Nc2ncnc3ccc(cc23)c4ccc(CN5CC6C(CO)C6C5)cc4)ccc1Oc7ccccc7
CHEMBL1993722,XAHJIRNRDAKTEF-UHFFFAOYSA-N,,,O14920,INHIBITOR OF NUCLEAR FACTOR KAPPA B KINASE BETA SUBUNIT,IKBKB,,pKI,5.499999678657065,NM,Nc1n[nH]c2cccc(c3ccc(NC(=O)Nc4cc(ccc4F)C(=O)O)cc3)c12
CHEMBL2006581,XFRGIDBALWLGDZ-UHFFFAOYSA-N,,,O14920,INHIBITOR OF NUCLEAR FACTOR KAPPA B KINASE BETA SUBUNIT,IKBKB,,pKI,5.499999678657065,NM,CCOc1nc(cc(N)c1Cl)C(=O)NCc2ccccc2S(=O)(=O)N
CHEMBL939,XGALLCVXEZPNRQ-UHFFFAOYSA-N,GEFITINIB,,O14920,INHIBITOR OF NUCLEAR FACTOR KAPPA B KINASE BETA SUBUNIT,IKBKB,21336281.0,pKI,5.50003813440381,NM,COc1cc2ncnc(Nc3ccc(F)c(Cl)c3)c2cc1OCCCN4CCOCC4
CHEMBL939,XGALLCVXEZPNRQ-UHFFFAOYSA-N,GEFITINIB,,O14920,INHIBITOR OF NUCLEAR FACTOR KAPPA B KINASE BETA SUBUNIT,IKBKB,,pKI,5.499999678657065,NM,COc1cc2ncnc(Nc3ccc(F)c(Cl)c3)c2cc1OCCCN4CCOCC4
CHEMBL226471,XJJYJNMNYDNXNO-UHFFFAOYSA-N,,,O14920,INHIBITOR OF NUCLEAR FACTOR KAPPA B KINASE BETA SUBUNIT,IKBKB,21336281.0,pKI,5.50003813440381,NM,Fc1ccccc1c2cc(ccn2)c3cc4C(=O)NCCc4[nH]3
CHEMBL226471,XJJYJNMNYDNXNO-UHFFFAOYSA-N,,,O14920,INHIBITOR OF NUCLEAR FACTOR KAPPA B KINASE BETA SUBUNIT,IKBKB,,pKI,5.499999678657065,NM,Fc1ccccc1c2cc(ccn2)c3cc4C(=O)NCCc4[nH]3
CHEMBL2002323,XLXFTYZLDQSWSY-UHFFFAOYSA-N,,,O14920,INHIBITOR OF NUCLEAR FACTOR KAPPA B KINASE BETA SUBUNIT,IKBKB,,pKI,5.499999678657065,NM,Cc1ccc(F)c(c1)c2ccc3nnc(N)n3c2
CHEMBL340921,XOVPCPRZRHQFBI-UHFFFAOYSA-N,,,O14920,INHIBITOR OF NUCLEAR FACTOR KAPPA B KINASE BETA SUBUNIT,IKBKB,21336281.0,pKI,5.50003813440381,NM,Cc1cc(O)ccc1N2C=C(C(=O)N)C(=O)c3ccc(cc23)c4ccncc4
CHEMBL340921,XOVPCPRZRHQFBI-UHFFFAOYSA-N,,,O14920,INHIBITOR OF NUCLEAR FACTOR KAPPA B KINASE BETA SUBUNIT,IKBKB,,pKI,5.499999678657065,NM,Cc1cc(O)ccc1N2C=C(C(=O)N)C(=O)c3ccc(cc23)c4ccncc4
CHEMBL1991285,XPPLYAKZGXYPOZ-UHFFFAOYSA-N,,,O14920,INHIBITOR OF NUCLEAR FACTOR KAPPA B KINASE BETA SUBUNIT,IKBKB,,pKI,5.499999678657065,NM,Cc1cc(OCC2CCC(C2)C(=O)O)c(NC(=O)Nc3cnc(cn3)C#N)cc1Cl
CHEMBL1968380,XQVVPGYIWAGRNI-UHFFFAOYSA-N,,,O14920,INHIBITOR OF NUCLEAR FACTOR KAPPA B KINASE BETA SUBUNIT,IKBKB,,pKI,5.499999678657065,NM,CCC1N(C2CCCC2)c3nc(Nc4ccc(cc4OC)C(=O)NC5CCN(C)CC5)ncc3N(C)C1=O
CHEMBL1969264,XUGXUDSTKPTWNB-UHFFFAOYSA-N,,,O14920,INHIBITOR OF NUCLEAR FACTOR KAPPA B KINASE BETA SUBUNIT,IKBKB,,pKI,5.499999678657065,NM,CC(C)(C)NC(=O)c1ccc2nc3[nH]c4ccccc4c3nc2c1
CHEMBL491473,XXJWYDDUDKYVKI-UHFFFAOYSA-N,CEDIRANIB,,O14920,INHIBITOR OF NUCLEAR FACTOR KAPPA B KINASE BETA SUBUNIT,IKBKB,21336281.0,pKI,5.50003813440381,NM,COc1cc2c(Oc3ccc4[nH]c(C)cc4c3F)ncnc2cc1OCCCN5CCCC5
CHEMBL491473,XXJWYDDUDKYVKI-UHFFFAOYSA-N,CEDIRANIB,,O14920,INHIBITOR OF NUCLEAR FACTOR KAPPA B KINASE BETA SUBUNIT,IKBKB,,pKI,5.499999678657065,NM,COc1cc2c(Oc3ccc4[nH]c(C)cc4c3F)ncnc2cc1OCCCN5CCCC5
CHEMBL387971,YACXOXQTGJXYNX-UHFFFAOYSA-N,,,O14920,INHIBITOR OF NUCLEAR FACTOR KAPPA B KINASE BETA SUBUNIT,IKBKB,21336281.0,pKI,5.50003813440381,NM,COCCOCC#Cc1cc(cs1)c2n[nH]c3c4ccc(CN5CCN(C)CC5)cc4C(=O)c23
CHEMBL387971,YACXOXQTGJXYNX-UHFFFAOYSA-N,,,O14920,INHIBITOR OF NUCLEAR FACTOR KAPPA B KINASE BETA SUBUNIT,IKBKB,,pKI,5.499999678657065,NM,COCCOCC#Cc1cc(cs1)c2n[nH]c3c4ccc(CN5CCN(C)CC5)cc4C(=O)c23
CHEMBL1971029,YADXIKLQVVBNLC-UHFFFAOYSA-N,,,O14920,INHIBITOR OF NUCLEAR FACTOR KAPPA B KINASE BETA SUBUNIT,IKBKB,,pKI,5.499999678657065,NM,CNS(=O)(=O)c1ccccc1Nc2nc(Nc3cc(ccc3OC)N4CCN(CC4)C(=O)C)ncc2Br
CHEMBL259850,YAEMHJKFIIIULI-UHFFFAOYSA-N,AR-A014418,,O14920,INHIBITOR OF NUCLEAR FACTOR KAPPA B KINASE BETA SUBUNIT,IKBKB,21336281.0,pKI,5.50003813440381,NM,COc1ccc(CNC(=O)Nc2ncc(s2)[N+](=O)[O-])cc1
CHEMBL259850,YAEMHJKFIIIULI-UHFFFAOYSA-N,AR-A014418,,O14920,INHIBITOR OF NUCLEAR FACTOR KAPPA B KINASE BETA SUBUNIT,IKBKB,,pKI,5.499999678657065,NM,COc1ccc(CNC(=O)Nc2ncc(s2)[N+](=O)[O-])cc1
CHEMBL1983006,YBQVRQQJXBGPTB-UHFFFAOYSA-N,,,O14920,INHIBITOR OF NUCLEAR FACTOR KAPPA B KINASE BETA SUBUNIT,IKBKB,,pKI,5.499999678657065,NM,COc1cc(C(=O)O)c(Cl)cc1NC(=O)Nc2cnc(cn2)C#N
CHEMBL2006493,YCBJUIHLMYFQSQ-UHFFFAOYSA-N,,,O14920,INHIBITOR OF NUCLEAR FACTOR KAPPA B KINASE BETA SUBUNIT,IKBKB,,pKI,5.499999678657065,NM,FC(F)(F)c1ccc2C(=O)C3=C(CCCC3=O)Oc2c1
CHEMBL101253,YCOYDOIWSSHVCK-UHFFFAOYSA-N,VATALANIB,,O14920,INHIBITOR OF NUCLEAR FACTOR KAPPA B KINASE BETA SUBUNIT,IKBKB,,pKI,5.499999678657065,NM,Clc1ccc(Nc2nnc(Cc3ccncc3)c4ccccc24)cc1
CHEMBL1997822,YDWMUCKJUNLURC-UHFFFAOYSA-N,,,O14920,INHIBITOR OF NUCLEAR FACTOR KAPPA B KINASE BETA SUBUNIT,IKBKB,,pKI,5.499999678657065,NM,Cc1cc2cc(ccc2[nH]1)c3csc4c(cnc(N)c34)c5cccc(c5)S(=O)(=O)C
CHEMBL402846,YEPNVBNYCRGZRX-UHFFFAOYSA-N,,,O14920,INHIBITOR OF NUCLEAR FACTOR KAPPA B KINASE BETA SUBUNIT,IKBKB,21336281.0,pKI,5.50003813440381,NM,Cc1ccc(F)c(NC(=O)Nc2ccc(cc2)c3cncc4c3c(N)nn4C)c1
CHEMBL402846,YEPNVBNYCRGZRX-UHFFFAOYSA-N,,,O14920,INHIBITOR OF NUCLEAR FACTOR KAPPA B KINASE BETA SUBUNIT,IKBKB,,pKI,5.499999678657065,NM,Cc1ccc(F)c(NC(=O)Nc2ccc(cc2)c3cncc4c3c(N)nn4C)c1
CHEMBL2001998,YGJKHDBRTOPTNK-UHFFFAOYSA-N,,,O14920,INHIBITOR OF NUCLEAR FACTOR KAPPA B KINASE BETA SUBUNIT,IKBKB,,pKI,5.499999678657065,NM,CNC(=O)N1CCN(CCCOc2ccc3Cc4c(n[nH]c4c3c2)c5ccc(nc5)C#N)CC1
CHEMBL373598,YQKSNDNARJQAHP-UHFFFAOYSA-N,,,O14920,INHIBITOR OF NUCLEAR FACTOR KAPPA B KINASE BETA SUBUNIT,IKBKB,21336281.0,pKI,6.5003129173815966,NM,OCCCOc1cc2OCCCCCOc3nc(NC(=O)Nc2cc1Cl)cnc3C#N
CHEMBL373598,YQKSNDNARJQAHP-UHFFFAOYSA-N,,,O14920,INHIBITOR OF NUCLEAR FACTOR KAPPA B KINASE BETA SUBUNIT,IKBKB,17352464.0,pKI,6.468521082957745,NM,OCCCOc1cc2OCCCCCOc3nc(NC(=O)Nc2cc1Cl)cnc3C#N
CHEMBL373598,YQKSNDNARJQAHP-UHFFFAOYSA-N,,,O14920,INHIBITOR OF NUCLEAR FACTOR KAPPA B KINASE BETA SUBUNIT,IKBKB,,pKI,6.499996931948306,NM,OCCCOc1cc2OCCCCCOc3nc(NC(=O)Nc2cc1Cl)cnc3C#N
CHEMBL1992740,YRVHWCZERXVDLL-UHFFFAOYSA-N,,,O14920,INHIBITOR OF NUCLEAR FACTOR KAPPA B KINASE BETA SUBUNIT,IKBKB,,pKI,5.499999678657065,NM,CCN1CCN(CCCC(=O)Nc2n[nH]c3nnc(cc23)c4cccc(F)c4F)CC1
CHEMBL1970806,YRWZRNPWLKELTF-UHFFFAOYSA-N,,,O14920,INHIBITOR OF NUCLEAR FACTOR KAPPA B KINASE BETA SUBUNIT,IKBKB,,pKI,5.499999678657065,NM,O=C1Nc2sc3CCCCc3c2c4nc(nn14)c5cccnc5
CHEMBL207995,YTIZDTKSGSSUMG-UHFFFAOYSA-N,,,O14920,INHIBITOR OF NUCLEAR FACTOR KAPPA B KINASE BETA SUBUNIT,IKBKB,21336281.0,pKI,5.50003813440381,NM,COc1cc(C=O)c(Cl)cc1NC(=O)Nc2cnc(cn2)C#N
CHEMBL207995,YTIZDTKSGSSUMG-UHFFFAOYSA-N,,,O14920,INHIBITOR OF NUCLEAR FACTOR KAPPA B KINASE BETA SUBUNIT,IKBKB,,pKI,5.499999678657065,NM,COc1cc(C=O)c(Cl)cc1NC(=O)Nc2cnc(cn2)C#N
CHEMBL2000071,YUOWJICKAJQZLS-UHFFFAOYSA-N,,,O14920,INHIBITOR OF NUCLEAR FACTOR KAPPA B KINASE BETA SUBUNIT,IKBKB,,pKI,5.499999678657065,NM,OCCCNc1ncnc2[nH]cc(c3ccccc3)c12
CHEMBL1998545,YVKVSKQNYIHXPX-UHFFFAOYSA-N,,,O14920,INHIBITOR OF NUCLEAR FACTOR KAPPA B KINASE BETA SUBUNIT,IKBKB,,pKI,5.499999678657065,NM,OCC(Cc1ccccc1)NC(=O)c2ccc(cc2)c3ccncc3
CHEMBL1970903,YWTBGJGMTBHQTM-UHFFFAOYSA-N,,,O14920,INHIBITOR OF NUCLEAR FACTOR KAPPA B KINASE BETA SUBUNIT,IKBKB,,pKI,5.499999678657065,NM,Cc1n[nH]c2ccc(cc12)c3cncc(OCC(N)Cc4c[nH]c5ccccc45)c3
CHEMBL185569,ZAARMHXLYCHRAK-UHFFFAOYSA-N,,,O14920,INHIBITOR OF NUCLEAR FACTOR KAPPA B KINASE BETA SUBUNIT,IKBKB,21336281.0,pKI,5.50003813440381,NM,Cc1cccc(NC(=O)Nc2ccc(cc2)c3cccc4C(=O)NCc34)c1
CHEMBL185569,ZAARMHXLYCHRAK-UHFFFAOYSA-N,,,O14920,INHIBITOR OF NUCLEAR FACTOR KAPPA B KINASE BETA SUBUNIT,IKBKB,,pKI,5.499999678657065,NM,Cc1cccc(NC(=O)Nc2ccc(cc2)c3cccc4C(=O)NCc34)c1
CHEMBL1421,ZBNZXTGUTAYRHI-UHFFFAOYSA-N,DASATINIB,,O14920,INHIBITOR OF NUCLEAR FACTOR KAPPA B KINASE BETA SUBUNIT,IKBKB,21336281.0,pKI,5.50003813440381,NM,Cc1nc(Nc2ncc(s2)C(=O)Nc3c(C)cccc3Cl)cc(n1)N4CCN(CCO)CC4
CHEMBL1421,ZBNZXTGUTAYRHI-UHFFFAOYSA-N,DASATINIB,,O14920,INHIBITOR OF NUCLEAR FACTOR KAPPA B KINASE BETA SUBUNIT,IKBKB,,pKI,5.499999678657065,NM,Cc1nc(Nc2ncc(s2)C(=O)Nc3c(C)cccc3Cl)cc(n1)N4CCN(CCO)CC4
CHEMBL1974457,ZCAOFAAOUBUUBJ-UHFFFAOYSA-N,,,O14920,INHIBITOR OF NUCLEAR FACTOR KAPPA B KINASE BETA SUBUNIT,IKBKB,,pKI,5.499999678657065,NM,OC(=O)c1cc2c(cncc2s1)c3cccc(F)c3
CHEMBL1970317,ZCCJKVBTHCOISJ-UHFFFAOYSA-N,,,O14920,INHIBITOR OF NUCLEAR FACTOR KAPPA B KINASE BETA SUBUNIT,IKBKB,,pKI,5.499999678657065,NM,Cn1cc(cn1)c2cnc(N)c3c(csc23)c4ccc(NC(=O)Nc5cccc(F)c5)cc4
CHEMBL1971694,ZDXCUVXIHVTLEU-UHFFFAOYSA-N,,,O14920,INHIBITOR OF NUCLEAR FACTOR KAPPA B KINASE BETA SUBUNIT,IKBKB,,pKI,5.499999678657065,NM,CCCCNC1=NS(=O)N=C1Nc2ccc(F)cc2
CHEMBL2006567,ZFBBVSHFSXNGFK-UHFFFAOYSA-N,,,O14920,INHIBITOR OF NUCLEAR FACTOR KAPPA B KINASE BETA SUBUNIT,IKBKB,,pKI,5.499999678657065,NM,CC(=O)Nc1cc(N)c(C#N)c(n1)c2ccsc2
CHEMBL508928,ZGDSBEUMPIMXBM-UHFFFAOYSA-N,,,O14920,INHIBITOR OF NUCLEAR FACTOR KAPPA B KINASE BETA SUBUNIT,IKBKB,21336281.0,pKI,5.50003813440381,NM,Cc1cccc(NC(=O)Nc2ccc(cc2)c3cnc4c(cnn4c3N)c5cnn(C)c5)c1
CHEMBL508928,ZGDSBEUMPIMXBM-UHFFFAOYSA-N,,,O14920,INHIBITOR OF NUCLEAR FACTOR KAPPA B KINASE BETA SUBUNIT,IKBKB,,pKI,5.499999678657065,NM,Cc1cccc(NC(=O)Nc2ccc(cc2)c3cnc4c(cnn4c3N)c5cnn(C)c5)c1
CHEMBL223257,ZHRYDDVDLCQYQA-UHFFFAOYSA-N,,,O14920,INHIBITOR OF NUCLEAR FACTOR KAPPA B KINASE BETA SUBUNIT,IKBKB,21336281.0,pKI,5.50003813440381,NM,OCC(O)COc1cc2OCCCCCOc3nc(NC(=O)Nc2cc1Cl)cnc3C#N
CHEMBL223257,ZHRYDDVDLCQYQA-UHFFFAOYSA-N,,,O14920,INHIBITOR OF NUCLEAR FACTOR KAPPA B KINASE BETA SUBUNIT,IKBKB,,pKI,5.499999678657065,NM,OCC(O)COc1cc2OCCCCCOc3nc(NC(=O)Nc2cc1Cl)cnc3C#N
CHEMBL1965910,ZHTVWJDQZBBZHV-UHFFFAOYSA-N,,,O14920,INHIBITOR OF NUCLEAR FACTOR KAPPA B KINASE BETA SUBUNIT,IKBKB,,pKI,5.499999678657065,NM,Nc1ncnc2c1c(cn2C3CCC(CC3)N4CCCC4)c5cccc(OCc6ccccc6)c5
CHEMBL1987756,ZKZXNDJNWUTGDK-UHFFFAOYSA-N,,,O14920,INHIBITOR OF NUCLEAR FACTOR KAPPA B KINASE BETA SUBUNIT,IKBKB,,pKI,5.499999678657065,NM,Brc1ccc(C=CCNCCNS(=O)(=O)c2cccc3cnccc23)cc1
CHEMBL1989518,ZMBDLCDLIZXFHY-UHFFFAOYSA-N,,,O14920,INHIBITOR OF NUCLEAR FACTOR KAPPA B KINASE BETA SUBUNIT,IKBKB,,pKI,5.499999678657065,NM,NCCOc1cncc(C=Cc2ccncc2)c1
CHEMBL1999774,ZMEIPDPKFPZUIJ-UHFFFAOYSA-N,,,O14920,INHIBITOR OF NUCLEAR FACTOR KAPPA B KINASE BETA SUBUNIT,IKBKB,,pKI,5.499999678657065,NM,Cc1c(Cl)c(nc2NC=C(C(=O)O)C(=O)c12)N3CCC(CN)C3
CHEMBL197603,ZMNWFTYYYCSSTF-SOAUALDESA-N,A-770041,,O14920,INHIBITOR OF NUCLEAR FACTOR KAPPA B KINASE BETA SUBUNIT,IKBKB,21336281.0,pKI,5.50003813440381,NM,COc1cc(ccc1NC(=O)c2cc3ccccc3n2C)c4nn([C@@H]5CC[C@H](CC5)N6CCN(CC6)C(=O)C)c7ncnc(N)c47
CHEMBL1970879,ZMNWFTYYYCSSTF-UHFFFAOYSA-N,,,O14920,INHIBITOR OF NUCLEAR FACTOR KAPPA B KINASE BETA SUBUNIT,IKBKB,,pKI,5.499999678657065,NM,COc1cc(ccc1NC(=O)c2cc3ccccc3n2C)c4nn(C5CCC(CC5)N6CCN(CC6)C(=O)C)c7ncnc(N)c47
CHEMBL2005899,ZPVLRSVLOWVDJC-UHFFFAOYSA-N,,,O14920,INHIBITOR OF NUCLEAR FACTOR KAPPA B KINASE BETA SUBUNIT,IKBKB,,pKI,5.499999678657065,NM,CC(NC1=C(N(C(=O)C)c2ccncc2)C(=O)C1=O)C(C)(C)C
CHEMBL1992645,ZQJVVICZLBJUTJ-UHFFFAOYSA-N,,,O14920,INHIBITOR OF NUCLEAR FACTOR KAPPA B KINASE BETA SUBUNIT,IKBKB,,pKI,5.499999678657065,NM,Oc1ccc(SCCNc2ccc(cc2[N+](=O)[O-])S(=O)(=O)NC(=O)c3ccc(cc3)c4ccc(F)cc4)cc1
CHEMBL256835,ZQUSFAUAYSEREK-UHFFFAOYSA-N,,,O14920,INHIBITOR OF NUCLEAR FACTOR KAPPA B KINASE BETA SUBUNIT,IKBKB,,pKI,5.499999678657065,NM,COc1nccc(n1)c2c(ncn2C3CCC(O)CC3)c4ccc(F)cc4
CHEMBL97162,ZQUSFAUAYSEREK-WKILWMFISA-N,SB-239063,,O14920,INHIBITOR OF NUCLEAR FACTOR KAPPA B KINASE BETA SUBUNIT,IKBKB,21336281.0,pKI,5.50003813440381,NM,COc1nccc(n1)c2c(ncn2[C@@H]3CC[C@@H](O)CC3)c4ccc(F)cc4
CHEMBL377383,ZVDDPXIWKBBCQE-UHFFFAOYSA-N,,,O14920,INHIBITOR OF NUCLEAR FACTOR KAPPA B KINASE BETA SUBUNIT,IKBKB,21336281.0,pKI,5.50003813440381,NM,CCOc1nc(cc(N)c1Cl)C(=O)NCc2ccc(cc2)S(=O)(=O)C
CHEMBL377383,ZVDDPXIWKBBCQE-UHFFFAOYSA-N,,,O14920,INHIBITOR OF NUCLEAR FACTOR KAPPA B KINASE BETA SUBUNIT,IKBKB,16854050.0,pKI,5.508638306165727,NM,CCOc1nc(cc(N)c1Cl)C(=O)NCc2ccc(cc2)S(=O)(=O)C
CHEMBL377383,ZVDDPXIWKBBCQE-UHFFFAOYSA-N,,,O14920,INHIBITOR OF NUCLEAR FACTOR KAPPA B KINASE BETA SUBUNIT,IKBKB,,pKI,5.499999678657065,NM,CCOc1nc(cc(N)c1Cl)C(=O)NCc2ccc(cc2)S(=O)(=O)C
CHEMBL2007592,ZVGVJHARPQUYQS-UHFFFAOYSA-N,,,O14920,INHIBITOR OF NUCLEAR FACTOR KAPPA B KINASE BETA SUBUNIT,IKBKB,,pKI,5.499999678657065,NM,O=C1Nc2sc3CCCCc3c2c4nc(nn14)c5ccccc5
CHEMBL306380,ZVPDNRVYHLRXLX-UHFFFAOYSA-N,,,O14920,INHIBITOR OF NUCLEAR FACTOR KAPPA B KINASE BETA SUBUNIT,IKBKB,21336281.0,pKI,5.50003813440381,NM,Cc1ccc(cc1)c2nn(c3ncnc(N)c23)C(C)(C)C
CHEMBL306380,ZVPDNRVYHLRXLX-UHFFFAOYSA-N,,,O14920,INHIBITOR OF NUCLEAR FACTOR KAPPA B KINASE BETA SUBUNIT,IKBKB,,pKI,5.499999678657065,NM,Cc1ccc(cc1)c2nn(c3ncnc(N)c23)C(C)(C)C
CHEMBL2005886,ZWVZORIKUNOTCS-UHFFFAOYSA-N,,,O14920,INHIBITOR OF NUCLEAR FACTOR KAPPA B KINASE BETA SUBUNIT,IKBKB,,pKI,5.499999678657065,NM,Cc1cc(cc2[nH]c(nc12)C3=C(NCC(O)c4cccc(Cl)c4)C=CNC3=O)N5CCOCC5
