CHEMBL553,AAKJLRGGTJKAMG-UHFFFAOYSA-N,ERLOTINIB,,Q14289,PROTEIN TYROSINE KINASE 2 BETA,PTK2B,21336281.0,pKI,5.800244822746525,NM,COCCOc1cc2ncnc(Nc3cccc(c3)C#C)c2cc1OCCOC
CHEMBL553,AAKJLRGGTJKAMG-UHFFFAOYSA-N,ERLOTINIB,,Q14289,PROTEIN TYROSINE KINASE 2 BETA,PTK2B,,pKI,5.800000874803203,NM,COCCOc1cc2ncnc(Nc3cccc(c3)C#C)c2cc1OCCOC
CHEMBL1987910,AAYZTFLAQXDFOL-UHFFFAOYSA-N,,,Q14289,PROTEIN TYROSINE KINASE 2 BETA,PTK2B,,pKI,5.800000874803203,NM,Nc1nccc2scc(c3ccc(NC(=O)Nc4ccccc4C(F)(F)F)cc3)c12
CHEMBL1979093,ACNCCUVYXQGPKZ-UHFFFAOYSA-N,,,Q14289,PROTEIN TYROSINE KINASE 2 BETA,PTK2B,,pKI,5.800000874803203,NM,COc1ccc(c2ccc(NC(=O)Nc3ccc(F)c(C)c3)cc2)c4c(N)noc14
CHEMBL2004290,ADLPKFFMGIJZIM-UHFFFAOYSA-N,,,Q14289,PROTEIN TYROSINE KINASE 2 BETA,PTK2B,,pKI,5.800000874803203,NM,COc1ccc(NC(=O)Nc2ccc(cc2)c3csc4c(cnc(N)c34)c5cnn(CC(C)(C)O)c5)cc1
CHEMBL1970074,AGYRJOAGMDIFKL-UHFFFAOYSA-N,,,Q14289,PROTEIN TYROSINE KINASE 2 BETA,PTK2B,,pKI,5.800000874803203,NM,Cc1n[nH]c2cccc(c3ccc(NC(=O)Nc4cccc(c4)C(F)(F)F)cc3)c12
CHEMBL2004419,AKWVKIGCMCHYJT-UHFFFAOYSA-N,,,Q14289,PROTEIN TYROSINE KINASE 2 BETA,PTK2B,,pKI,5.800000874803203,NM,CC(C)Cn1c(N)nc2c(F)cc(cc12)c3c(nc4sccn34)c5ccc(F)cc5
CHEMBL1975128,AOBLBPWPSKBHSI-UHFFFAOYSA-N,,,Q14289,PROTEIN TYROSINE KINASE 2 BETA,PTK2B,,pKI,5.800000874803203,NM,Nc1n[nH]c2ccc(cc12)c3nnn(Cc4ccccc4)c3I
CHEMBL519697,AOFJRBMLTUGMMP-UHFFFAOYSA-N,,,Q14289,PROTEIN TYROSINE KINASE 2 BETA,PTK2B,21336281.0,pKI,5.800244822746525,NM,CN(C(=O)C1CCCCC1)c2ccc3c(c2)nc(NC(=O)c4ccc(cc4)C#N)n3C
CHEMBL519697,AOFJRBMLTUGMMP-UHFFFAOYSA-N,,,Q14289,PROTEIN TYROSINE KINASE 2 BETA,PTK2B,,pKI,5.800000874803203,NM,CN(C(=O)C1CCCCC1)c2ccc3c(c2)nc(NC(=O)c4ccc(cc4)C#N)n3C
CHEMBL412142,AQGNHMOJWBZFQQ-UHFFFAOYSA-N,CHIR-99021,CHIR99021,Q14289,PROTEIN TYROSINE KINASE 2 BETA,PTK2B,21336281.0,pKI,5.800244822746525,NM,Cc1c[nH]c(n1)c2cnc(NCCNc3ccc(cn3)C#N)nc2c4ccc(Cl)cc4Cl
CHEMBL412142,AQGNHMOJWBZFQQ-UHFFFAOYSA-N,CHIR-99021,CHIR99021,Q14289,PROTEIN TYROSINE KINASE 2 BETA,PTK2B,,pKI,5.800000874803203,NM,Cc1c[nH]c(n1)c2cnc(NCCNc3ccc(cn3)C#N)nc2c4ccc(Cl)cc4Cl
CHEMBL1998829,AQQWWOMMPDCTLW-UHFFFAOYSA-N,,,Q14289,PROTEIN TYROSINE KINASE 2 BETA,PTK2B,,pKI,5.800000874803203,NM,Clc1ccc(cc1)C(=O)Nc2cnc3[nH]cc(c4ccccc4)c3c2
CHEMBL1997872,AQZIXHSRFOGYHF-UHFFFAOYSA-N,,,Q14289,PROTEIN TYROSINE KINASE 2 BETA,PTK2B,,pKI,5.800000874803203,NM,O=C(N1CCOCC1)c2cccc(c2)c3cnc4[nH]ccc4c3
CHEMBL1994864,ASNQMAVHHGGQRB-UHFFFAOYSA-N,,,Q14289,PROTEIN TYROSINE KINASE 2 BETA,PTK2B,,pKI,5.800000874803203,NM,Cc1ccc(CNC2=C(Nc3ccncc3)C(=O)C2=O)cc1
CHEMBL1082440,AWDORCFLUJZUQS-UHFFFAOYSA-N,,,Q14289,PROTEIN TYROSINE KINASE 2 BETA,PTK2B,,pKI,5.800000874803203,NM,CC1CNCCCN1S(=O)(=O)c2cccc3cncc(C)c23
CHEMBL248757,AZTMYWWWILJAKW-UHFFFAOYSA-N,,,Q14289,PROTEIN TYROSINE KINASE 2 BETA,PTK2B,21336281.0,pKI,5.800244822746525,NM,Clc1cc2NC(=O)Nc3cnc(C#N)c(OCCCCOc2cc1NCc4cncs4)n3
CHEMBL248757,AZTMYWWWILJAKW-UHFFFAOYSA-N,,,Q14289,PROTEIN TYROSINE KINASE 2 BETA,PTK2B,,pKI,5.800000874803203,NM,Clc1cc2NC(=O)Nc3cnc(C#N)c(OCCCCOc2cc1NCc4cncs4)n3
CHEMBL554,BCFGMOOMADDAQU-UHFFFAOYSA-N,LAPATINIB,,Q14289,PROTEIN TYROSINE KINASE 2 BETA,PTK2B,21336281.0,pKI,5.800244822746525,NM,CS(=O)(=O)CCNCc1oc(cc1)c2ccc3ncnc(Nc4ccc(OCc5cccc(F)c5)c(Cl)c4)c3c2
CHEMBL554,BCFGMOOMADDAQU-UHFFFAOYSA-N,LAPATINIB,,Q14289,PROTEIN TYROSINE KINASE 2 BETA,PTK2B,,pKI,5.800000874803203,NM,CS(=O)(=O)CCNCc1oc(cc1)c2ccc3ncnc(Nc4ccc(OCc5cccc(F)c5)c(Cl)c4)c3c2
CHEMBL1090356,BFTPDUXUTFGDLP-UHFFFAOYSA-N,,,Q14289,PROTEIN TYROSINE KINASE 2 BETA,PTK2B,21336281.0,pKI,5.800244822746525,NM,O=C(Cc1ccccc1)Nc2cccc(c2)c3nc4sccn4c3c5ccnc(Nc6ccc(cc6)N7CCOCC7)n5
CHEMBL1090356,BFTPDUXUTFGDLP-UHFFFAOYSA-N,,,Q14289,PROTEIN TYROSINE KINASE 2 BETA,PTK2B,,pKI,5.800000874803203,NM,O=C(Cc1ccccc1)Nc2cccc(c2)c3nc4sccn4c3c5ccnc(Nc6ccc(cc6)N7CCOCC7)n5
CHEMBL1970913,BHGSKYNWCFIOHP-UHFFFAOYSA-N,,,Q14289,PROTEIN TYROSINE KINASE 2 BETA,PTK2B,,pKI,5.800000874803203,NM,CCCC(=O)Nc1nn(C(=O)CC)c2nc3ccccc3cc12
CHEMBL272453,BHSOPYVVEZFHDB-UHFFFAOYSA-N,,,Q14289,PROTEIN TYROSINE KINASE 2 BETA,PTK2B,21336281.0,pKI,5.800244822746525,NM,COc1ccc(NC(=O)Nc2ccc(cc2)c3cccc4onc(N)c34)cc1Cl
CHEMBL272453,BHSOPYVVEZFHDB-UHFFFAOYSA-N,,,Q14289,PROTEIN TYROSINE KINASE 2 BETA,PTK2B,,pKI,5.800000874803203,NM,COc1ccc(NC(=O)Nc2ccc(cc2)c3cccc4onc(N)c34)cc1Cl
CHEMBL422897,BIIVYFLTOXDAOV-UHFFFAOYSA-N,,,Q14289,PROTEIN TYROSINE KINASE 2 BETA,PTK2B,,pKI,5.800000874803203,NM,CN1CCC(C(O)C1)c2c(O)cc(O)c3C(=O)C=C(Oc23)c4ccccc4Cl
CHEMBL1967720,BIKYDWLMTPRSQL-UHFFFAOYSA-N,,,Q14289,PROTEIN TYROSINE KINASE 2 BETA,PTK2B,,pKI,6.299997602857746,NM,CC(C)(C(=O)N)n1cc(cn1)c2cnc(N)c3c(csc23)c4ccc(NC(=O)Nc5cccc(F)c5)cc4
CHEMBL183844,BOBGABAXWFYHQX-UHFFFAOYSA-N,,,Q14289,PROTEIN TYROSINE KINASE 2 BETA,PTK2B,21336281.0,pKI,5.800244822746525,NM,Cc1cccc(NC(=O)Nc2ccc(cc2C)c3cccc4C(=O)NCc34)c1
CHEMBL183844,BOBGABAXWFYHQX-UHFFFAOYSA-N,,,Q14289,PROTEIN TYROSINE KINASE 2 BETA,PTK2B,,pKI,5.800000874803203,NM,Cc1cccc(NC(=O)Nc2ccc(cc2C)c3cccc4C(=O)NCc34)c1
CHEMBL1975233,BPJQSSSZFGZEOF-UHFFFAOYSA-N,,,Q14289,PROTEIN TYROSINE KINASE 2 BETA,PTK2B,,pKI,5.800000874803203,NM,COc1cc(C)c(Cl)cc1NC(=O)Nc2cnc(cn2)C#N
CHEMBL2002726,BPNUQXPIQBZCMR-UHFFFAOYSA-N,,,Q14289,PROTEIN TYROSINE KINASE 2 BETA,PTK2B,,pKI,6.0,NM,Cc1n[nH]c2ccc(cc12)c3cncc(OCC(N)Cc4ccccc4)c3
CHEMBL1979970,BQWACEUCYSZDBQ-UHFFFAOYSA-N,,,Q14289,PROTEIN TYROSINE KINASE 2 BETA,PTK2B,,pKI,5.800000874803203,NM,CCCC(=O)Nc1n[nH]c2nnc(cc12)c3cccc(F)c3F
CHEMBL2001751,BSFNGHCTZDCQBF-UHFFFAOYSA-N,,,Q14289,PROTEIN TYROSINE KINASE 2 BETA,PTK2B,,pKI,5.800000874803203,NM,NC(COc1cncc(c1)c2ccc3NC(=O)C(=Cc4occc4)c3c2)Cc5c[nH]c6ccccc56
CHEMBL2005528,BUMDIHXPDAJSFZ-UHFFFAOYSA-N,,,Q14289,PROTEIN TYROSINE KINASE 2 BETA,PTK2B,,pKI,5.800000874803203,NM,CCOC(=O)c1ccc2[nH]c3C(=O)NCCc3c2c1
CHEMBL407391,BVIAOQMSVZHOJM-UHFFFAOYSA-N,DIMETHYLADENINE,,Q14289,PROTEIN TYROSINE KINASE 2 BETA,PTK2B,22289061.0,pKI,5.0,NM,CN(C)c1ncnc2nc[nH]c12
CHEMBL2001288,BZFGDXJGWSIYQP-UHFFFAOYSA-N,,,Q14289,PROTEIN TYROSINE KINASE 2 BETA,PTK2B,,pKI,5.800000874803203,NM,Nc1ncnc2c1c(I)nn2C3OC(CO)C(O)C3O
CHEMBL560813,CACMTVGXYAZZNY-UHFFFAOYSA-N,,,Q14289,PROTEIN TYROSINE KINASE 2 BETA,PTK2B,,pKI,5.800000874803203,NM,OC(=O)c1ccc2cc(NC(=O)Nc3cnc(cn3)C#N)ccc2c1
CHEMBL1682552,CALAEFSQWBJMDU-UHFFFAOYSA-N,,,Q14289,PROTEIN TYROSINE KINASE 2 BETA,PTK2B,,pKI,5.800000874803203,NM,C1CCC(CC1)Nc2c(nc3ncccn23)c4ccc5[nH]ncc5c4
CHEMBL10,CDMGBJANTYXAIV-UHFFFAOYSA-N,SB-203580,,Q14289,PROTEIN TYROSINE KINASE 2 BETA,PTK2B,21336281.0,pKI,5.800244822746525,NM,C[S+]([O-])c1ccc(cc1)c2nc(c3ccc(F)cc3)c([nH]2)c4ccncc4
CHEMBL10,CDMGBJANTYXAIV-UHFFFAOYSA-N,SB-203580,,Q14289,PROTEIN TYROSINE KINASE 2 BETA,PTK2B,,pKI,5.800000874803203,NM,C[S+]([O-])c1ccc(cc1)c2nc(c3ccc(F)cc3)c([nH]2)c4ccncc4
CHEMBL1968127,CDZPSYGUMJXDLL-UHFFFAOYSA-N,,,Q14289,PROTEIN TYROSINE KINASE 2 BETA,PTK2B,,pKI,5.800000874803203,NM,CN(C)CC(C)(C)CNc1nccc(n1)c2c(nc3occn23)c4ccc(F)cc4
CHEMBL1236126,CEAYRKIZESVQSN-UHFFFAOYSA-N,,,Q14289,PROTEIN TYROSINE KINASE 2 BETA,PTK2B,,pKI,5.800000874803203,NM,CC(C)(C)C(=O)Oc1ccc2c(c1)nc(NC(=O)c3cccc(c3)[N+](=O)[O-])n2CCCO
CHEMBL1984162,CFIBXVQLBVNOHW-UHFFFAOYSA-N,,,Q14289,PROTEIN TYROSINE KINASE 2 BETA,PTK2B,,pKI,6.399996913372259,NM,COCCOC1CCC(CC1)n2nc(c3ccc(Nc4oc5c(C)cc(C)cc5n4)cc3)c6c(N)ncnc26
CHEMBL1991063,CHTMRWQLNNRRFJ-UHFFFAOYSA-N,,,Q14289,PROTEIN TYROSINE KINASE 2 BETA,PTK2B,,pKI,6.0999990348465305,NM,Cc1n[nH]c2ccc(cc12)c3cncc(OCC(N)Cc4ccc(Cl)c(Cl)c4)c3
CHEMBL1964644,CKDGJQLBXUOVSI-UHFFFAOYSA-N,,,Q14289,PROTEIN TYROSINE KINASE 2 BETA,PTK2B,,pKI,5.800000874803203,NM,[O-][N+](=O)c1cnc(NC(=O)NCc2ccccc2)s1
CHEMBL1969523,CKVWQORGCCEYHS-UHFFFAOYSA-N,,,Q14289,PROTEIN TYROSINE KINASE 2 BETA,PTK2B,,pKI,5.800000874803203,NM,CC(NC1=C(Nc2ccnc(Nc3cccc(C)c3)n2)C(=O)C1=O)C(C)(C)C
CHEMBL340384,CLRFYTGANQZOBS-UHFFFAOYSA-N,,,Q14289,PROTEIN TYROSINE KINASE 2 BETA,PTK2B,21336281.0,pKI,5.800244822746525,NM,NC(=O)C1=CN(c2ccc(O)cc2Cl)c3cc(ccc3C1=O)c4ccncc4
CHEMBL340384,CLRFYTGANQZOBS-UHFFFAOYSA-N,,,Q14289,PROTEIN TYROSINE KINASE 2 BETA,PTK2B,,pKI,5.800000874803203,NM,NC(=O)C1=CN(c2ccc(O)cc2Cl)c3cc(ccc3C1=O)c4ccncc4
CHEMBL1965570,CNTCGRJDUJEUDG-UHFFFAOYSA-N,,,Q14289,PROTEIN TYROSINE KINASE 2 BETA,PTK2B,,pKI,5.800000874803203,NM,Nc1ncc(c2cocc2)c3scc(c4ccc(NC(=O)Nc5ccccc5F)cc4)c13
CHEMBL1682540,CPGKMMMSMJKHDL-UHFFFAOYSA-N,,,Q14289,PROTEIN TYROSINE KINASE 2 BETA,PTK2B,,pKI,5.800000874803203,NM,c1cnc2nc(cn2c1)c3ccc4[nH]ncc4c3
CHEMBL1966514,CQBBMNXXVMOFCA-UHFFFAOYSA-N,,,Q14289,PROTEIN TYROSINE KINASE 2 BETA,PTK2B,,pKI,5.800000874803203,NM,Nc1ncc(c2cocc2)c3scc(c4ccc(NC(=O)Nc5cccc(F)c5)cc4)c13
CHEMBL239985,CQFVDHNTTRWVQD-DKXQDJALSA-N,,,Q14289,PROTEIN TYROSINE KINASE 2 BETA,PTK2B,21336281.0,pKI,5.800244822746525,NM,Nc1nccn2c(nc(c3cccc(OCc4ccccc4)c3)c12)[C@@H]5C[C@H](CN6CCCC6)C5
CHEMBL1991138,CQFVDHNTTRWVQD-UHFFFAOYSA-N,,,Q14289,PROTEIN TYROSINE KINASE 2 BETA,PTK2B,,pKI,5.800000874803203,NM,Nc1nccn2c(nc(c3cccc(OCc4ccccc4)c3)c12)C5CC(CN6CCCC6)C5
CHEMBL1980163,CQXFMKMVOOUGSS-UHFFFAOYSA-N,,,Q14289,PROTEIN TYROSINE KINASE 2 BETA,PTK2B,,pKI,5.800000874803203,NM,C(Oc1ccc(Nc2ncnc3ccccc23)cc1)c4ccccc4
CHEMBL378627,CSDDCHPGQGWRLI-UHFFFAOYSA-N,,,Q14289,PROTEIN TYROSINE KINASE 2 BETA,PTK2B,21336281.0,pKI,5.800244822746525,NM,COc1cc(c(OC)cc1CC(=O)Nc2cc(N)c(C#N)c(OC(C)C)n2)S(=O)(=O)C
CHEMBL378627,CSDDCHPGQGWRLI-UHFFFAOYSA-N,,,Q14289,PROTEIN TYROSINE KINASE 2 BETA,PTK2B,,pKI,5.800000874803203,NM,COc1cc(c(OC)cc1CC(=O)Nc2cc(N)c(C#N)c(OC(C)C)n2)S(=O)(=O)C
CHEMBL1682545,CTJAMSGCMYAVCZ-UHFFFAOYSA-N,,,Q14289,PROTEIN TYROSINE KINASE 2 BETA,PTK2B,,pKI,5.800000874803203,NM,N(c1ccccc1)c2nc(cs2)c3ccc4[nH]ncc4c3
CHEMBL424872,CUIDQTVRAWOMCM-UHFFFAOYSA-N,,,Q14289,PROTEIN TYROSINE KINASE 2 BETA,PTK2B,21336281.0,pKI,5.800244822746525,NM,CCOc1nc(cc(N)c1C#N)C(=O)NCc2ccc(cc2)S(=O)(=O)C
CHEMBL424872,CUIDQTVRAWOMCM-UHFFFAOYSA-N,,,Q14289,PROTEIN TYROSINE KINASE 2 BETA,PTK2B,,pKI,5.800000874803203,NM,CCOc1nc(cc(N)c1C#N)C(=O)NCc2ccc(cc2)S(=O)(=O)C
CHEMBL1970314,CWBWMDSAVFJNAD-UHFFFAOYSA-N,,,Q14289,PROTEIN TYROSINE KINASE 2 BETA,PTK2B,,pKI,5.800000874803203,NM,NC(=O)c1cc(cc2cccnc12)c3cccc(N)c3
CHEMBL1994938,CXBBWVXSZINRCS-UHFFFAOYSA-N,,,Q14289,PROTEIN TYROSINE KINASE 2 BETA,PTK2B,,pKI,5.800000874803203,NM,Nc1ncc(C=CC(=O)NCCCn2ccnc2)c3scc(c4ccc(Br)cc4)c13
CHEMBL1990482,CZIGMBNEFWBEMD-UHFFFAOYSA-N,,,Q14289,PROTEIN TYROSINE KINASE 2 BETA,PTK2B,,pKI,5.800000874803203,NM,NC(=O)c1cccc2[nH]c(nc12)c3ccncc3
CHEMBL1973142,DBKQWGCVGCVPIP-UHFFFAOYSA-N,,,Q14289,PROTEIN TYROSINE KINASE 2 BETA,PTK2B,,pKI,5.800000874803203,NM,CC(=O)Nc1c(sc2ccc(Cl)c(Cl)c12)C(=O)N
CHEMBL2000393,DBXGGXLBTWZXBB-UHFFFAOYSA-N,,,Q14289,PROTEIN TYROSINE KINASE 2 BETA,PTK2B,,pKI,7.0,NM,Fc1ccc2ncn(c3ncc4NC(=O)N(C5CCOc6c(F)cccc56)c4n3)c2c1
CHEMBL1982135,DCTBPIBEQFLAOQ-UHFFFAOYSA-N,,,Q14289,PROTEIN TYROSINE KINASE 2 BETA,PTK2B,,pKI,5.800000874803203,NM,Cc1ccccc1NC(=O)Nc2ccc3c(CCc4sc5ncnc(N)c5c34)c2
CHEMBL1982711,DFMCXVONDDGQIY-UHFFFAOYSA-N,,,Q14289,PROTEIN TYROSINE KINASE 2 BETA,PTK2B,,pKI,5.800000874803203,NM,NC(=O)c1ccc(cc1)c2c[nH]c3nccc(Cl)c23
CHEMBL1974416,DJLORVJVWIBDME-UHFFFAOYSA-N,,,Q14289,PROTEIN TYROSINE KINASE 2 BETA,PTK2B,,pKI,5.800000874803203,NM,Fc1cccc(C(=O)Nc2cnc3[nH]cc(c4ccccc4)c3c2)c1F
CHEMBL1970340,DJRPFIWIDKXORZ-UHFFFAOYSA-N,,,Q14289,PROTEIN TYROSINE KINASE 2 BETA,PTK2B,,pKI,5.800000874803203,NM,Nc1noc2cccc(c3cccc(O)c3)c12
CHEMBL583144,DJUSDFVEBBYFFL-UHFFFAOYSA-N,,,Q14289,PROTEIN TYROSINE KINASE 2 BETA,PTK2B,21336281.0,pKI,5.800244822746525,NM,Clc1ccc(Cl)c2c3N=CNC(=O)c3sc12
CHEMBL583144,DJUSDFVEBBYFFL-UHFFFAOYSA-N,,,Q14289,PROTEIN TYROSINE KINASE 2 BETA,PTK2B,,pKI,5.800000874803203,NM,Clc1ccc(Cl)c2c3N=CNC(=O)c3sc12
CHEMBL2000335,DKSNLQYRZJKYOC-UHFFFAOYSA-N,,,Q14289,PROTEIN TYROSINE KINASE 2 BETA,PTK2B,,pKI,5.800000874803203,NM,Cc1ccc(NC(=O)Nc2ccc(cc2)c3csc4ncnc(N)c34)cc1C
CHEMBL225519,DKXHSOUZPMHNIZ-UHFFFAOYSA-N,PHA-767491,,Q14289,PROTEIN TYROSINE KINASE 2 BETA,PTK2B,,pKI,5.800000874803203,NM,O=C1NCCc2[nH]c(cc12)c3ccncc3
CHEMBL1996931,DPPIQOOVRLCHQC-UHFFFAOYSA-N,,,Q14289,PROTEIN TYROSINE KINASE 2 BETA,PTK2B,,pKI,5.800000874803203,NM,OCC(Cc1ccc(Cl)cc1)NC(=O)c2ccc(cc2)c3ccncc3
CHEMBL2002992,DWTNLZZEPSCAIH-UHFFFAOYSA-N,,,Q14289,PROTEIN TYROSINE KINASE 2 BETA,PTK2B,,pKI,5.800000874803203,NM,CC(N)C1CCC(CC1)C(=O)Nc2ccnc3[nH]ccc23
CHEMBL1682553,DYSRECIVMDGUQU-UHFFFAOYSA-N,,,Q14289,PROTEIN TYROSINE KINASE 2 BETA,PTK2B,,pKI,5.800000874803203,NM,CC(C)Nc1c(nc2ncccn12)c3ccc4[nH]ncc4c3
CHEMBL1975256,DZCWNAMURCVSNJ-UHFFFAOYSA-N,,,Q14289,PROTEIN TYROSINE KINASE 2 BETA,PTK2B,,pKI,5.800000874803203,NM,Nc1nonc1n2nnc(C(=O)NN=Cc3cccs3)c2c4cccs4
CHEMBL196363,DZSUJUOJJJCWGG-UHFFFAOYSA-N,,,Q14289,PROTEIN TYROSINE KINASE 2 BETA,PTK2B,21336281.0,pKI,5.800244822746525,NM,Cc1cccc(NC(=O)Nc2ccc(cc2)c3csc4ncnc(N)c34)c1
CHEMBL196363,DZSUJUOJJJCWGG-UHFFFAOYSA-N,,,Q14289,PROTEIN TYROSINE KINASE 2 BETA,PTK2B,,pKI,5.800000874803203,NM,Cc1cccc(NC(=O)Nc2ccc(cc2)c3csc4ncnc(N)c34)c1
CHEMBL1986970,FDBPGAHVEGEARY-UHFFFAOYSA-N,,,Q14289,PROTEIN TYROSINE KINASE 2 BETA,PTK2B,,pKI,5.800000874803203,NM,COCCN(C)C(=O)c1c(nnn1Cc2ccccc2)c3ccc4[nH]ncc4c3
CHEMBL1997617,FDVSOQRNTAPCHB-UHFFFAOYSA-N,,,Q14289,PROTEIN TYROSINE KINASE 2 BETA,PTK2B,,pKI,5.800000874803203,NM,CN1CCN(CC1)C2CCC(CC2)n3cc(c4ccc(Oc5ccccc5)cc4)c6c(N)ncnc36
CHEMBL45177,FDVSOQRNTAPCHB-YHBQERECSA-N,,,Q14289,PROTEIN TYROSINE KINASE 2 BETA,PTK2B,21336281.0,pKI,5.800244822746525,NM,CN1CCN(CC1)[C@@H]2CC[C@H](CC2)n3cc(c4ccc(Oc5ccccc5)cc4)c6c(N)ncnc36
CHEMBL1965589,FFQQZBOORWKWDZ-UHFFFAOYSA-N,,,Q14289,PROTEIN TYROSINE KINASE 2 BETA,PTK2B,,pKI,5.800000874803203,NM,Cc1nccn2c(c3ccnc(NCC4(O)CC4)n3)c(nc12)c5ccc(F)cc5F
CHEMBL1994538,FGLPGUCHBHILNS-UHFFFAOYSA-N,,,Q14289,PROTEIN TYROSINE KINASE 2 BETA,PTK2B,,pKI,5.800000874803203,NM,FC(F)(F)c1cccc2c(NC(=O)Nc3cnccn3)ccnc12
CHEMBL1990904,FGWOKLCRQJXPPQ-UHFFFAOYSA-N,,,Q14289,PROTEIN TYROSINE KINASE 2 BETA,PTK2B,,pKI,5.800000874803203,NM,Fc1ccc(cc1)c2nc3cnccn3c2c4ccnc(NCC5CC5)n4
CHEMBL1241473,FLEAYYMORDPWAJ-UHFFFAOYSA-N,,,Q14289,PROTEIN TYROSINE KINASE 2 BETA,PTK2B,,pKI,8.100179497572904,NM,COc1cc(Nc2ncc(c(Nc3ccccc3C(=O)N)n2)[N+](=O)[O-])cc(OC)c1OC
CHEMBL1965631,FLHJZUQGFPJXRD-UHFFFAOYSA-N,,,Q14289,PROTEIN TYROSINE KINASE 2 BETA,PTK2B,,pKI,5.800000874803203,NM,CN(C)CC(=O)Nc1n[nH]c2ccc(cc12)c3cn(Cc4ccccc4)nn3
CHEMBL505177,FPGLJBDFRLADTG-RPCRKUJJSA-N,SCYTONEMIN,,Q14289,PROTEIN TYROSINE KINASE 2 BETA,PTK2B,22289061.0,pKI,5.0,NM,Oc1ccc(\C=C/2\C(=O)C(=C3C2=Nc4ccccc34)C5=C6C(Nc7ccccc67)\C(=C/c8ccc(O)cc8)\C5=O)cc1
CHEMBL1966722,FPQHXFMYXQZPSV-UHFFFAOYSA-N,,,Q14289,PROTEIN TYROSINE KINASE 2 BETA,PTK2B,,pKI,5.800000874803203,NM,OC(C(=O)NNC(=S)Nc1ccc(Cl)cc1)(c2ccccc2)c3ccccc3
CHEMBL261641,FPYJSJDOHRDAMT-KQWNVCNZSA-N,SU-11274,,Q14289,PROTEIN TYROSINE KINASE 2 BETA,PTK2B,22289061.0,pKI,7.980053318321158,NM,CN(c1cccc(Cl)c1)S(=O)(=O)c2ccc3NC(=O)\C(=C/c4[nH]c(C)c(C(=O)N5CCN(C)CC5)c4C)\c3c2
CHEMBL1966343,FQEODTMNWMDUMD-UHFFFAOYSA-N,,,Q14289,PROTEIN TYROSINE KINASE 2 BETA,PTK2B,,pKI,5.800000874803203,NM,CC(C)Cc1cc(on1)c2ccc3[nH]nc(N)c3c2
CHEMBL1985074,FSWFKKQQSQHIRZ-UHFFFAOYSA-N,,,Q14289,PROTEIN TYROSINE KINASE 2 BETA,PTK2B,,pKI,5.800000874803203,NM,CSc1ccc2nc3C(=O)NCCc3c(Cl)c2c1
CHEMBL377408,FTIAKTLRFKSDFR-UHFFFAOYSA-N,,,Q14289,PROTEIN TYROSINE KINASE 2 BETA,PTK2B,21336281.0,pKI,5.800244822746525,NM,CCOc1nc(cc(N)c1C#N)C(=O)NCc2ccccc2S(=O)(=O)N
CHEMBL377408,FTIAKTLRFKSDFR-UHFFFAOYSA-N,,,Q14289,PROTEIN TYROSINE KINASE 2 BETA,PTK2B,,pKI,5.800000874803203,NM,CCOc1nc(cc(N)c1C#N)C(=O)NCc2ccccc2S(=O)(=O)N
CHEMBL1971149,FXGYCYAFWHJUAS-UHFFFAOYSA-N,,,Q14289,PROTEIN TYROSINE KINASE 2 BETA,PTK2B,,pKI,5.800000874803203,NM,Cc1nccn2c(c3ccnc(NCC(C)(C)C(=O)O)n3)c(nc12)c4ccc(F)cc4F
CHEMBL2001920,FYYNFIZWOMBUTO-UHFFFAOYSA-N,,,Q14289,PROTEIN TYROSINE KINASE 2 BETA,PTK2B,,pKI,5.800000874803203,NM,Brc1ccc2NC(=O)C(=C3SC(=S)NC3=O)c2c1
CHEMBL572878,GCIKSSRWRFVXBI-UHFFFAOYSA-N,TOZASERTIB,,Q14289,PROTEIN TYROSINE KINASE 2 BETA,PTK2B,21336281.0,pKI,5.800244822746525,NM,CN1CCN(CC1)c2cc(Nc3cc(C)[nH]n3)nc(Sc4ccc(NC(=O)C5CC5)cc4)n2
CHEMBL572878,GCIKSSRWRFVXBI-UHFFFAOYSA-N,TOZASERTIB,,Q14289,PROTEIN TYROSINE KINASE 2 BETA,PTK2B,,pKI,5.800000874803203,NM,CN1CCN(CC1)c2cc(Nc3cc(C)[nH]n3)nc(Sc4ccc(NC(=O)C5CC5)cc4)n2
CHEMBL1973540,GCYXEGSPUDSZJY-UHFFFAOYSA-N,,,Q14289,PROTEIN TYROSINE KINASE 2 BETA,PTK2B,,pKI,6.599997654072044,NM,O=C1Nc2ccc3ncsc3c2C1=CNc4ccc(cc4)S(=O)(=O)Nc5ccccn5
CHEMBL2007002,GCZJQTRRJPRFIP-UHFFFAOYSA-N,,,Q14289,PROTEIN TYROSINE KINASE 2 BETA,PTK2B,,pKI,5.800000874803203,NM,COc1cc(ccc1O)c2ccc3[nH]nc(C(=O)Nc4ccccc4)c3c2
CHEMBL1996817,GDYZFFBMSBDTAA-UHFFFAOYSA-N,,,Q14289,PROTEIN TYROSINE KINASE 2 BETA,PTK2B,,pKI,6.299997602857746,NM,CCCCOc1ncnc2[nH]cc(c3ccccc3)c12
CHEMBL404367,GEGCXGMFUYJULA-UHFFFAOYSA-N,,,Q14289,PROTEIN TYROSINE KINASE 2 BETA,PTK2B,21336281.0,pKI,5.800244822746525,NM,Cc1cccc(NC(=O)Nc2ccc(cc2)c3cncc4c3c(N)nn4C)c1
CHEMBL404367,GEGCXGMFUYJULA-UHFFFAOYSA-N,,,Q14289,PROTEIN TYROSINE KINASE 2 BETA,PTK2B,,pKI,5.800000874803203,NM,Cc1cccc(NC(=O)Nc2ccc(cc2)c3cncc4c3c(N)nn4C)c1
CHEMBL1986328,GFOMFROIIBQABZ-UHFFFAOYSA-N,,,Q14289,PROTEIN TYROSINE KINASE 2 BETA,PTK2B,,pKI,5.800000874803203,NM,CN(C)C(=O)Nc1ccc2nc(c3occc3)c(nc2c1)c4occc4
CHEMBL1976455,GHAZVJQMLWOQLP-UHFFFAOYSA-N,,,Q14289,PROTEIN TYROSINE KINASE 2 BETA,PTK2B,,pKI,5.800000874803203,NM,FC(F)(F)c1ccc2nccc(NC(=O)Nc3cnccn3)c2c1
CHEMBL1994241,GHMRUNOHAHJNNA-UHFFFAOYSA-N,,,Q14289,PROTEIN TYROSINE KINASE 2 BETA,PTK2B,,pKI,5.800000874803203,NM,COc1cc(C=C(C#N)c2nc3ccccc3[nH]2)c(Br)cc1O
CHEMBL223367,GHPFSYCYZJKVDZ-UHFFFAOYSA-N,,,Q14289,PROTEIN TYROSINE KINASE 2 BETA,PTK2B,21336281.0,pKI,5.800244822746525,NM,OCCCc1cc2OCCCCCOc3nc(NC(=O)Nc2cc1Cl)cnc3C#N
CHEMBL223367,GHPFSYCYZJKVDZ-UHFFFAOYSA-N,,,Q14289,PROTEIN TYROSINE KINASE 2 BETA,PTK2B,,pKI,5.800000874803203,NM,OCCCc1cc2OCCCCCOc3nc(NC(=O)Nc2cc1Cl)cnc3C#N
CHEMBL2005186,GKHIVNAUVKXIIY-UHFFFAOYSA-N,KD-025,,Q14289,PROTEIN TYROSINE KINASE 2 BETA,PTK2B,,pKI,5.800000874803203,NM,CC(C)NC(=O)COc1cccc(c1)c2nc(Nc3ccc4[nH]ncc4c3)c5ccccc5n2
CHEMBL1988537,GLMWKEAUVZDGKE-UHFFFAOYSA-N,,,Q14289,PROTEIN TYROSINE KINASE 2 BETA,PTK2B,,pKI,5.800000874803203,NM,COc1ccc(cc1)C(=O)N2c3ccccc3Sc4c(Cl)cncc24
CHEMBL1986869,GMDDDBPJXVXQKN-UHFFFAOYSA-N,,,Q14289,PROTEIN TYROSINE KINASE 2 BETA,PTK2B,,pKI,5.800000874803203,NM,Cc1csc(NC(=O)c2sc3nc(ccc3c2N)c4ccncc4)n1
CHEMBL394619,GMYYMEOGFRKSFS-UHFFFAOYSA-N,,,Q14289,PROTEIN TYROSINE KINASE 2 BETA,PTK2B,21336281.0,pKI,5.800244822746525,NM,Cc1cccc(NC(=O)Nc2ccc(cc2)c3csc4ccnc(N)c34)c1
CHEMBL394619,GMYYMEOGFRKSFS-UHFFFAOYSA-N,,,Q14289,PROTEIN TYROSINE KINASE 2 BETA,PTK2B,,pKI,5.800000874803203,NM,Cc1cccc(NC(=O)Nc2ccc(cc2)c3csc4ccnc(N)c34)c1
CHEMBL1997340,GNZPMJDEUIVORU-UHFFFAOYSA-N,,,Q14289,PROTEIN TYROSINE KINASE 2 BETA,PTK2B,,pKI,5.800000874803203,NM,OC1CCCN(C1)C(=O)c2cc(on2)c3ccc4[nH]ncc4c3
CHEMBL1982361,GPKQGYSDQQIJLW-UHFFFAOYSA-N,,,Q14289,PROTEIN TYROSINE KINASE 2 BETA,PTK2B,,pKI,5.800000874803203,NM,Fc1ccccc1CNC2=C(Nc3ccncc3)C(=O)C2=O
CHEMBL1970189,GPWYRDPTGJYJNL-UHFFFAOYSA-N,,,Q14289,PROTEIN TYROSINE KINASE 2 BETA,PTK2B,,pKI,5.800000874803203,NM,Cc1n[nH]c2OC(=C(C#N)C(c3ccccc3Cl)c12)N
CHEMBL1968791,GQGMUKOYILWOIQ-UHFFFAOYSA-N,,,Q14289,PROTEIN TYROSINE KINASE 2 BETA,PTK2B,,pKI,5.800000874803203,NM,Cc1c(c2cccc(OCc3ccccc3)c2)c4c(N)ncnc4n1C5CC(CN6CCCC6)C5
CHEMBL1979252,GQHMZZXJWGPHDA-UHFFFAOYSA-N,,,Q14289,PROTEIN TYROSINE KINASE 2 BETA,PTK2B,,pKI,5.800000874803203,NM,FC(F)(F)c1cccc(CNC2=C(Nc3ccncc3)C(=O)C2=O)c1
CHEMBL1987009,GQLWKGVBOIYMTN-UHFFFAOYSA-N,,,Q14289,PROTEIN TYROSINE KINASE 2 BETA,PTK2B,,pKI,5.800000874803203,NM,COc1cccc(CNC(=O)c2cc3c(n[nH]c3s2)c4ccccc4)c1
CHEMBL1979577,GSXRCPJTNIGKSZ-UHFFFAOYSA-N,,,Q14289,PROTEIN TYROSINE KINASE 2 BETA,PTK2B,,pKI,5.800000874803203,NM,Cc1cccc(NC(=O)Nc2ccc(cc2)c3csc4c(cnc(N)c34)C#CC(C)(C)N)c1
CHEMBL1991800,GUHUQPHEGAYGKK-UHFFFAOYSA-N,,,Q14289,PROTEIN TYROSINE KINASE 2 BETA,PTK2B,,pKI,5.800000874803203,NM,CC(C)(CO)CNc1nccc(n1)c2c(nc3c(CC4CC4)nccn23)c5ccc(F)cc5
CHEMBL1974310,GUMBHNMWKMFKRT-UHFFFAOYSA-N,,,Q14289,PROTEIN TYROSINE KINASE 2 BETA,PTK2B,,pKI,5.800000874803203,NM,NC(=O)c1cc2c(cncc2s1)c3ccc(F)cc3
CHEMBL1983963,GWMATETWMAQOFL-UHFFFAOYSA-N,,,Q14289,PROTEIN TYROSINE KINASE 2 BETA,PTK2B,,pKI,5.800000874803203,NM,Cc1cccc(NC(=O)Nc2ccc(cc2)c3coc4ncnc(N)c34)c1
CHEMBL1972584,GXJSLIOOPZRPEV-UHFFFAOYSA-N,,,Q14289,PROTEIN TYROSINE KINASE 2 BETA,PTK2B,,pKI,5.800000874803203,NM,CC(=O)N1CCN(CC1)C2CCC(CC2)n3nc(c4ccc(NC(=O)c5cc6ccccc6n5C)cc4)c7c(N)ncnc37
CHEMBL1982866,HAWCKXFSLRGWOK-UHFFFAOYSA-N,,,Q14289,PROTEIN TYROSINE KINASE 2 BETA,PTK2B,,pKI,5.800000874803203,NM,COCCn1cc(c2ccncn2)c(n1)c3ccc(Cl)cc3
CHEMBL2004311,HCNIBOQWDVOZKF-UHFFFAOYSA-N,,,Q14289,PROTEIN TYROSINE KINASE 2 BETA,PTK2B,,pKI,5.800000874803203,NM,Cc1cc(C)cc(NC(=O)Nc2ccc(c(C)c2)c3cccc4C(=O)NCc34)c1
CHEMBL1975534,HDEZJSLYUKYKAZ-UHFFFAOYSA-N,,,Q14289,PROTEIN TYROSINE KINASE 2 BETA,PTK2B,,pKI,5.800000874803203,NM,NCC(O)C(O)Cn1cc(I)c2c(N)ncnc12
CHEMBL363648,HEKAIDKUDLCBRU-UHFFFAOYSA-N,TAK-715,TPKI-107,Q14289,PROTEIN TYROSINE KINASE 2 BETA,PTK2B,21336281.0,pKI,5.800244822746525,NM,CCc1nc(c2cccc(C)c2)c(s1)c3ccnc(NC(=O)c4ccccc4)c3
CHEMBL363648,HEKAIDKUDLCBRU-UHFFFAOYSA-N,TAK-715,TPKI-107,Q14289,PROTEIN TYROSINE KINASE 2 BETA,PTK2B,,pKI,5.800000874803203,NM,CCc1nc(c2cccc(C)c2)c(s1)c3ccnc(NC(=O)c4ccccc4)c3
CHEMBL1970104,HEUSUIRCBWROMH-UHFFFAOYSA-N,,,Q14289,PROTEIN TYROSINE KINASE 2 BETA,PTK2B,,pKI,6.499996931948306,NM,CC(C)(C)c1ccc2nc([nH]c2c1)c3n[nH]c4ccccc34
CHEMBL1984191,HHHWHXLLZCRLAO-UHFFFAOYSA-N,,,Q14289,PROTEIN TYROSINE KINASE 2 BETA,PTK2B,,pKI,5.800000874803203,NM,Clc1ccc(cc1Cl)c2n[nH]cc2c3ccncn3
CHEMBL1977681,HHSVICUMCOBRPT-UHFFFAOYSA-N,,,Q14289,PROTEIN TYROSINE KINASE 2 BETA,PTK2B,,pKI,5.800000874803203,NM,CNC(=O)c1cc2c(n[nH]c2s1)c3ccccc3F
CHEMBL2006237,HKRUFMXPSVYVMY-UHFFFAOYSA-N,,,Q14289,PROTEIN TYROSINE KINASE 2 BETA,PTK2B,,pKI,5.800000874803203,NM,CN1CCN(CCCNc2cccc(n2)c3nc4c(cccc4[nH]3)C(=O)N)CC1
CHEMBL1982465,HKZKELVPGXJIMW-UHFFFAOYSA-N,,,Q14289,PROTEIN TYROSINE KINASE 2 BETA,PTK2B,,pKI,5.800000874803203,NM,Cc1cccc(NC(=O)Nc2ccc(cc2)c3csc4c(cnc(N)c34)C#CCN5CCOCC5)c1
CHEMBL1974288,HNXJWWRRSGDVIW-UHFFFAOYSA-N,,,Q14289,PROTEIN TYROSINE KINASE 2 BETA,PTK2B,,pKI,5.800000874803203,NM,OCC(NC(=O)c1ccc(cc1)c2ccncc2)c3ccccc3
CHEMBL1983025,HRZOUBQYVUXBNS-UHFFFAOYSA-N,,,Q14289,PROTEIN TYROSINE KINASE 2 BETA,PTK2B,,pKI,5.800000874803203,NM,CCC(N)(CC)C#Cc1cnc(N)c2c(csc12)c3ccc(NC(=O)Nc4cccc(C)c4)cc3
CHEMBL1975138,HSKVRPZJBMXFDX-UHFFFAOYSA-N,,,Q14289,PROTEIN TYROSINE KINASE 2 BETA,PTK2B,,pKI,5.800000874803203,NM,OC(C(=O)NNC(=S)Nc1ccc(F)cc1)(c2ccccc2)c3ccccc3
CHEMBL2001957,HUXSWYWELGEQNC-UHFFFAOYSA-N,,,Q14289,PROTEIN TYROSINE KINASE 2 BETA,PTK2B,,pKI,5.800000874803203,NM,CC(C)(CO)CNc1nccc(n1)c2c(nc3c(OCC(F)(F)F)nccn23)c4ccc(F)cc4
CHEMBL1978014,HWGZXYUOXGVACR-UHFFFAOYSA-N,,,Q14289,PROTEIN TYROSINE KINASE 2 BETA,PTK2B,,pKI,5.800000874803203,NM,CN1CCC(CC1)C(=O)n2nc(N)c3cc(ccc23)c4cn(Cc5ccccc5)nn4
CHEMBL2003341,HXDDWVMJYDULAZ-UHFFFAOYSA-N,,,Q14289,PROTEIN TYROSINE KINASE 2 BETA,PTK2B,,pKI,5.800000874803203,NM,OCC(NC(=O)c1ccc(cc1)c2ccncc2)c3cc(Cl)cc(Cl)c3
CHEMBL253969,HXHAJRMTJXHJJZ-UHFFFAOYSA-N,OSI-632,,Q14289,PROTEIN TYROSINE KINASE 2 BETA,PTK2B,21336281.0,pKI,5.800244822746525,NM,NC(=O)c1c(NC(=O)NCCCCN2CCCC2)snc1OCc3c(F)cc(Br)cc3F
CHEMBL253969,HXHAJRMTJXHJJZ-UHFFFAOYSA-N,OSI-632,,Q14289,PROTEIN TYROSINE KINASE 2 BETA,PTK2B,,pKI,5.800000874803203,NM,NC(=O)c1c(NC(=O)NCCCCN2CCCC2)snc1OCc3c(F)cc(Br)cc3F
CHEMBL468280,HXWWNIUEVOHPKT-UHFFFAOYSA-N,,,Q14289,PROTEIN TYROSINE KINASE 2 BETA,PTK2B,21336281.0,pKI,5.800244822746525,NM,CCN1C2=C(C(=O)ON2)C(=O)c3cc(F)c(Cl)cc13
CHEMBL468280,HXWWNIUEVOHPKT-UHFFFAOYSA-N,,,Q14289,PROTEIN TYROSINE KINASE 2 BETA,PTK2B,,pKI,5.800000874803203,NM,CCN1C2=C(C(=O)ON2)C(=O)c3cc(F)c(Cl)cc13
CHEMBL1970203,IAKGNUWZPSPEKU-UHFFFAOYSA-N,,,Q14289,PROTEIN TYROSINE KINASE 2 BETA,PTK2B,,pKI,5.800000874803203,NM,Cc1cc(C)cc(NC(=O)Nc2ccc(NC(=O)c3csc4ncnc(N)c34)cc2)c1
CHEMBL1969735,ICDHVAJOGIGIOI-UHFFFAOYSA-N,,,Q14289,PROTEIN TYROSINE KINASE 2 BETA,PTK2B,,pKI,5.800000874803203,NM,CC(C)(CO)CNc1nccc(n1)c2c(nc3c(Cl)nccn23)c4ccc(F)cc4
CHEMBL1977346,IFQICUARAXVEIQ-UHFFFAOYSA-N,,,Q14289,PROTEIN TYROSINE KINASE 2 BETA,PTK2B,,pKI,5.800000874803203,NM,Ic1cc2C(=O)Nc3ccccc3Nc2nn1
CHEMBL1614705,IGGNAIYXGIUMQZ-UHFFFAOYSA-N,,,Q14289,PROTEIN TYROSINE KINASE 2 BETA,PTK2B,,pKI,5.800000874803203,NM,OCC(=O)N1CCC(CC1)c2[nH]nc(c3ccc(Cl)cc3F)c2c4ccncn4
CHEMBL1964413,IHGUHCPMDSTTIW-UHFFFAOYSA-N,,,Q14289,PROTEIN TYROSINE KINASE 2 BETA,PTK2B,,pKI,5.800000874803203,NM,FC(F)(F)c1ccc(Cn2cc(nn2)c3ccc4[nH]ncc4c3)c(c1)C(F)(F)F
CHEMBL1982563,IILNBGZKSQQREW-UHFFFAOYSA-N,,,Q14289,PROTEIN TYROSINE KINASE 2 BETA,PTK2B,,pKI,5.800000874803203,NM,COCC(C)(C)CNc1nccc(n1)c2c(nc3c(C)nccn23)c4ccc(F)cc4
CHEMBL1985095,IJNGXROUMFEKDB-UHFFFAOYSA-N,,,Q14289,PROTEIN TYROSINE KINASE 2 BETA,PTK2B,,pKI,6.0,NM,NC(=O)Cn1cc(c2cc(c3cc4ccccc4s3)c5[nH]ncc5c2)c6nc(N)ncc16
CHEMBL2000568,IJRBJCMLWLFMIN-UHFFFAOYSA-N,,,Q14289,PROTEIN TYROSINE KINASE 2 BETA,PTK2B,,pKI,5.800000874803203,NM,CC(=O)c1cccc(c1)c2cnc3[nH]ccc3c2
CHEMBL2004892,IJVDETPCUCZHTR-UHFFFAOYSA-N,,,Q14289,PROTEIN TYROSINE KINASE 2 BETA,PTK2B,,pKI,5.800000874803203,NM,CS(=O)(=O)Nc1ccc(cc1)c2ccc3[nH]nc(N)c3c2
CHEMBL1988153,IMHKMKWSWHFKTM-UHFFFAOYSA-N,,,Q14289,PROTEIN TYROSINE KINASE 2 BETA,PTK2B,,pKI,5.800000874803203,NM,Cc1oc(nn1)c2cc3c(Oc4ccc(cc4)C(F)(F)F)cncc3s2
CHEMBL1973893,IMMZLRQJNZSTTE-UHFFFAOYSA-N,,,Q14289,PROTEIN TYROSINE KINASE 2 BETA,PTK2B,,pKI,5.800000874803203,NM,CCCS(=O)(=O)Nc1ccc(cc1)c2ccc3[nH]nc(NC(=O)C)c3c2
CHEMBL491758,IOBVCHJTLVPPBR-UHFFFAOYSA-N,,,Q14289,PROTEIN TYROSINE KINASE 2 BETA,PTK2B,21336281.0,pKI,6.0,NM,Fc1cnc(Nc2ccccc2)nc1Nc3ccccc3
CHEMBL491758,IOBVCHJTLVPPBR-UHFFFAOYSA-N,,,Q14289,PROTEIN TYROSINE KINASE 2 BETA,PTK2B,,pKI,6.0,NM,Fc1cnc(Nc2ccccc2)nc1Nc3ccccc3
CHEMBL1986186,IQNOGQGSOHNMCL-UHFFFAOYSA-N,,,Q14289,PROTEIN TYROSINE KINASE 2 BETA,PTK2B,,pKI,5.800000874803203,NM,CC(NC1=C(Nc2ccncc2)C(=O)C1=O)C(C)(C)C
CHEMBL1969843,ISEDKXOMRIKZPK-UHFFFAOYSA-N,,,Q14289,PROTEIN TYROSINE KINASE 2 BETA,PTK2B,,pKI,5.800000874803203,NM,C(C1CCOCC1)n2cc(nn2)c3ccc4[nH]ncc4c3
CHEMBL1984586,ISVHLTLEHRZKJC-UHFFFAOYSA-N,,,Q14289,PROTEIN TYROSINE KINASE 2 BETA,PTK2B,,pKI,5.800000874803203,NM,Cc1ccccc1NC(=O)Nc2ccc(cc2)c3coc4ncnc(N)c34
CHEMBL481491,ITAJXWHXKVYGCF-UHFFFAOYSA-N,,,Q14289,PROTEIN TYROSINE KINASE 2 BETA,PTK2B,21336281.0,pKI,5.800244822746525,NM,NC(=O)c1sc(cc1OCc2ccccc2C(F)(F)F)n3cnc4ccccc34
CHEMBL481491,ITAJXWHXKVYGCF-UHFFFAOYSA-N,,,Q14289,PROTEIN TYROSINE KINASE 2 BETA,PTK2B,,pKI,5.800000874803203,NM,NC(=O)c1sc(cc1OCc2ccccc2C(F)(F)F)n3cnc4ccccc34
CHEMBL1976090,IUEBPIPDFMCSTP-UHFFFAOYSA-N,,,Q14289,PROTEIN TYROSINE KINASE 2 BETA,PTK2B,,pKI,5.800000874803203,NM,Nc1ncnc2c1sc3ncnc(N)c23
CHEMBL2001239,IUUVJFSKAMMCEA-UHFFFAOYSA-N,,,Q14289,PROTEIN TYROSINE KINASE 2 BETA,PTK2B,,pKI,5.800000874803203,NM,Nc1ncnc(Nc2cc(CNC(=O)C(F)(F)F)c(O)c(c2)c3ccc(Cl)cc3)n1
CHEMBL1994526,IYOZTVGMEWJPKR-UHFFFAOYSA-N,,,Q14289,PROTEIN TYROSINE KINASE 2 BETA,PTK2B,,pKI,5.800000874803203,NM,CC(N)C1CCC(CC1)C(=O)Nc2ccncc2
CHEMBL1972142,IZAVTOABECKIDH-UHFFFAOYSA-N,,,Q14289,PROTEIN TYROSINE KINASE 2 BETA,PTK2B,,pKI,5.800000874803203,NM,O=C(NCc1ccccc1)c2cccc(c2)c3cnc4[nH]ccc4c3
CHEMBL474432,JAMDNXUAYUHJLJ-UHFFFAOYSA-N,,,Q14289,PROTEIN TYROSINE KINASE 2 BETA,PTK2B,21336281.0,pKI,6.300162274132754,NM,COc1cc2ncn(c3cc(OCc4ccccc4C(F)(F)F)c(s3)C(=O)O)c2cc1OC
CHEMBL474432,JAMDNXUAYUHJLJ-UHFFFAOYSA-N,,,Q14289,PROTEIN TYROSINE KINASE 2 BETA,PTK2B,,pKI,6.299997602857746,NM,COc1cc2ncn(c3cc(OCc4ccccc4C(F)(F)F)c(s3)C(=O)O)c2cc1OC
CHEMBL2000801,JCZBWICLNFNCMR-UHFFFAOYSA-N,,,Q14289,PROTEIN TYROSINE KINASE 2 BETA,PTK2B,,pKI,5.800000874803203,NM,Fc1ccc(NC(=O)Nc2ccc(cc2)c3cccc4sncc34)cc1C(F)(F)F
CHEMBL1973808,JGKVEXCUPFIDIE-UHFFFAOYSA-N,,,Q14289,PROTEIN TYROSINE KINASE 2 BETA,PTK2B,,pKI,5.800000874803203,NM,Clc1ccc(cc1)C(=O)Nc2ccc3[nH]ncc3c2
CHEMBL1969755,JIFGOPCFXJIPNK-UHFFFAOYSA-N,,,Q14289,PROTEIN TYROSINE KINASE 2 BETA,PTK2B,,pKI,5.800000874803203,NM,OCC(Cc1ccccc1)NC(=O)c2ccc(cc2F)c3ccncc3
CHEMBL1970522,JOIUJUJSHIHBDT-UHFFFAOYSA-N,,,Q14289,PROTEIN TYROSINE KINASE 2 BETA,PTK2B,,pKI,5.800000874803203,NM,COc1cc(C=C2SC(=Nc3ccccc3)NC2=O)ccc1O
CHEMBL1993243,JSDGKSMNPHJDFK-UHFFFAOYSA-N,,,Q14289,PROTEIN TYROSINE KINASE 2 BETA,PTK2B,,pKI,5.800000874803203,NM,CNC(=O)C=Cc1cnc(N)c2c(csc12)c3ccc4OCOc4c3
CHEMBL514499,JSKUWFIZUALZLX-UHFFFAOYSA-N,GW843682X,,Q14289,PROTEIN TYROSINE KINASE 2 BETA,PTK2B,21336281.0,pKI,6.801342913045577,NM,COc1cc2ncn(c3cc(OCc4ccccc4C(F)(F)F)c(s3)C(=O)N)c2cc1OC
CHEMBL514499,JSKUWFIZUALZLX-UHFFFAOYSA-N,GW843682X,,Q14289,PROTEIN TYROSINE KINASE 2 BETA,PTK2B,,pKI,6.799998134593398,NM,COc1cc2ncn(c3cc(OCc4ccccc4C(F)(F)F)c(s3)C(=O)N)c2cc1OC
CHEMBL210928,JUKUQWGWZSESAV-UHFFFAOYSA-N,,,Q14289,PROTEIN TYROSINE KINASE 2 BETA,PTK2B,21336281.0,pKI,5.800244822746525,NM,CCOc1nc(NC(=O)Cc2cc(OC)c(cc2OC)S(=O)(=O)C)cc(N)c1Cl
CHEMBL210928,JUKUQWGWZSESAV-UHFFFAOYSA-N,,,Q14289,PROTEIN TYROSINE KINASE 2 BETA,PTK2B,,pKI,5.800000874803203,NM,CCOc1nc(NC(=O)Cc2cc(OC)c(cc2OC)S(=O)(=O)C)cc(N)c1Cl
CHEMBL1972489,JXINXBYTGKRURK-UHFFFAOYSA-N,,,Q14289,PROTEIN TYROSINE KINASE 2 BETA,PTK2B,,pKI,5.800000874803203,NM,Clc1ccc(cc1)C(=O)Nc2ccc3cn[nH]c3c2
CHEMBL1971021,JXNMCDLXYWQTIW-UHFFFAOYSA-N,,,Q14289,PROTEIN TYROSINE KINASE 2 BETA,PTK2B,,pKI,5.800000874803203,NM,Cc1cc(C)cc(NC(=O)Nc2ccc(c3cccc4C(=O)NCc34)c(c2)C(F)(F)F)c1
CHEMBL1989474,JZVUYHDTYQWBFB-UHFFFAOYSA-N,,,Q14289,PROTEIN TYROSINE KINASE 2 BETA,PTK2B,,pKI,5.800000874803203,NM,Cn1cc(c2ccncn2)c(n1)c3ccc(F)cc3
CHEMBL2003286,KAICHBSRWFIESE-UHFFFAOYSA-N,,,Q14289,PROTEIN TYROSINE KINASE 2 BETA,PTK2B,,pKI,5.800000874803203,NM,COc1cc(C=C2SC(=O)NC2=O)ccc1O
CHEMBL1997764,KAKFXRYHYUPXSU-UHFFFAOYSA-N,,,Q14289,PROTEIN TYROSINE KINASE 2 BETA,PTK2B,,pKI,5.800000874803203,NM,COc1ccc(cc1)C(=O)Nc2cnc3[nH]cc(c4ccccc4)c3c2
CHEMBL1987679,KAKGFGCTONHQJW-UHFFFAOYSA-N,,,Q14289,PROTEIN TYROSINE KINASE 2 BETA,PTK2B,,pKI,5.800000874803203,NM,NC(COc1cncc(c1)c2ccc3NC(=O)Oc3c2)Cc4c[nH]c5ccccc45
CHEMBL2000429,KBFBKKNSHPUFET-UHFFFAOYSA-N,,,Q14289,PROTEIN TYROSINE KINASE 2 BETA,PTK2B,,pKI,5.800000874803203,NM,CC(C)Oc1nccn2c(c3ccnc(NCC(C)(C)CO)n3)c(nc12)c4ccc(F)cc4F
CHEMBL1969506,KCLZJAVIQDVQCK-UHFFFAOYSA-N,,,Q14289,PROTEIN TYROSINE KINASE 2 BETA,PTK2B,,pKI,5.800000874803203,NM,CC(C)(C)OC(=O)n1ncc2cc(NC3=C(NCc4ccc(cc4)S(=O)(=O)N)C(=O)C3=O)ccc12
CHEMBL1992242,KHOVFNRAIYTEPO-UHFFFAOYSA-N,,,Q14289,PROTEIN TYROSINE KINASE 2 BETA,PTK2B,,pKI,5.800000874803203,NM,Cc1cc(C)cc(NC(=O)Nc2ccc(cc2)c3cccc4sncc34)c1
CHEMBL1985092,KJVWCDAPVMWKLJ-UHFFFAOYSA-N,,,Q14289,PROTEIN TYROSINE KINASE 2 BETA,PTK2B,,pKI,5.800000874803203,NM,Oc1ccc(cc1)c2n[nH]c(Nc3cccc(Cl)c3)c2c4ccc(O)cc4
CHEMBL1230122,KKKRKRMVJRHDMG-UHFFFAOYSA-N,R-1487,,Q14289,PROTEIN TYROSINE KINASE 2 BETA,PTK2B,,pKI,5.800000874803203,NM,CN1C(=O)C(=Cc2cnc(NC3CCOCC3)nc12)Oc4ccc(F)cc4F
CHEMBL2001547,KKWLJUDRBFHJPA-UHFFFAOYSA-N,,,Q14289,PROTEIN TYROSINE KINASE 2 BETA,PTK2B,,pKI,5.800000874803203,NM,CCc1nccn2c(c3ccnc(NCC(C)(C)O)n3)c(nc12)c4ccc(F)cc4F
CHEMBL2006778,KNACLJBHKVSTDL-UHFFFAOYSA-N,,,Q14289,PROTEIN TYROSINE KINASE 2 BETA,PTK2B,,pKI,5.800000874803203,NM,CNC(=O)C=Cc1cnc(N)c2c(csc12)c3cc(F)c4[nH]c(C)cc4c3
CHEMBL1991725,KNVOICXEDILAGT-UHFFFAOYSA-N,,,Q14289,PROTEIN TYROSINE KINASE 2 BETA,PTK2B,,pKI,5.800000874803203,NM,CN(C)CC(=O)NC(COc1cncc(c1)c2ccc3cnccc3c2)Cc4c[nH]c5ccccc45
CHEMBL41783,KPVCGFZWGAYXMV-UHFFFAOYSA-N,,,Q14289,PROTEIN TYROSINE KINASE 2 BETA,PTK2B,21336281.0,pKI,5.800244822746525,NM,CN(C)CCCC(=O)Nc1n[nH]c2nnc(cc12)c3cccc(F)c3F
CHEMBL41783,KPVCGFZWGAYXMV-UHFFFAOYSA-N,,,Q14289,PROTEIN TYROSINE KINASE 2 BETA,PTK2B,,pKI,5.800000874803203,NM,CN(C)CCCC(=O)Nc1n[nH]c2nnc(cc12)c3cccc(F)c3F
CHEMBL210618,KQMPRSZTUSSXND-UHFFFAOYSA-N,JNK INHIBITOR VIII,,Q14289,PROTEIN TYROSINE KINASE 2 BETA,PTK2B,21336281.0,pKI,5.800244822746525,NM,CCOc1nc(NC(=O)Cc2cc(OC)ccc2OC)cc(N)c1C#N
CHEMBL210618,KQMPRSZTUSSXND-UHFFFAOYSA-N,JNK INHIBITOR VIII,,Q14289,PROTEIN TYROSINE KINASE 2 BETA,PTK2B,,pKI,5.800000874803203,NM,CCOc1nc(NC(=O)Cc2cc(OC)ccc2OC)cc(N)c1C#N
CHEMBL1967878,KSOVGRCOLZZTPF-UHFFFAOYSA-N,CENISERTIB,,Q14289,PROTEIN TYROSINE KINASE 2 BETA,PTK2B,,pKI,7.100015437450609,NM,CN1CCN(CC1)c2ccc(Nc3ncc(F)c(NC4C5CC(C=C5)C4C(=O)N)n3)cc2C
CHEMBL1825138,KTEIFNKAUNYNJU-UHFFFAOYSA-N,,,Q14289,PROTEIN TYROSINE KINASE 2 BETA,PTK2B,,pKI,6.799998134593398,NM,CC(Oc1cc(cnc1N)c2cnn(c2)C3CCNCC3)c4c(Cl)ccc(F)c4Cl
CHEMBL211378,KTQYQHLIMZOBSM-UHFFFAOYSA-N,,,Q14289,PROTEIN TYROSINE KINASE 2 BETA,PTK2B,21336281.0,pKI,5.800244822746525,NM,Cc1cccc(NC(=O)Nc2ccc(cc2)c3noc4ncnc(N)c34)c1
CHEMBL211378,KTQYQHLIMZOBSM-UHFFFAOYSA-N,,,Q14289,PROTEIN TYROSINE KINASE 2 BETA,PTK2B,,pKI,5.800000874803203,NM,Cc1cccc(NC(=O)Nc2ccc(cc2)c3noc4ncnc(N)c34)c1
CHEMBL1982506,KTRGYJLQTZDGPX-UHFFFAOYSA-N,,,Q14289,PROTEIN TYROSINE KINASE 2 BETA,PTK2B,,pKI,5.800000874803203,NM,COc1cc2cnc3C(=O)NC(=O)c3c2cc1OC
CHEMBL941,KTUFNOKKBVMGRW-UHFFFAOYSA-N,IMATINIB,,Q14289,PROTEIN TYROSINE KINASE 2 BETA,PTK2B,21336281.0,pKI,5.800244822746525,NM,CN1CCN(Cc2ccc(cc2)C(=O)Nc3ccc(C)c(Nc4nccc(n4)c5cccnc5)c3)CC1
CHEMBL941,KTUFNOKKBVMGRW-UHFFFAOYSA-N,IMATINIB,,Q14289,PROTEIN TYROSINE KINASE 2 BETA,PTK2B,,pKI,5.800000874803203,NM,CN1CCN(Cc2ccc(cc2)C(=O)Nc3ccc(C)c(Nc4nccc(n4)c5cccnc5)c3)CC1
CHEMBL1965507,KWRXWPRFIUJQBP-UHFFFAOYSA-N,,,Q14289,PROTEIN TYROSINE KINASE 2 BETA,PTK2B,,pKI,5.800000874803203,NM,Cc1cccc(NC(=O)Nc2ccc(NC(=O)c3csc4ncnc(N)c34)cc2)c1
CHEMBL1980896,KWSZYBNXNYRQCC-UHFFFAOYSA-N,,,Q14289,PROTEIN TYROSINE KINASE 2 BETA,PTK2B,,pKI,5.800000874803203,NM,Nc1ncnc2sc(Br)c(c3ccc(NC(=O)Cc4cccc(Cl)c4)cc3)c12
CHEMBL497151,KYACBMRLQMEIAI-UHFFFAOYSA-N,,,Q14289,PROTEIN TYROSINE KINASE 2 BETA,PTK2B,21336281.0,pKI,5.800244822746525,NM,Ic1ccc(Oc2cncc3sc(cc23)C4=NC(=O)ON4)cc1
CHEMBL497151,KYACBMRLQMEIAI-UHFFFAOYSA-N,,,Q14289,PROTEIN TYROSINE KINASE 2 BETA,PTK2B,,pKI,5.800000874803203,NM,Ic1ccc(Oc2cncc3sc(cc23)C4=NC(=O)ON4)cc1
CHEMBL1973937,LCGSWTFWYNYUKS-UHFFFAOYSA-N,,,Q14289,PROTEIN TYROSINE KINASE 2 BETA,PTK2B,,pKI,5.800000874803203,NM,Cc1ccc(c2ccc(NC(=O)Nc3cccc(Br)c3)cc2)c4c(N)n[nH]c14
CHEMBL1980489,LCKDESRGCHSHHO-UHFFFAOYSA-N,,,Q14289,PROTEIN TYROSINE KINASE 2 BETA,PTK2B,,pKI,5.800000874803203,NM,Clc1ccc(CNC2=C(Nc3ccncc3)C(=O)C2=O)cc1
CHEMBL117697,LCYPRFCDTJTQPG-UHFFFAOYSA-N,,,Q14289,PROTEIN TYROSINE KINASE 2 BETA,PTK2B,21336281.0,pKI,5.800244822746525,NM,COc1cccc(Nc2ncnc3ccccc23)c1
CHEMBL117697,LCYPRFCDTJTQPG-UHFFFAOYSA-N,,,Q14289,PROTEIN TYROSINE KINASE 2 BETA,PTK2B,,pKI,5.800000874803203,NM,COc1cccc(Nc2ncnc3ccccc23)c1
CHEMBL2004871,LDNDTZTXPRCUJS-UHFFFAOYSA-N,,,Q14289,PROTEIN TYROSINE KINASE 2 BETA,PTK2B,,pKI,5.800000874803203,NM,OCCCn1cnc(c2ccc(F)cc2)c1c3ccncc3
CHEMBL1973211,LGHBDVLAHHANMX-UHFFFAOYSA-N,,,Q14289,PROTEIN TYROSINE KINASE 2 BETA,PTK2B,,pKI,5.800000874803203,NM,Cc1cccc(NC(=O)Nc2ccc(cc2)c3csc4c(cnc(N)c34)C#CCN5CCCC5)c1
CHEMBL2006263,LKUJDAHYLPICSE-UHFFFAOYSA-N,,,Q14289,PROTEIN TYROSINE KINASE 2 BETA,PTK2B,,pKI,5.800000874803203,NM,Cc1nc2ccc(NS(=O)(=O)c3ccc(N)cc3)cc2nc1C
CHEMBL1981720,LNIDFQVRZCDVBI-UHFFFAOYSA-N,,,Q14289,PROTEIN TYROSINE KINASE 2 BETA,PTK2B,,pKI,5.800000874803203,NM,O=C(Nc1cnccn1)Nc2ccnc3ccccc23
CHEMBL1986781,LRESELHEXSUQGE-UHFFFAOYSA-N,,,Q14289,PROTEIN TYROSINE KINASE 2 BETA,PTK2B,,pKI,5.800000874803203,NM,CC(=O)N1CCC(CC1)Nc2nccc(n2)c3c(nc4occn34)c5ccc(F)cc5
CHEMBL1975500,LRINYHMQZRENCY-UHFFFAOYSA-N,,,Q14289,PROTEIN TYROSINE KINASE 2 BETA,PTK2B,,pKI,5.800000874803203,NM,COc1cc(ccc1O)c2ccc3C(=O)Nc4cc(ccc4Nc3c2)C(=O)NCCNC(=O)C
CHEMBL1994693,LRLDYTTWQIFWBD-UHFFFAOYSA-N,,,Q14289,PROTEIN TYROSINE KINASE 2 BETA,PTK2B,,pKI,5.800000874803203,NM,Nc1ncnc2sc3CCc4cc(NC(=O)Nc5ccccc5)ccc4c3c12
CHEMBL592030,LRZYYIZFBXFSJB-UHFFFAOYSA-N,,,Q14289,PROTEIN TYROSINE KINASE 2 BETA,PTK2B,21336281.0,pKI,6.600326278518962,NM,NCCCn1cc(c2cc(c3cc4ccccc4s3)c5[nH]ncc5c2)c6nc(N)ncc16
CHEMBL592030,LRZYYIZFBXFSJB-UHFFFAOYSA-N,,,Q14289,PROTEIN TYROSINE KINASE 2 BETA,PTK2B,,pKI,6.599997654072044,NM,NCCCn1cc(c2cc(c3cc4ccccc4s3)c5[nH]ncc5c2)c6nc(N)ncc16
CHEMBL1988075,LVECPYVAIBNSRV-UHFFFAOYSA-N,,,Q14289,PROTEIN TYROSINE KINASE 2 BETA,PTK2B,,pKI,5.800000874803203,NM,Cc1ccc(cn1)c2cnc(N)c3c(csc23)c4ccc(NC(=O)Nc5cccc(F)c5)cc4
CHEMBL1994830,LXVBELDBJGYFEM-UHFFFAOYSA-N,,,Q14289,PROTEIN TYROSINE KINASE 2 BETA,PTK2B,,pKI,5.800000874803203,NM,Nc1oc(nn1)c2cc3c(Oc4ccc(Cl)cc4)cncc3s2
CHEMBL1984363,MADCXGNPDBWPLM-UHFFFAOYSA-N,,,Q14289,PROTEIN TYROSINE KINASE 2 BETA,PTK2B,,pKI,5.800000874803203,NM,Cc1cc(NC(=O)Cc2ccc(cc2)c3cccc4[nH]nc(N)c34)ccc1F
CHEMBL1967116,MCCCQFAOMZMZKE-UHFFFAOYSA-N,,,Q14289,PROTEIN TYROSINE KINASE 2 BETA,PTK2B,,pKI,6.599997654072044,NM,Cc1cccc(NC(=O)Nc2ccc(cc2)c3csc4c(cnc(N)c34)c5cnn(C)c5)c1
CHEMBL1995740,MDJCUXFFMNEBHG-UHFFFAOYSA-N,,,Q14289,PROTEIN TYROSINE KINASE 2 BETA,PTK2B,,pKI,5.800000874803203,NM,COc1cc(ccc1O)c2ccc3C(=O)Nc4cc(ccc4Nc3c2)[N+](=O)[O-]
CHEMBL2005828,MFMXAWQGPQXDRJ-UHFFFAOYSA-N,,,Q14289,PROTEIN TYROSINE KINASE 2 BETA,PTK2B,,pKI,5.800000874803203,NM,Cc1ccc(NC(=O)Nc2ccc(cc2)c3coc4ncnc(N)c34)cc1
CHEMBL1971186,MGNQNQOSSLCUFP-UHFFFAOYSA-N,,,Q14289,PROTEIN TYROSINE KINASE 2 BETA,PTK2B,,pKI,5.800000874803203,NM,Fc1ccc(cc1)c2nc3occn3c2c4ccnc(NC5CCNCC5)n4
CHEMBL1974254,MHCPAORAYMTGCZ-UHFFFAOYSA-N,,,Q14289,PROTEIN TYROSINE KINASE 2 BETA,PTK2B,,pKI,6.0,NM,CCOc1ccc(NC(=O)Nc2ccc(cc2)c3csc4c(cnc(N)c34)c5cnn(C)c5)cc1
CHEMBL1991434,MHEQZGILOSVPBZ-UHFFFAOYSA-N,,,Q14289,PROTEIN TYROSINE KINASE 2 BETA,PTK2B,,pKI,5.800000874803203,NM,COc1ccc(C=C2C(=O)ON=C2c3ccc(Br)cc3)cc1OC
CHEMBL1996111,MIYRKQLKDQNUKZ-UHFFFAOYSA-N,,,Q14289,PROTEIN TYROSINE KINASE 2 BETA,PTK2B,,pKI,5.800000874803203,NM,CN(C)C(=O)c1c(nnn1Cc2ccccc2)c3ccc4[nH]ncc4c3
CHEMBL1999496,MJLKHAZEWYICMC-UHFFFAOYSA-N,,,Q14289,PROTEIN TYROSINE KINASE 2 BETA,PTK2B,,pKI,5.800000874803203,NM,Cc1cccc(c1)C2(CC2C(=O)Nc3ccncc3)c4cccc(C)c4
CHEMBL1336,MLDQJTXFUGDVEO-UHFFFAOYSA-N,SORAFENIB,,Q14289,PROTEIN TYROSINE KINASE 2 BETA,PTK2B,21336281.0,pKI,5.800244822746525,NM,CNC(=O)c1cc(Oc2ccc(NC(=O)Nc3ccc(Cl)c(c3)C(F)(F)F)cc2)ccn1
CHEMBL1336,MLDQJTXFUGDVEO-UHFFFAOYSA-N,SORAFENIB,,Q14289,PROTEIN TYROSINE KINASE 2 BETA,PTK2B,,pKI,5.800000874803203,NM,CNC(=O)c1cc(Oc2ccc(NC(=O)Nc3ccc(Cl)c(c3)C(F)(F)F)cc2)ccn1
CHEMBL1990254,MLGGUGPIWDHBAI-UHFFFAOYSA-N,,,Q14289,PROTEIN TYROSINE KINASE 2 BETA,PTK2B,,pKI,5.800000874803203,NM,NCC(NC(=O)c1ccc(cc1)c2ccncc2)c3ccccc3
CHEMBL2000114,MMMPFWNSQKXKDX-UHFFFAOYSA-N,,,Q14289,PROTEIN TYROSINE KINASE 2 BETA,PTK2B,,pKI,5.800000874803203,NM,CSc1c[nH]c2ncnc(NCCCO)c12
CHEMBL223360,MPVGZUGXCQEXTM-UHFFFAOYSA-N,LINIFANIB,,Q14289,PROTEIN TYROSINE KINASE 2 BETA,PTK2B,21336281.0,pKI,5.800244822746525,NM,Cc1ccc(F)c(NC(=O)Nc2ccc(cc2)c3cccc4[nH]nc(N)c34)c1
CHEMBL223360,MPVGZUGXCQEXTM-UHFFFAOYSA-N,LINIFANIB,,Q14289,PROTEIN TYROSINE KINASE 2 BETA,PTK2B,,pKI,5.800000874803203,NM,Cc1ccc(F)c(NC(=O)Nc2ccc(cc2)c3cccc4[nH]nc(N)c34)c1
CHEMBL1991356,MQAKXLBEDXFDMV-UHFFFAOYSA-N,,,Q14289,PROTEIN TYROSINE KINASE 2 BETA,PTK2B,,pKI,5.800000874803203,NM,COc1cccc(c1)c2cc3C(=O)Nc4ccccc4n3c2
CHEMBL1994321,MQRDVGBWWVWMEN-UHFFFAOYSA-N,,,Q14289,PROTEIN TYROSINE KINASE 2 BETA,PTK2B,,pKI,6.0,NM,Cc1cccc(NC(=O)Nc2ccc(cc2)c3csc4c(cnc(N)c34)C#CCNS(=O)(=O)C)c1
CHEMBL1990432,MSHWFKSJTARSSX-UHFFFAOYSA-N,,,Q14289,PROTEIN TYROSINE KINASE 2 BETA,PTK2B,,pKI,5.800000874803203,NM,Clc1ccc(cc1)C2CC3=C(C(=O)C2)C(=O)c4ccc(Cl)cc4N3
CHEMBL1969190,MTCHQDWUHQADSY-UHFFFAOYSA-N,,,Q14289,PROTEIN TYROSINE KINASE 2 BETA,PTK2B,,pKI,6.0999990348465305,NM,COc1ccc(c2ccc(NC(=O)Nc3cc(F)cc(F)c3)cc2)c4c(N)noc14
CHEMBL1981782,MTYMWGNJKDHWGN-UHFFFAOYSA-N,,,Q14289,PROTEIN TYROSINE KINASE 2 BETA,PTK2B,,pKI,5.800000874803203,NM,Clc1ccc(CNC(=O)Nc2ccc3[nH]ncc3c2)cc1Cl
CHEMBL2001485,MULNSLQVKKUPJN-UHFFFAOYSA-N,,,Q14289,PROTEIN TYROSINE KINASE 2 BETA,PTK2B,,pKI,5.800000874803203,NM,CC(C(=O)N(C)C)n1cc(cn1)c2cnc(N)c3c(csc23)c4ccc(NC(=O)Nc5ccc(C)cc5)cc4
CHEMBL1987034,MVJMMLFMPWITEJ-UHFFFAOYSA-N,,,Q14289,PROTEIN TYROSINE KINASE 2 BETA,PTK2B,,pKI,8.0,NM,NS(=O)(=O)c1cccc(Nc2ncc(Br)c(Nc3ccc(OCC#N)cc3)n2)c1
CHEMBL1084546,MZDKLVOWGIOKTN-UHFFFAOYSA-N,PF-562271,,Q14289,PROTEIN TYROSINE KINASE 2 BETA,PTK2B,21336281.0,pKI,8.500000000023125,NM,CN(c1ncccc1CNc2nc(Nc3ccc4NC(=O)Cc4c3)ncc2C(F)(F)F)S(=O)(=O)C
CHEMBL1084546,MZDKLVOWGIOKTN-UHFFFAOYSA-N,PF-562271,,Q14289,PROTEIN TYROSINE KINASE 2 BETA,PTK2B,,pKI,8.500312917381596,NM,CN(c1ncccc1CNc2nc(Nc3ccc4NC(=O)Cc4c3)ncc2C(F)(F)F)S(=O)(=O)C
CHEMBL1982874,MZIOLOXGGOLJMJ-UHFFFAOYSA-N,,,Q14289,PROTEIN TYROSINE KINASE 2 BETA,PTK2B,,pKI,5.800000874803203,NM,Nc1nc2ccc(cc2n1CC3CC3)c4c(nc5sccn45)c6ccc(F)cc6
CHEMBL1999590,NERQMDXDVAZVNX-UHFFFAOYSA-N,,,Q14289,PROTEIN TYROSINE KINASE 2 BETA,PTK2B,,pKI,5.800000874803203,NM,Cc1cc(c2ccccc2)n(n1)c3cc(NN=Cc4occc4)ncn3
CHEMBL1975900,NEWAULHLLUCDPD-UHFFFAOYSA-N,,,Q14289,PROTEIN TYROSINE KINASE 2 BETA,PTK2B,,pKI,5.800000874803203,NM,Clc1ccc(CNC2=C(Nc3ccncc3)C(=O)C2=O)cc1Cl
CHEMBL2007064,NHFDRBXTEDBWCZ-UHFFFAOYSA-N,,,Q14289,PROTEIN TYROSINE KINASE 2 BETA,PTK2B,,pKI,5.800000874803203,NM,Cc1[nH]c(C=C2C(=O)Nc3ccccc23)c(C)c1CCC(=O)O
CHEMBL2001224,NJKBCVHYFWYIIQ-UHFFFAOYSA-N,,,Q14289,PROTEIN TYROSINE KINASE 2 BETA,PTK2B,,pKI,5.800000874803203,NM,Cc1cc(OC2CCCC2)c(NC(=O)Nc3cnc(cn3)C#N)cc1Cl
CHEMBL1974870,NJPWCTYVEJIQBM-UHFFFAOYSA-N,,,Q14289,PROTEIN TYROSINE KINASE 2 BETA,PTK2B,,pKI,6.299997602857746,NM,Cc1n[nH]c2ccc(cc12)c3cncc(OCC(N)Cc4cccc(Cl)c4)c3
CHEMBL2007044,NLDZIKOJZCTRAZ-UHFFFAOYSA-N,,,Q14289,PROTEIN TYROSINE KINASE 2 BETA,PTK2B,,pKI,5.800000874803203,NM,CCN(CC)CC#Cc1ccc2Cc3c(n[nH]c3c2c1)c4ccc(nc4)C#N
CHEMBL379835,NLNVCPSZHKGGDI-UHFFFAOYSA-N,,,Q14289,PROTEIN TYROSINE KINASE 2 BETA,PTK2B,21336281.0,pKI,5.800244822746525,NM,Cc1nn(c2ccccc2)c3N(O)c4ccc(Cl)cc4C(=O)c13
CHEMBL379835,NLNVCPSZHKGGDI-UHFFFAOYSA-N,,,Q14289,PROTEIN TYROSINE KINASE 2 BETA,PTK2B,,pKI,5.800000874803203,NM,Cc1nn(c2ccccc2)c3N(O)c4ccc(Cl)cc4C(=O)c13
CHEMBL1986263,NLUPJKQOKWBWFC-UHFFFAOYSA-N,,,Q14289,PROTEIN TYROSINE KINASE 2 BETA,PTK2B,,pKI,5.800000874803203,NM,CCN1C(=O)SC(=C1C)c2ccnc(Nc3cccc(OC)c3)n2
CHEMBL260135,NPHKXSDZIKFIRU-UHFFFAOYSA-N,,,Q14289,PROTEIN TYROSINE KINASE 2 BETA,PTK2B,21336281.0,pKI,5.800244822746525,NM,Nc1n[nH]c2nnc(c3ccccc3)c(c4ccccc4)c12
CHEMBL260135,NPHKXSDZIKFIRU-UHFFFAOYSA-N,,,Q14289,PROTEIN TYROSINE KINASE 2 BETA,PTK2B,,pKI,5.800000874803203,NM,Nc1n[nH]c2nnc(c3ccccc3)c(c4ccccc4)c12
CHEMBL1970709,NPLQZQGAZAUUTB-UHFFFAOYSA-N,,,Q14289,PROTEIN TYROSINE KINASE 2 BETA,PTK2B,,pKI,5.800000874803203,NM,Brc1ccc(CNC(=O)Nc2ccc3[nH]ncc3c2)cc1
CHEMBL1979883,NRGYZNJPCGRCLV-UHFFFAOYSA-N,,,Q14289,PROTEIN TYROSINE KINASE 2 BETA,PTK2B,,pKI,5.800000874803203,NM,CN(C)CC#Cc1cnc(N)c2c(csc12)c3ccc(NC(=O)Nc4cccc(C)c4)cc3
CHEMBL1975647,NSDIHUXUFJHXRA-UHFFFAOYSA-N,,,Q14289,PROTEIN TYROSINE KINASE 2 BETA,PTK2B,,pKI,5.800000874803203,NM,Fc1cccc2c(NC(=O)Nc3cnccn3)ccnc12
CHEMBL1972125,NSHLUNUGZXJUID-UHFFFAOYSA-N,,,Q14289,PROTEIN TYROSINE KINASE 2 BETA,PTK2B,,pKI,5.800000874803203,NM,NC(COc1cncc(c1)c2ccc(N)c(c2)C(=O)c3ccccc3)Cc4c[nH]c5ccccc45
CHEMBL3288854,NSKYYUZMAXEZIR-AQTBWJFISA-N,,,Q14289,PROTEIN TYROSINE KINASE 2 BETA,PTK2B,24904961.0,pKI,6.468521082957745,NM,CN1CCN(CCC(=O)Nc2c(C)[nH]c(\C=C\3/C(=O)Nc4ccc(F)cc34)c2C)CC1
CHEMBL1999112,NSYXCWYWACQNOH-UHFFFAOYSA-N,,,Q14289,PROTEIN TYROSINE KINASE 2 BETA,PTK2B,,pKI,5.800000874803203,NM,CCOC(=O)C1=C2SC(=Cc3occc3)C(=O)N2C(=C(C#N)C1c4occc4)N
CHEMBL371206,NWAUBAGBGOPJLF-UHFFFAOYSA-N,,,Q14289,PROTEIN TYROSINE KINASE 2 BETA,PTK2B,21336281.0,pKI,5.800244822746525,NM,Cc1cc(C)cc(NC(=O)Nc2ccc(cc2)c3c(C)sc4ncnc(N)c34)c1
CHEMBL371206,NWAUBAGBGOPJLF-UHFFFAOYSA-N,,,Q14289,PROTEIN TYROSINE KINASE 2 BETA,PTK2B,,pKI,5.800000874803203,NM,Cc1cc(C)cc(NC(=O)Nc2ccc(cc2)c3c(C)sc4ncnc(N)c34)c1
CHEMBL1972576,NZVDDFRUBIEKLV-UHFFFAOYSA-N,,,Q14289,PROTEIN TYROSINE KINASE 2 BETA,PTK2B,,pKI,5.800000874803203,NM,Cc1ccc(NC(=O)Nc2ccc(NC(=O)c3csc4ncnc(N)c34)cc2)cc1
CHEMBL1992634,OADRBDVURCEKRP-UHFFFAOYSA-N,,,Q14289,PROTEIN TYROSINE KINASE 2 BETA,PTK2B,,pKI,5.800000874803203,NM,Brc1cnc2[nH]cc(c3ccccc3)c2c1
CHEMBL1986139,OBHNPUMYQHGYJJ-UHFFFAOYSA-N,,,Q14289,PROTEIN TYROSINE KINASE 2 BETA,PTK2B,,pKI,5.800000874803203,NM,Clc1csc2ncnc(Nc3ccccc3)c12
CHEMBL1974702,OBZHLULOFFWAJX-UHFFFAOYSA-N,,,Q14289,PROTEIN TYROSINE KINASE 2 BETA,PTK2B,,pKI,5.800000874803203,NM,CC1=Nc2c(sc3c(Br)ccc(Cl)c23)C(=O)O1
CHEMBL1990912,ODNOTLMFNVWFTJ-UHFFFAOYSA-N,,,Q14289,PROTEIN TYROSINE KINASE 2 BETA,PTK2B,,pKI,5.800000874803203,NM,OCCNc1cc2cc(ccc2cn1)c3cccnc3
CHEMBL411491,ODZNNZYRBRRREX-UHFFFAOYSA-N,,,Q14289,PROTEIN TYROSINE KINASE 2 BETA,PTK2B,22289061.0,pKI,5.0,NM,NS(=O)(=O)c1ccc(N\N=C\2/C(=O)Nc3ccc(Br)cc23)cc1
CHEMBL1964937,OEEGUWWPGAZRIJ-UHFFFAOYSA-N,,,Q14289,PROTEIN TYROSINE KINASE 2 BETA,PTK2B,,pKI,5.800000874803203,NM,OCC(NC(=O)N1CCC(=CC1)c2c[nH]c3ncccc23)c4ccccc4
CHEMBL1972221,OEKYVFZKBRIDJO-UHFFFAOYSA-N,,,Q14289,PROTEIN TYROSINE KINASE 2 BETA,PTK2B,,pKI,5.800000874803203,NM,CCCS(=O)(=O)Nc1ccc(cc1)c2ccc3[nH]nc(NC(=O)CC)c3c2
CHEMBL1993548,OHPRWVPOPFGLJG-UHFFFAOYSA-N,,,Q14289,PROTEIN TYROSINE KINASE 2 BETA,PTK2B,,pKI,5.800000874803203,NM,CC(N)COc1cnc(Cl)c(C=Cc2ccncc2)c1
CHEMBL50894,OLUKILHGKRVDCT-UHFFFAOYSA-N,ALSTERPAULLONE,,Q14289,PROTEIN TYROSINE KINASE 2 BETA,PTK2B,21336281.0,pKI,5.800244822746525,NM,[O-][N+](=O)c1ccc2[nH]c3c(CC(=O)Nc4ccccc34)c2c1
CHEMBL50894,OLUKILHGKRVDCT-UHFFFAOYSA-N,ALSTERPAULLONE,,Q14289,PROTEIN TYROSINE KINASE 2 BETA,PTK2B,,pKI,5.800000874803203,NM,[O-][N+](=O)c1ccc2[nH]c3c(CC(=O)Nc4ccccc34)c2c1
CHEMBL2000832,OLVBAUVSICCWEJ-UHFFFAOYSA-N,,,Q14289,PROTEIN TYROSINE KINASE 2 BETA,PTK2B,,pKI,5.800000874803203,NM,COc1cc(ccc1O)c2ccc3C(=O)Nc4cc(ccc4Nc3c2)C(=O)NCc5cccc(F)c5
CHEMBL1971649,OQNPAZRZCXFOBC-UHFFFAOYSA-N,,,Q14289,PROTEIN TYROSINE KINASE 2 BETA,PTK2B,,pKI,5.800000874803203,NM,Cc1ccc(F)c(NC(=O)Nc2ccc(cc2)c3ccc4nccnc4c3N)c1
CHEMBL1967564,OROAFGSTGRDOFR-UHFFFAOYSA-N,,,Q14289,PROTEIN TYROSINE KINASE 2 BETA,PTK2B,,pKI,5.800000874803203,NM,CCCC(=O)Nc1n[nH]c2nc3ccccc3cc12
CHEMBL1967302,ORUUEFDGYYTXAF-UHFFFAOYSA-N,,,Q14289,PROTEIN TYROSINE KINASE 2 BETA,PTK2B,,pKI,5.800000874803203,NM,NC(COc1cncc(c1)c2ccc3NC(=O)Cc3c2)Cc4c[nH]c5ccccc45
CHEMBL1984367,OSYFIVGHFZBFOD-UHFFFAOYSA-N,,,Q14289,PROTEIN TYROSINE KINASE 2 BETA,PTK2B,,pKI,5.800000874803203,NM,CN(C)c1ccc(CNC(=O)c2cc3c(n[nH]c3s2)c4ccccc4)cc1
CHEMBL1984700,OTQSCDWPCPZRIU-UHFFFAOYSA-N,,,Q14289,PROTEIN TYROSINE KINASE 2 BETA,PTK2B,,pKI,5.800000874803203,NM,CC(C)Oc1nccn2c(c3ccnc(NCC(C)(C)O)n3)c(nc12)c4ccc(F)cc4F
CHEMBL1984711,OTVCFDOYUHREFJ-UHFFFAOYSA-N,,,Q14289,PROTEIN TYROSINE KINASE 2 BETA,PTK2B,,pKI,7.400007822415902,NM,COc1cc(Nc2nccc(Nc3onc(c3)C4CCCCC4)n2)cc(OC)c1OC
CHEMBL1988173,OWDRQHVEJIYVOI-UHFFFAOYSA-N,,,Q14289,PROTEIN TYROSINE KINASE 2 BETA,PTK2B,,pKI,6.0,NM,Cc1cc(Cl)ccc1NC(=S)NNC(=O)C(O)(c2ccccc2)c3ccccc3
CHEMBL226403,OWFLADWRSCINST-UHFFFAOYSA-N,,,Q14289,PROTEIN TYROSINE KINASE 2 BETA,PTK2B,,pKI,5.800000874803203,NM,O=C1NCCc2[nH]c(cc12)c3ccnc(c3)c4cnc5ccccc5c4
CHEMBL1979516,OWFXKTOLFUQPDJ-UHFFFAOYSA-N,,,Q14289,PROTEIN TYROSINE KINASE 2 BETA,PTK2B,,pKI,5.800000874803203,NM,CCNC(=O)c1cnc(N)c2c(csc12)c3ccc(NC(=O)Nc4cccc(F)c4)cc3
CHEMBL319467,OWXORKPNCHJYOF-UHFFFAOYSA-N,NU-6102,,Q14289,PROTEIN TYROSINE KINASE 2 BETA,PTK2B,22289061.0,pKI,5.0,NM,NS(=O)(=O)c1ccc(Nc2nc(OCC3CCCCC3)c4nc[nH]c4n2)cc1
CHEMBL1973098,OWXPWWRBBBGOLO-UHFFFAOYSA-N,,,Q14289,PROTEIN TYROSINE KINASE 2 BETA,PTK2B,,pKI,5.800000874803203,NM,COc1cc(C=C2SC(=S)NC2=O)ccc1O
CHEMBL1998611,PAIFYAZSILXLBO-UHFFFAOYSA-N,,,Q14289,PROTEIN TYROSINE KINASE 2 BETA,PTK2B,,pKI,5.800000874803203,NM,NC(=O)c1sc2c(Br)ccc(Cl)c2c1N
CHEMBL207400,PAMZHNHIZCTSRT-UHFFFAOYSA-N,,,Q14289,PROTEIN TYROSINE KINASE 2 BETA,PTK2B,21336281.0,pKI,5.800244822746525,NM,Cn1nc(c2C(=O)c3cc(Cl)ccc3N(O)c12)C(F)(F)F
CHEMBL207400,PAMZHNHIZCTSRT-UHFFFAOYSA-N,,,Q14289,PROTEIN TYROSINE KINASE 2 BETA,PTK2B,,pKI,5.800000874803203,NM,Cn1nc(c2C(=O)c3cc(Cl)ccc3N(O)c12)C(F)(F)F
CHEMBL1982957,PCQMERRARZKTPW-UHFFFAOYSA-N,,,Q14289,PROTEIN TYROSINE KINASE 2 BETA,PTK2B,,pKI,6.299997602857746,NM,NC(=O)c1cccc(c1)c2cnc3[nH]cc(c4ccccc4)c3c2
CHEMBL95692,PDTYLGXVBIWRIM-UHFFFAOYSA-N,SB-242235,,Q14289,PROTEIN TYROSINE KINASE 2 BETA,PTK2B,21336281.0,pKI,5.800244822746525,NM,COc1nccc(n1)c2c(ncn2C3CCNCC3)c4ccc(F)cc4
CHEMBL95692,PDTYLGXVBIWRIM-UHFFFAOYSA-N,SB-242235,,Q14289,PROTEIN TYROSINE KINASE 2 BETA,PTK2B,,pKI,5.800000874803203,NM,COc1nccc(n1)c2c(ncn2C3CCNCC3)c4ccc(F)cc4
CHEMBL443962,PEXKNSGOEOREKM-UHFFFAOYSA-N,,,Q14289,PROTEIN TYROSINE KINASE 2 BETA,PTK2B,,pKI,5.800000874803203,NM,COc1ccc(cc1)c2cnc3c(Br)cnn3c2
CHEMBL522892,PIQCTGMSNWUMAF-UHFFFAOYSA-N,DOVITINIB,,Q14289,PROTEIN TYROSINE KINASE 2 BETA,PTK2B,,pKI,5.800000874803203,NM,CN1CCN(CC1)c2ccc3nc([nH]c3c2)C4=C(N)c5c(F)cccc5NC4=O
CHEMBL2006836,PJQQRNGGHIVKKV-UHFFFAOYSA-N,,,Q14289,PROTEIN TYROSINE KINASE 2 BETA,PTK2B,,pKI,5.899998417198648,NM,CC1=NN(C(=O)C1=Cc2c(C)c(C#N)c3nc4ccccc4n3c2O)c5ccc(cc5)C(=O)O
CHEMBL1997023,PNAPQQCRNHMIER-UHFFFAOYSA-N,,,Q14289,PROTEIN TYROSINE KINASE 2 BETA,PTK2B,,pKI,5.800000874803203,NM,CN(C)c1cc2sncc2cc1NC(=O)C(=O)O
CHEMBL2000345,PNKALLUVKOKYHZ-UHFFFAOYSA-N,,,Q14289,PROTEIN TYROSINE KINASE 2 BETA,PTK2B,,pKI,5.800000874803203,NM,COc1cc(C=C(C#N)c2nc3cc(C)ccc3[nH]2)c(Br)cc1O
CHEMBL2003456,PPCNMZPSQZFFGM-UHFFFAOYSA-N,,,Q14289,PROTEIN TYROSINE KINASE 2 BETA,PTK2B,,pKI,5.800000874803203,NM,O=C1Nc2cc(cnc2N1)c3ccccc3
CHEMBL1982924,PQNWNVWJXPSZFR-UHFFFAOYSA-N,,,Q14289,PROTEIN TYROSINE KINASE 2 BETA,PTK2B,,pKI,5.800000874803203,NM,COc1cccc(c1)C(=O)Nc2cnc3[nH]cc(c4ccccc4)c3c2
CHEMBL1973860,PQOAVBVTXNJMCM-UHFFFAOYSA-N,,,Q14289,PROTEIN TYROSINE KINASE 2 BETA,PTK2B,,pKI,5.800000874803203,NM,OCCNc1cc2cc(ccc2cn1)c3ccsc3
CHEMBL1992922,PSCJSWRVCKUMSL-UHFFFAOYSA-N,,,Q14289,PROTEIN TYROSINE KINASE 2 BETA,PTK2B,,pKI,6.199998172182031,NM,OCC(CO)Nc1ncnc2[nH]cc(c3ccccc3)c12
CHEMBL1991395,PTSWSUSIGQQZOO-UHFFFAOYSA-N,,,Q14289,PROTEIN TYROSINE KINASE 2 BETA,PTK2B,,pKI,5.800000874803203,NM,CC(C)(CO)CNc1nccc(n1)c2c(nc3cnccn23)c4ccc(F)cc4
CHEMBL1998585,PTVPBWWDGZSEAF-UHFFFAOYSA-N,,,Q14289,PROTEIN TYROSINE KINASE 2 BETA,PTK2B,,pKI,6.900008766455316,NM,Nc1ncnc2scc(c3ccc(NC(=O)Nc4cc(ccc4F)C(F)(F)F)cc3)c12
CHEMBL271381,PUPCRRRSBUYJAD-UHFFFAOYSA-N,,,Q14289,PROTEIN TYROSINE KINASE 2 BETA,PTK2B,21336281.0,pKI,6.701146923590294,NM,COc1ccc(c2ccc(NC(=O)Nc3cccc(Br)c3)cc2)c4c(N)noc14
CHEMBL271381,PUPCRRRSBUYJAD-UHFFFAOYSA-N,,,Q14289,PROTEIN TYROSINE KINASE 2 BETA,PTK2B,,pKI,6.699991797446187,NM,COc1ccc(c2ccc(NC(=O)Nc3cccc(Br)c3)cc2)c4c(N)noc14
CHEMBL2000508,PYDWRLNPMMKKCI-UHFFFAOYSA-N,,,Q14289,PROTEIN TYROSINE KINASE 2 BETA,PTK2B,,pKI,5.800000874803203,NM,Fc1ccc(cc1)c2nc3sccn3c2c4ccncc4
CHEMBL1964687,PYXQMJSGJIJHJT-UHFFFAOYSA-N,,,Q14289,PROTEIN TYROSINE KINASE 2 BETA,PTK2B,,pKI,5.800000874803203,NM,Cc1cc(C)cc(NC(=O)Nc2ccc3c(CCc4sc5ncnc(N)c5c34)c2)c1
CHEMBL2000894,QEWSTOOMTBAUAG-UHFFFAOYSA-N,,,Q14289,PROTEIN TYROSINE KINASE 2 BETA,PTK2B,,pKI,5.800000874803203,NM,Cc1cc(O)ccc1N2C=C(C(=O)NN)C(=O)c3ccc(cc23)c4ccncc4
CHEMBL1980704,QGOIQRQXIWSNJF-UHFFFAOYSA-N,,,Q14289,PROTEIN TYROSINE KINASE 2 BETA,PTK2B,,pKI,5.800000874803203,NM,Cc1cc2nnc(SCc3cn4ccccc4n3)n2c5ccccc15
CHEMBL262433,QKPLUKMJEKRAJD-UHFFFAOYSA-N,,,Q14289,PROTEIN TYROSINE KINASE 2 BETA,PTK2B,21336281.0,pKI,5.800244822746525,NM,Cc1ccc(F)c(NC(=O)Nc2ccc(cc2)c3nsc4ncnc(N)c34)c1
CHEMBL262433,QKPLUKMJEKRAJD-UHFFFAOYSA-N,,,Q14289,PROTEIN TYROSINE KINASE 2 BETA,PTK2B,,pKI,5.800000874803203,NM,Cc1ccc(F)c(NC(=O)Nc2ccc(cc2)c3nsc4ncnc(N)c34)c1
CHEMBL2002649,QNUKRWAIZMBVCU-UHFFFAOYSA-N,,,Q14289,PROTEIN TYROSINE KINASE 2 BETA,PTK2B,,pKI,5.800000874803203,NM,COc1ccc2NC(=O)C(=Cc3c[nH]cn3)c2c1
CHEMBL1992323,QNZJDYVERIAXAI-UHFFFAOYSA-N,,,Q14289,PROTEIN TYROSINE KINASE 2 BETA,PTK2B,,pKI,5.800000874803203,NM,Clc1ccc2oc3C(=O)NC=Nc3c2c1
CHEMBL411903,QONPPIZSNSSCSK-UHFFFAOYSA-N,,,Q14289,PROTEIN TYROSINE KINASE 2 BETA,PTK2B,21336281.0,pKI,7.721246399047171,NM,Nc1ncnc2NCCC(=Nc12)c3ccc(NC(=O)Nc4cc(ccc4F)C(F)(F)F)cc3
CHEMBL411903,QONPPIZSNSSCSK-UHFFFAOYSA-N,,,Q14289,PROTEIN TYROSINE KINASE 2 BETA,PTK2B,,pKI,7.700057099977233,NM,Nc1ncnc2NCCC(=Nc12)c3ccc(NC(=O)Nc4cc(ccc4F)C(F)(F)F)cc3
CHEMBL1980144,QPORZABOFXPRHM-UHFFFAOYSA-N,,,Q14289,PROTEIN TYROSINE KINASE 2 BETA,PTK2B,,pKI,5.800000874803203,NM,Cc1ccccc1NC(=O)Nc2ccc(NC(=O)c3csc4ncnc(N)c34)cc2
CHEMBL2005375,QPTZMGCTRHKKJD-UHFFFAOYSA-N,,,Q14289,PROTEIN TYROSINE KINASE 2 BETA,PTK2B,,pKI,5.800000874803203,NM,CCC1N(C2CCCC2)c3nc(Nc4ccc(cc4OC)C(=O)NC5CCCCC5)ncc3N(C)C1=O
CHEMBL223460,QTQUAHGXBLFSCH-UHFFFAOYSA-N,,,Q14289,PROTEIN TYROSINE KINASE 2 BETA,PTK2B,21336281.0,pKI,5.800244822746525,NM,CS(=O)(=O)Nc1cc2OCCCCCOc3nc(NC(=O)Nc2cc1Cl)cnc3C#N
CHEMBL223460,QTQUAHGXBLFSCH-UHFFFAOYSA-N,,,Q14289,PROTEIN TYROSINE KINASE 2 BETA,PTK2B,,pKI,5.800000874803203,NM,CS(=O)(=O)Nc1cc2OCCCCCOc3nc(NC(=O)Nc2cc1Cl)cnc3C#N
CHEMBL1682546,QVWKRMXAYICTFS-UHFFFAOYSA-N,,,Q14289,PROTEIN TYROSINE KINASE 2 BETA,PTK2B,,pKI,5.800000874803203,NM,C(Nc1nc(cs1)c2ccc3[nH]ncc3c2)c4ccccc4
CHEMBL1994074,QXKKPVVOOWBLND-UHFFFAOYSA-N,,,Q14289,PROTEIN TYROSINE KINASE 2 BETA,PTK2B,,pKI,5.800000874803203,NM,Brc1ccc2[nH]nc(c3ccccc3)c2c1
CHEMBL1988300,QXRJBJVCBQSLTA-UHFFFAOYSA-N,,,Q14289,PROTEIN TYROSINE KINASE 2 BETA,PTK2B,,pKI,5.800000874803203,NM,Nc1ccc(cc1)c2csc3c(C=Cc4nc5ccccc5[nH]4)cnc(N)c23
CHEMBL1969301,QYGMZFLXMWJYRJ-UHFFFAOYSA-N,,,Q14289,PROTEIN TYROSINE KINASE 2 BETA,PTK2B,,pKI,5.800000874803203,NM,CCCCn1c(NC(=O)c2cccc(c2)C#N)nc3cc(ccc13)N(C)C(=O)C4CCCCC4
CHEMBL1973145,RAPYFGJGASETOS-UHFFFAOYSA-N,,,Q14289,PROTEIN TYROSINE KINASE 2 BETA,PTK2B,,pKI,5.800000874803203,NM,Cc1cccc(NC(=O)Nc2ccc(cc2)c3csc4nc(N)nc(N)c34)c1
CHEMBL1970142,RBXYGQNZRVPDNB-UHFFFAOYSA-N,,,Q14289,PROTEIN TYROSINE KINASE 2 BETA,PTK2B,,pKI,5.800000874803203,NM,CNC(=O)C(C)n1cc(cn1)c2cnc(N)c3c(csc23)c4ccc(NC(=O)Nc5ccc(C)cc5)cc4
CHEMBL1983945,RFVBRKXQYUDGIO-UHFFFAOYSA-N,,,Q14289,PROTEIN TYROSINE KINASE 2 BETA,PTK2B,,pKI,5.800000874803203,NM,NC(Cc1c[nH]c2ccccc12)C(=O)Nc3cncc(C=Cc4ccncc4)c3
CHEMBL1987007,RIBBPSYZBQQTQC-UHFFFAOYSA-N,,,Q14289,PROTEIN TYROSINE KINASE 2 BETA,PTK2B,,pKI,5.800000874803203,NM,CN1CCC(CC1)NC(=O)c2cc3c(n[nH]c3s2)c4ccccc4
CHEMBL1988437,RITAVMQDGBJQJZ-UHFFFAOYSA-N,,,Q14289,PROTEIN TYROSINE KINASE 2 BETA,PTK2B,,pKI,5.800000874803203,NM,CNC(=O)c1ccccc1Sc2ccc3c(C=Cc4ccccn4)n[nH]c3c2
CHEMBL231209,RIUZPIBUSOHUKF-UHFFFAOYSA-N,,,Q14289,PROTEIN TYROSINE KINASE 2 BETA,PTK2B,21336281.0,pKI,5.800244822746525,NM,Nc1nccc2scc(c3ccc(NC(=O)Nc4cccc(F)c4)cc3)c12
CHEMBL231209,RIUZPIBUSOHUKF-UHFFFAOYSA-N,,,Q14289,PROTEIN TYROSINE KINASE 2 BETA,PTK2B,,pKI,5.800000874803203,NM,Nc1nccc2scc(c3ccc(NC(=O)Nc4cccc(F)c4)cc3)c12
CHEMBL1997129,RJZDECGDCKOHBV-UHFFFAOYSA-N,,,Q14289,PROTEIN TYROSINE KINASE 2 BETA,PTK2B,,pKI,6.199998172182031,NM,O=C1NCCc2[nH]c(cc12)c3ccnc(C=Cc4ccccc4)c3
CHEMBL1999811,RLBVMDNZMOAABQ-UHFFFAOYSA-N,,,Q14289,PROTEIN TYROSINE KINASE 2 BETA,PTK2B,,pKI,5.800000874803203,NM,Oc1ccc(C=NNC(=O)Nc2cccc3nsnc23)c(O)c1
CHEMBL2006785,ROPVGAMDOWWUTK-UHFFFAOYSA-N,,,Q14289,PROTEIN TYROSINE KINASE 2 BETA,PTK2B,,pKI,5.800000874803203,NM,Cc1ccc(cc1)C(=O)Nc2c(C#N)sc3ccc(Cl)c(Cl)c23
CHEMBL1996791,RPGBQFNDFPEOON-UHFFFAOYSA-N,,,Q14289,PROTEIN TYROSINE KINASE 2 BETA,PTK2B,,pKI,5.800000874803203,NM,Nc1ncnc2c1c(I)nn2C3CCC(O)CC3
CHEMBL1990496,RQVKVJIRFKVPBF-UHFFFAOYSA-N,,,Q14289,PROTEIN TYROSINE KINASE 2 BETA,PTK2B,,pKI,5.800000874803203,NM,CN1C(=NC(=C(C1=O)c2ccc3ccccc3c2)c4ccncc4)NCC(N)Cc5ccccc5
CHEMBL1989029,RRUJKDOVAZSBLK-UHFFFAOYSA-N,,,Q14289,PROTEIN TYROSINE KINASE 2 BETA,PTK2B,,pKI,5.800000874803203,NM,CC(C)OC1=NNC(=O)C1=Cc2c[nH]c3ccccc23
CHEMBL1978099,RTDSHUGNRVXRHN-UHFFFAOYSA-N,,,Q14289,PROTEIN TYROSINE KINASE 2 BETA,PTK2B,,pKI,6.699991797446187,NM,CNC(=O)COc1ccc(Nc2nc(Nc3ccc(C)c(c3)S(=O)(=O)N)ncc2F)cc1
CHEMBL1682558,RVPSPMYVDLPRIK-UHFFFAOYSA-N,,,Q14289,PROTEIN TYROSINE KINASE 2 BETA,PTK2B,,pKI,5.800000874803203,NM,Fc1ccc(cc1)c2ncn(CCN3CCOCC3)c2c4ccc5[nH]ncc5c4
CHEMBL1977223,RVSKJUNTDGBSSS-UHFFFAOYSA-N,,,Q14289,PROTEIN TYROSINE KINASE 2 BETA,PTK2B,,pKI,5.800000874803203,NM,CCCC(=O)Nc1n[nH]c2ccc(cc12)c3cn(Cc4ccccc4)nn3
CHEMBL1976220,RWEHAHIEUDLKGT-UHFFFAOYSA-N,,,Q14289,PROTEIN TYROSINE KINASE 2 BETA,PTK2B,,pKI,5.800000874803203,NM,Nc1nccc2scc(c3ccc(NC(=O)Nc4cccc(Br)c4)cc3)c12
CHEMBL1967531,RYAVJHIPOWNWDE-UHFFFAOYSA-N,,,Q14289,PROTEIN TYROSINE KINASE 2 BETA,PTK2B,,pKI,5.800000874803203,NM,Nc1ncnc2scc(c3ccc(NC(=O)Nc4ccccc4)cc3)c12
CHEMBL2004447,SAVYFZRLWUDEDV-UHFFFAOYSA-N,,,Q14289,PROTEIN TYROSINE KINASE 2 BETA,PTK2B,,pKI,5.800000874803203,NM,CC(C)(C)c1n[nH]c2OC(=C(C#N)C(c3ccccc3F)c12)N
CHEMBL2003482,SDPIVLIBDDEFHL-UHFFFAOYSA-N,,,Q14289,PROTEIN TYROSINE KINASE 2 BETA,PTK2B,,pKI,5.800000874803203,NM,Clc1ccc(CC(=O)Nc2[nH]nc3CCCc23)cc1
CHEMBL2001257,SEVCBWKJSOLMNQ-UHFFFAOYSA-N,,,Q14289,PROTEIN TYROSINE KINASE 2 BETA,PTK2B,,pKI,5.800000874803203,NM,CCN(CC)CC#Cc1cnc(N)c2c(csc12)c3ccc(NC(=O)Nc4cccc(C)c4)cc3
CHEMBL1965988,SFPWNTQWFFNJIH-UHFFFAOYSA-N,,,Q14289,PROTEIN TYROSINE KINASE 2 BETA,PTK2B,,pKI,5.800000874803203,NM,Cc1cccc(NC(=O)Nc2ccc(cc2)c3csc4c(cnc(N)c34)C#CCN)c1
CHEMBL1974935,SGHXFHRRWFLILP-UHFFFAOYSA-N,,,Q14289,PROTEIN TYROSINE KINASE 2 BETA,PTK2B,,pKI,5.800000874803203,NM,NC(COc1cncc(C=Cc2ccncc2)c1)Cc3c[nH]c4ccccc34
CHEMBL1988608,SHENEEFOURUIBP-UHFFFAOYSA-N,,,Q14289,PROTEIN TYROSINE KINASE 2 BETA,PTK2B,,pKI,5.800000874803203,NM,CC(=O)Nc1cccc(CNC2=C(Nc3ccc4[nH]ncc4c3)C(=O)C2=O)c1
CHEMBL1972659,SIIYWGTUMQUUKJ-UHFFFAOYSA-N,,,Q14289,PROTEIN TYROSINE KINASE 2 BETA,PTK2B,,pKI,5.800000874803203,NM,Cc1c(O)ccc2C(=NNC(=O)Cc3cccc4ccccc34)CCCc12
CHEMBL1979357,SJDGHXXYFFXVPE-UHFFFAOYSA-N,,,Q14289,PROTEIN TYROSINE KINASE 2 BETA,PTK2B,,pKI,5.800000874803203,NM,Cn1cc(C(CN)c2cncc(C=Cc3ccncc3)c2)c4ccccc14
CHEMBL1983449,SOVYWBOZOBVFLP-UHFFFAOYSA-N,,,Q14289,PROTEIN TYROSINE KINASE 2 BETA,PTK2B,,pKI,5.800000874803203,NM,Cc1ccc(CNC2=C(Nc3ccncc3)C(=O)C2=O)cc1C
CHEMBL220057,SPMHGQZFMNZCBV-UHFFFAOYSA-N,,,Q14289,PROTEIN TYROSINE KINASE 2 BETA,PTK2B,21336281.0,pKI,5.800244822746525,NM,Cc1cccc(NC(=O)Nc2ccc(cc2)c3cccc4[nH]nc(N)c34)c1
CHEMBL220057,SPMHGQZFMNZCBV-UHFFFAOYSA-N,,,Q14289,PROTEIN TYROSINE KINASE 2 BETA,PTK2B,,pKI,5.800000874803203,NM,Cc1cccc(NC(=O)Nc2ccc(cc2)c3cccc4[nH]nc(N)c34)c1
CHEMBL116070,SPOBBSBKXJKGBG-UHFFFAOYSA-N,,,Q14289,PROTEIN TYROSINE KINASE 2 BETA,PTK2B,21336281.0,pKI,5.800244822746525,NM,NC(=O)c1cc2c(Oc3ccc(Br)cc3)cncc2s1
CHEMBL116070,SPOBBSBKXJKGBG-UHFFFAOYSA-N,,,Q14289,PROTEIN TYROSINE KINASE 2 BETA,PTK2B,,pKI,5.800000874803203,NM,NC(=O)c1cc2c(Oc3ccc(Br)cc3)cncc2s1
CHEMBL1969372,SPYHMOFSJGTUNP-UHFFFAOYSA-N,,,Q14289,PROTEIN TYROSINE KINASE 2 BETA,PTK2B,,pKI,5.800000874803203,NM,COCCNc1nccc(n1)c2c(nc3cnccn23)c4ccc(F)cc4
CHEMBL2000354,SQXSMLLCDWJNAC-UHFFFAOYSA-N,,,Q14289,PROTEIN TYROSINE KINASE 2 BETA,PTK2B,,pKI,5.800000874803203,NM,COc1ccc(C=C2SC(=Nc3ccccc3)NC2=O)cc1O
CHEMBL249282,SRROIPFGGDHJCJ-UHFFFAOYSA-N,,,Q14289,PROTEIN TYROSINE KINASE 2 BETA,PTK2B,21336281.0,pKI,5.800244822746525,NM,N#Cc1ccc(cn1)c2n[nH]c3c2Cc4ccc(OCCN5CCOCC5)cc34
CHEMBL249282,SRROIPFGGDHJCJ-UHFFFAOYSA-N,,,Q14289,PROTEIN TYROSINE KINASE 2 BETA,PTK2B,,pKI,5.800000874803203,NM,N#Cc1ccc(cn1)c2n[nH]c3c2Cc4ccc(OCCN5CCOCC5)cc34
CHEMBL1987793,STISJUSFFZAZMP-UHFFFAOYSA-N,,,Q14289,PROTEIN TYROSINE KINASE 2 BETA,PTK2B,,pKI,6.0,NM,Cc1ccccc1c2c(C(=O)O)n(CCCOc3cccc4ccccc34)c5ccccc25
CHEMBL484390,SUULIUKTZNKMMB-UHFFFAOYSA-N,,,Q14289,PROTEIN TYROSINE KINASE 2 BETA,PTK2B,21336281.0,pKI,5.800244822746525,NM,CCCCn1c(NC(=O)c2ccc(cc2)C#N)nc3cc(ccc13)N(C)C(=O)C4CCCCC4
CHEMBL484390,SUULIUKTZNKMMB-UHFFFAOYSA-N,,,Q14289,PROTEIN TYROSINE KINASE 2 BETA,PTK2B,,pKI,5.800000874803203,NM,CCCCn1c(NC(=O)c2ccc(cc2)C#N)nc3cc(ccc13)N(C)C(=O)C4CCCCC4
CHEMBL1375640,SVUIYNKSDCANAY-UHFFFAOYSA-N,,,Q14289,PROTEIN TYROSINE KINASE 2 BETA,PTK2B,,pKI,5.800000874803203,NM,Cc1nc(COc2ccccc2Cl)sc1c3ccnc(N)n3
CHEMBL1994040,SXBYKNSSEVQWPL-UHFFFAOYSA-N,,,Q14289,PROTEIN TYROSINE KINASE 2 BETA,PTK2B,,pKI,5.800000874803203,NM,CC(C)(O)CNc1nccc(n1)c2c(nc3c(CC4CC4)nccn23)c5ccc(F)cc5F
CHEMBL1992937,SYLTYCLPHHSEIJ-UHFFFAOYSA-N,,,Q14289,PROTEIN TYROSINE KINASE 2 BETA,PTK2B,,pKI,5.800000874803203,NM,Cc1ccc(Nc2nc3ccc(cc3[nH]2)[N+](=O)[O-])nc1
CHEMBL1977135,SYSUZXPGQXEWCZ-UHFFFAOYSA-N,,,Q14289,PROTEIN TYROSINE KINASE 2 BETA,PTK2B,,pKI,5.800000874803203,NM,O=C(NCc1ccccc1)c2ccc(cc2)c3ccncc3
CHEMBL246159,TUJUZVJICDSNLY-OKILXGFUSA-N,,,Q14289,PROTEIN TYROSINE KINASE 2 BETA,PTK2B,21336281.0,pKI,5.800244822746525,NM,NC[C@@H]1CC[C@H](CNc2nc(NCc3ccccc3Cl)ncc2[N+](=O)[O-])CC1
CHEMBL246970,TUJUZVJICDSNLY-UHFFFAOYSA-N,,,Q14289,PROTEIN TYROSINE KINASE 2 BETA,PTK2B,,pKI,5.800000874803203,NM,NCC1CCC(CNc2nc(NCc3ccccc3Cl)ncc2[N+](=O)[O-])CC1
CHEMBL1967560,TVENGSGQLJMALI-UHFFFAOYSA-N,,,Q14289,PROTEIN TYROSINE KINASE 2 BETA,PTK2B,,pKI,5.800000874803203,NM,CCN1N(C2CCCC2)c3nc(Nc4ccc(cc4OC)C(=O)NC5CCN(C)CC5)ncc3N(C)C1=O
CHEMBL1964804,TWCARTFPHQNBPF-UHFFFAOYSA-N,,,Q14289,PROTEIN TYROSINE KINASE 2 BETA,PTK2B,,pKI,5.800000874803203,NM,CS(=O)(=O)NCCOc1cncc(c1)c2ccc3cnccc3c2
CHEMBL1990884,TXHOCWWJSGCZLC-UHFFFAOYSA-N,,,Q14289,PROTEIN TYROSINE KINASE 2 BETA,PTK2B,,pKI,5.800000874803203,NM,Cc1cc(C)c2oc(Nc3ccc(cc3F)c4cccc(C(=O)N)c4N)nc2c1
CHEMBL1995832,UCOWZARZLHNDKP-UHFFFAOYSA-N,,,Q14289,PROTEIN TYROSINE KINASE 2 BETA,PTK2B,,pKI,5.800000874803203,NM,COc1nccn2c(c3ccnc(NCC(C)(C)CO)n3)c(nc12)c4ccc(F)cc4F
CHEMBL1996831,UEIRKXUBXCSHJE-UHFFFAOYSA-N,,,Q14289,PROTEIN TYROSINE KINASE 2 BETA,PTK2B,,pKI,5.800000874803203,NM,OC(=O)c1c2CCC(=C3CCCC3)c2nc4ccccc14
CHEMBL1997597,UEZPPFDNXOFISI-UHFFFAOYSA-N,,,Q14289,PROTEIN TYROSINE KINASE 2 BETA,PTK2B,,pKI,5.800000874803203,NM,CCS(=O)(=O)Nc1ccc(cc1)c2ccc3[nH]nc(N)c3c2
CHEMBL210963,UIRLFLOVKAOFEX-UHFFFAOYSA-N,,,Q14289,PROTEIN TYROSINE KINASE 2 BETA,PTK2B,21336281.0,pKI,5.800244822746525,NM,CCOc1nc(NC(=O)Cc2cc(OC)c(cc2OC)S(=O)(=O)C)cc(N)c1C#N
CHEMBL210963,UIRLFLOVKAOFEX-UHFFFAOYSA-N,,,Q14289,PROTEIN TYROSINE KINASE 2 BETA,PTK2B,,pKI,5.800000874803203,NM,CCOc1nc(NC(=O)Cc2cc(OC)c(cc2OC)S(=O)(=O)C)cc(N)c1C#N
CHEMBL234085,UJLAWZDWDVHWOW-UHFFFAOYSA-N,,,Q14289,PROTEIN TYROSINE KINASE 2 BETA,PTK2B,,pKI,5.800000874803203,NM,CC1CCN(CC1N(C)c2ncnc3[nH]ccc23)C(=O)CC#N
CHEMBL2005631,ULHGAQSVFPOUDY-UHFFFAOYSA-N,,,Q14289,PROTEIN TYROSINE KINASE 2 BETA,PTK2B,,pKI,5.800000874803203,NM,CNC(=O)c1cnc(N)c2c(csc12)c3ccc(NC(=O)Nc4cc(C)ccc4F)cc3
CHEMBL1977148,ULMCFLZUGRSEQA-UHFFFAOYSA-N,,,Q14289,PROTEIN TYROSINE KINASE 2 BETA,PTK2B,,pKI,5.800000874803203,NM,COc1ccc(NC(=O)Nc2ccc(cc2)c3csc4c(cnc(N)c34)c5cnn(CCO)c5)cc1
CHEMBL2002373,ULSIWAGDPRIVCH-UHFFFAOYSA-N,,,Q14289,PROTEIN TYROSINE KINASE 2 BETA,PTK2B,,pKI,5.800000874803203,NM,OCCCn1cnc(c2ccccc2)c1c3ccncc3
CHEMBL1998159,UMTWTCVTRDYHQQ-UHFFFAOYSA-N,,,Q14289,PROTEIN TYROSINE KINASE 2 BETA,PTK2B,,pKI,5.800000874803203,NM,Cc1n[nH]c2cnc(cc12)c3cncc(OCC(N)Cc4cccc(c4)C(F)(F)F)c3
CHEMBL1999714,UNPJSGSIMWLTCH-UHFFFAOYSA-N,,,Q14289,PROTEIN TYROSINE KINASE 2 BETA,PTK2B,,pKI,5.800000874803203,NM,Cc1ccc2Nc3ccccc3C(=O)Nc2c1
CHEMBL1988717,UOOZSMNSBYVUGZ-UHFFFAOYSA-N,,,Q14289,PROTEIN TYROSINE KINASE 2 BETA,PTK2B,,pKI,5.800000874803203,NM,Cn1cc(cn1)c2cnn3c(N)c(cnc23)c4ccc(NC(=O)Nc5cccc(c5)C(F)(F)F)cc4
CHEMBL1969561,UPPGGRZNGRFDAU-UHFFFAOYSA-N,,,Q14289,PROTEIN TYROSINE KINASE 2 BETA,PTK2B,,pKI,5.800000874803203,NM,CC(C)N(C)C(=O)c1c(nnn1Cc2ccccc2)c3ccc4[nH]ncc4c3
CHEMBL1982610,UPPYTUNUGKDPSA-UHFFFAOYSA-N,,,Q14289,PROTEIN TYROSINE KINASE 2 BETA,PTK2B,,pKI,5.800000874803203,NM,Clc1cccc(c1)c2cn3C(=O)NC=C(I)c3n2
CHEMBL316264,UPYHVTCMTMZKAX-UHFFFAOYSA-N,,,Q14289,PROTEIN TYROSINE KINASE 2 BETA,PTK2B,21336281.0,pKI,5.800244822746525,NM,Fc1ccc(cc1)c2nc(c3ccc(F)cc3)c([nH]2)c4ccncc4
CHEMBL316264,UPYHVTCMTMZKAX-UHFFFAOYSA-N,,,Q14289,PROTEIN TYROSINE KINASE 2 BETA,PTK2B,,pKI,5.800000874803203,NM,Fc1ccc(cc1)c2nc(c3ccc(F)cc3)c([nH]2)c4ccncc4
CHEMBL1982383,UTMRCMCLMBDPNW-UHFFFAOYSA-N,,,Q14289,PROTEIN TYROSINE KINASE 2 BETA,PTK2B,,pKI,5.800000874803203,NM,CC(C)(CO)CNc1nccc(n1)c2c(nc3c(CCN)nccn23)c4ccc(F)cc4
CHEMBL2002446,UTQPKPHUIMHAAN-UHFFFAOYSA-N,,,Q14289,PROTEIN TYROSINE KINASE 2 BETA,PTK2B,,pKI,5.800000874803203,NM,CN1CCN(Cc2ccc3c(Cc4c(n[nH]c34)c5csc(c5)C#CCOCC6CC6)c2)CC1
CHEMBL1996979,UUWNXFJBBYAMDT-UHFFFAOYSA-N,,,Q14289,PROTEIN TYROSINE KINASE 2 BETA,PTK2B,,pKI,5.800000874803203,NM,Fc1cccc(F)c1C(=O)Nc2cnc3[nH]cc(c4ccccc4)c3c2
CHEMBL394790,UWDBNTXEKYRMSG-UHFFFAOYSA-N,,,Q14289,PROTEIN TYROSINE KINASE 2 BETA,PTK2B,21336281.0,pKI,5.800244822746525,NM,Nc1nccc2scc(c3ccc(NC(=O)Nc4cccc(Cl)c4)cc3)c12
CHEMBL394790,UWDBNTXEKYRMSG-UHFFFAOYSA-N,,,Q14289,PROTEIN TYROSINE KINASE 2 BETA,PTK2B,,pKI,5.800000874803203,NM,Nc1nccc2scc(c3ccc(NC(=O)Nc4cccc(Cl)c4)cc3)c12
CHEMBL2003817,UWQBVYXTLXNIOO-UHFFFAOYSA-N,,,Q14289,PROTEIN TYROSINE KINASE 2 BETA,PTK2B,,pKI,5.800000874803203,NM,FC(F)(F)c1ccc2c(NC(=O)Nc3cnccn3)ccnc2c1
CHEMBL210887,VBIYDORVDCFKHM-UHFFFAOYSA-N,,,Q14289,PROTEIN TYROSINE KINASE 2 BETA,PTK2B,21336281.0,pKI,5.800244822746525,NM,OCCCn1c(NC(=O)c2cccc(c2)[N+](=O)[O-])nc3ccccc13
CHEMBL210887,VBIYDORVDCFKHM-UHFFFAOYSA-N,,,Q14289,PROTEIN TYROSINE KINASE 2 BETA,PTK2B,,pKI,5.800000874803203,NM,OCCCn1c(NC(=O)c2cccc(c2)[N+](=O)[O-])nc3ccccc13
CHEMBL184847,VCSQVKQFGYRGEH-UHFFFAOYSA-N,,,Q14289,PROTEIN TYROSINE KINASE 2 BETA,PTK2B,21336281.0,pKI,5.800244822746525,NM,Cc1ccc(NC(=O)Nc2ccc(cc2)c3cccc4C(=O)NCc34)cc1C
CHEMBL184847,VCSQVKQFGYRGEH-UHFFFAOYSA-N,,,Q14289,PROTEIN TYROSINE KINASE 2 BETA,PTK2B,,pKI,5.800000874803203,NM,Cc1ccc(NC(=O)Nc2ccc(cc2)c3cccc4C(=O)NCc34)cc1C
CHEMBL1976240,VGNKOJURPOHWJF-UHFFFAOYSA-N,,,Q14289,PROTEIN TYROSINE KINASE 2 BETA,PTK2B,,pKI,5.800000874803203,NM,COc1cccc(c1)C(CN)NC(=O)c2ccc(cc2)c3ccncc3
CHEMBL1972937,VGURQCQNQDZAOF-UHFFFAOYSA-N,,,Q14289,PROTEIN TYROSINE KINASE 2 BETA,PTK2B,,pKI,5.800000874803203,NM,COc1cccc(C=C2SC(=Nc3ccccc3)NC2=O)c1
CHEMBL1969042,VIJBEUTVNBPGIU-UHFFFAOYSA-N,,,Q14289,PROTEIN TYROSINE KINASE 2 BETA,PTK2B,,pKI,5.800000874803203,NM,Oc1ccc(Nc2[nH]nc(c3ccc(O)cc3)c2c4ccc(O)cc4)cc1
CHEMBL1989708,VKBFHTIUXUCYRQ-UHFFFAOYSA-N,,,Q14289,PROTEIN TYROSINE KINASE 2 BETA,PTK2B,,pKI,6.799998134593398,NM,CC(O)Cn1cc(cn1)c2cnc(N)c3c(csc23)c4ccc(NC(=O)Nc5cccc(C)c5)cc4
CHEMBL1989708,VKBFHTIUXUCYRQ-UHFFFAOYSA-N,,,Q14289,PROTEIN TYROSINE KINASE 2 BETA,PTK2B,,pKI,6.399996913372259,NM,CC(O)Cn1cc(cn1)c2cnc(N)c3c(csc23)c4ccc(NC(=O)Nc5cccc(C)c5)cc4
CHEMBL2006276,VKWVIEBXAPQKKA-UHFFFAOYSA-N,,,Q14289,PROTEIN TYROSINE KINASE 2 BETA,PTK2B,,pKI,5.800000874803203,NM,COc1cccc2NC(=O)c3ccc(Nc4ccncc4)cc3Nc12
CHEMBL1965423,VLEFVPMCVJDTHZ-UHFFFAOYSA-N,,,Q14289,PROTEIN TYROSINE KINASE 2 BETA,PTK2B,,pKI,5.800000874803203,NM,CC(C)Cn1c(N)nc2ccc(cc12)c3c(nc4sccn34)c5ccc(F)cc5
CHEMBL259922,VMOVZKURWYNTLN-UHFFFAOYSA-N,,,Q14289,PROTEIN TYROSINE KINASE 2 BETA,PTK2B,21336281.0,pKI,5.800244822746525,NM,Cc1ccc(cc1Nc2ncnc3c2cnn3c4ccccc4)C(=O)Nc5ccon5
CHEMBL259922,VMOVZKURWYNTLN-UHFFFAOYSA-N,,,Q14289,PROTEIN TYROSINE KINASE 2 BETA,PTK2B,,pKI,5.800000874803203,NM,Cc1ccc(cc1Nc2ncnc3c2cnn3c4ccccc4)C(=O)Nc5ccon5
CHEMBL1969537,VNGYQBMDQMDALH-UHFFFAOYSA-N,,,Q14289,PROTEIN TYROSINE KINASE 2 BETA,PTK2B,,pKI,5.800000874803203,NM,S=C1NN=C2N1C3=NNC(=S)N3c4sc5CCCc5c24
CHEMBL274064,VSPFURGQAYMVAN-UHFFFAOYSA-N,SB-220025,,Q14289,PROTEIN TYROSINE KINASE 2 BETA,PTK2B,21336281.0,pKI,5.800244822746525,NM,Nc1nccc(n1)c2c(ncn2C3CCNCC3)c4ccc(F)cc4
CHEMBL274064,VSPFURGQAYMVAN-UHFFFAOYSA-N,SB-220025,,Q14289,PROTEIN TYROSINE KINASE 2 BETA,PTK2B,,pKI,5.800000874803203,NM,Nc1nccc(n1)c2c(ncn2C3CCNCC3)c4ccc(F)cc4
CHEMBL76904,VTJXFTPMFYAJJU-UHFFFAOYSA-N,TYRPHOSTIN 23,,Q14289,PROTEIN TYROSINE KINASE 2 BETA,PTK2B,22289061.0,pKI,6.790002703917631,NM,Oc1ccc(C=C(C#N)C#N)cc1O
CHEMBL1988594,VUHZDNOPEVGHEO-UHFFFAOYSA-N,,,Q14289,PROTEIN TYROSINE KINASE 2 BETA,PTK2B,,pKI,5.800000874803203,NM,Nc1ncnc2scc(C(=O)Nc3ccc(NC(=O)Nc4ccccc4)cc3)c12
CHEMBL1992536,VVQQRUZZQQSDEI-UHFFFAOYSA-N,,,Q14289,PROTEIN TYROSINE KINASE 2 BETA,PTK2B,,pKI,5.800000874803203,NM,COc1ccc(CNC2=C(Nc3ccc4[nH]ncc4c3)C(=O)C2=O)cc1
CHEMBL1965836,VXYDJXMHISGSDA-UHFFFAOYSA-N,,,Q14289,PROTEIN TYROSINE KINASE 2 BETA,PTK2B,,pKI,6.0999990348465305,NM,Cc1n[nH]c2ccc(cc12)c3cncc(OCC(N)Cc4cccc(OC(F)(F)F)c4)c3
CHEMBL1992306,WFTZMAAMCVPJJT-UHFFFAOYSA-N,,,Q14289,PROTEIN TYROSINE KINASE 2 BETA,PTK2B,,pKI,5.800000874803203,NM,CNC(=O)c1cc(Oc2ccc(NC(=O)Nc3cccc(c3)C(F)(F)F)cc2)ccn1
CHEMBL2000408,WIHAOLDOGQOGIU-UHFFFAOYSA-N,,,Q14289,PROTEIN TYROSINE KINASE 2 BETA,PTK2B,,pKI,5.800000874803203,NM,Cc1cn2c(c3ccnc(NCC(C)(C)CO)n3)c(nc2c(C)n1)c4ccc(F)cc4F
CHEMBL1990885,WINHZLLDWRZWRT-UHFFFAOYSA-N,,,Q14289,PROTEIN TYROSINE KINASE 2 BETA,PTK2B,,pKI,6.900008766455316,NM,CCN(CC)CCNC(=O)c1c(C)[nH]c(C=C2C(=O)Nc3ccc(F)cc23)c1C
CHEMBL1996500,WIRUYYYAAJOIKO-UHFFFAOYSA-N,,,Q14289,PROTEIN TYROSINE KINASE 2 BETA,PTK2B,,pKI,5.800000874803203,NM,Cc1nccn2c(c3ccnc(NCC(C)(C)O)n3)c(nc12)c4ccc(F)cc4F
CHEMBL1979057,WKEYMNLZBZKLOG-UHFFFAOYSA-N,,,Q14289,PROTEIN TYROSINE KINASE 2 BETA,PTK2B,,pKI,5.800000874803203,NM,O=C1NCc2c1cccc2c3ccc(Nc4nc5ccccc5[nH]4)cc3
CHEMBL1980297,WPHKIQPVPYJNAX-UHFFFAOYSA-N,ILORASERTIB,,Q14289,PROTEIN TYROSINE KINASE 2 BETA,PTK2B,,pKI,5.899998417198648,NM,Nc1ncc(c2cnn(CCO)c2)c3scc(c4ccc(NC(=O)Nc5cccc(F)c5)cc4)c13
CHEMBL398951,WUBHCQHBUVGGRX-UHFFFAOYSA-N,,,Q14289,PROTEIN TYROSINE KINASE 2 BETA,PTK2B,21336281.0,pKI,5.800244822746525,NM,N#Cc1ccc(cn1)c2n[nH]c3c2Cc4ccc(OCCCCN5CCOCC5)cc34
CHEMBL398951,WUBHCQHBUVGGRX-UHFFFAOYSA-N,,,Q14289,PROTEIN TYROSINE KINASE 2 BETA,PTK2B,,pKI,5.800000874803203,NM,N#Cc1ccc(cn1)c2n[nH]c3c2Cc4ccc(OCCCCN5CCOCC5)cc34
CHEMBL2002702,WUWDLXZGHZSWQZ-UHFFFAOYSA-N,,,Q14289,PROTEIN TYROSINE KINASE 2 BETA,PTK2B,,pKI,6.499996931948306,NM,Cc1cc(C)c(C=C2C(=O)Nc3ccccc23)[nH]1
CHEMBL1967094,WVFWTUJEHMVUBG-UHFFFAOYSA-N,,,Q14289,PROTEIN TYROSINE KINASE 2 BETA,PTK2B,,pKI,5.800000874803203,NM,Clc1ccc(CNC(=O)c2cc3c(n[nH]c3s2)c4ccccc4)cc1
CHEMBL306498,WVMANZPBOBRWCB-UHFFFAOYSA-N,ALOISINE,,Q14289,PROTEIN TYROSINE KINASE 2 BETA,PTK2B,22289061.0,pKI,6.030002001401658,NM,CCCCc1c([nH]c2nccnc12)c3ccc(OC)cc3
CHEMBL1991678,WYBGYJNIKOAPQI-UHFFFAOYSA-N,,,Q14289,PROTEIN TYROSINE KINASE 2 BETA,PTK2B,,pKI,5.800000874803203,NM,Cc1nccn2c(c3ccnc(NCC(C)(C)CO)n3)c(nc12)c4ccc(F)cc4F
CHEMBL1966703,WYBRFXSHAXWYIZ-UHFFFAOYSA-N,,,Q14289,PROTEIN TYROSINE KINASE 2 BETA,PTK2B,,pKI,5.800000874803203,NM,Cc1n[nH]c2NC3=C(C(c4ccccc4F)c12)C(=O)CC(C)(C)C3
CHEMBL1993584,WYLVFMBGPRCDQF-UHFFFAOYSA-N,,,Q14289,PROTEIN TYROSINE KINASE 2 BETA,PTK2B,,pKI,5.800000874803203,NM,OC(COc1cncc(C=Cc2ccncc2)c1)Cc3c[nH]c4ccccc34
CHEMBL2005475,WYOMXSAYYXBPMN-UHFFFAOYSA-N,,,Q14289,PROTEIN TYROSINE KINASE 2 BETA,PTK2B,,pKI,5.800000874803203,NM,O=C(NCC1CCCCC1)c2cc3c(n[nH]c3s2)c4ccccc4
CHEMBL1993722,XAHJIRNRDAKTEF-UHFFFAOYSA-N,,,Q14289,PROTEIN TYROSINE KINASE 2 BETA,PTK2B,,pKI,5.800000874803203,NM,Nc1n[nH]c2cccc(c3ccc(NC(=O)Nc4cc(ccc4F)C(=O)O)cc3)c12
CHEMBL1981410,XAYDUCQADQTDGX-UHFFFAOYSA-N,,,Q14289,PROTEIN TYROSINE KINASE 2 BETA,PTK2B,,pKI,5.800000874803203,NM,CNc1ncnc2NCCC(=Nc12)c3ccc(NC(=O)Nc4cccc(c4)C(F)(F)F)cc3
CHEMBL1990288,XBAIEEJJCJHBDL-UHFFFAOYSA-N,,,Q14289,PROTEIN TYROSINE KINASE 2 BETA,PTK2B,,pKI,5.800000874803203,NM,CC(Nc1nccc(n1)c2c(nc3occn23)c4ccc(F)cc4)c5ccccc5
CHEMBL1965131,XBDWKVLCDCUNHH-UHFFFAOYSA-N,,,Q14289,PROTEIN TYROSINE KINASE 2 BETA,PTK2B,,pKI,5.800000874803203,NM,Cc1ccc(cc1)C(=O)Nc2c(sc3ccc(Cl)c(Cl)c23)C(=O)N
CHEMBL1993941,XBYVOPRDASFDMY-UHFFFAOYSA-N,,,Q14289,PROTEIN TYROSINE KINASE 2 BETA,PTK2B,,pKI,5.800000874803203,NM,CCCn1cc(cn1)c2cnc(N)c3c(csc23)c4ccc(NC(=O)Nc5cccc(F)c5)cc4
CHEMBL1964692,XCHWBXBDZRJVDP-UHFFFAOYSA-N,,,Q14289,PROTEIN TYROSINE KINASE 2 BETA,PTK2B,,pKI,5.899998417198648,NM,Cn1nc(N)c2c(cncc12)c3ccc(NC(=O)Nc4cccc(c4)C(F)(F)F)cc3
CHEMBL1993781,XFTPNRUQKBIHDT-UHFFFAOYSA-N,,,Q14289,PROTEIN TYROSINE KINASE 2 BETA,PTK2B,,pKI,5.800000874803203,NM,NC(COCc1ccccc1)COc2cncc(C=Cc3ccncc3)c2
CHEMBL939,XGALLCVXEZPNRQ-UHFFFAOYSA-N,GEFITINIB,,Q14289,PROTEIN TYROSINE KINASE 2 BETA,PTK2B,,pKI,5.800000874803203,NM,COc1cc2ncnc(Nc3ccc(F)c(Cl)c3)c2cc1OCCCN4CCOCC4
CHEMBL1982992,XGMWRIIMIJPGBH-UHFFFAOYSA-N,,,Q14289,PROTEIN TYROSINE KINASE 2 BETA,PTK2B,,pKI,5.800000874803203,NM,Oc1cccc(Nc2ncnc3scc(Cl)c23)c1
CHEMBL2002165,XHORJSJFHVABEA-UHFFFAOYSA-N,,,Q14289,PROTEIN TYROSINE KINASE 2 BETA,PTK2B,,pKI,6.299997602857746,NM,CC(O)Cn1cc(cn1)c2cnc(N)c3c(csc23)c4ccc(NC(=O)Nc5cccc(F)c5)cc4
CHEMBL1989805,XIOOJUQFJYPVLA-UHFFFAOYSA-N,,,Q14289,PROTEIN TYROSINE KINASE 2 BETA,PTK2B,,pKI,5.800000874803203,NM,NC(=O)C1=C2SC(=Cc3occc3)C(=O)N2C(=C(C#N)C1c4occc4)N
CHEMBL226471,XJJYJNMNYDNXNO-UHFFFAOYSA-N,,,Q14289,PROTEIN TYROSINE KINASE 2 BETA,PTK2B,21336281.0,pKI,5.800244822746525,NM,Fc1ccccc1c2cc(ccn2)c3cc4C(=O)NCCc4[nH]3
CHEMBL226471,XJJYJNMNYDNXNO-UHFFFAOYSA-N,,,Q14289,PROTEIN TYROSINE KINASE 2 BETA,PTK2B,,pKI,5.800000874803203,NM,Fc1ccccc1c2cc(ccn2)c3cc4C(=O)NCCc4[nH]3
CHEMBL2004716,XJSFDMGICAWQFS-UHFFFAOYSA-N,,,Q14289,PROTEIN TYROSINE KINASE 2 BETA,PTK2B,,pKI,6.399996913372259,NM,CCN(CC)CCNC(=O)C=Cc1cnc(N)c2c(csc12)c3ccc(NC(=O)Nc4cccc(C)c4)cc3
CHEMBL1982466,XKZINYYXWJEYEL-UHFFFAOYSA-N,,,Q14289,PROTEIN TYROSINE KINASE 2 BETA,PTK2B,,pKI,5.800000874803203,NM,Cc1ccc(NC(=O)Nc2ccc(cc2)c3csc4c(cnc(N)c34)c5cnn(C)c5)cc1
CHEMBL1242373,XLFYOIVELARSKP-UHFFFAOYSA-N,,,Q14289,PROTEIN TYROSINE KINASE 2 BETA,PTK2B,,pKI,5.800000874803203,NM,Cc1cccc(NC(=O)Nc2ccc3c(CCc4sc5ncnc(N)c5c34)c2)c1
CHEMBL1967544,XMFUGSRATNLPRM-UHFFFAOYSA-N,,,Q14289,PROTEIN TYROSINE KINASE 2 BETA,PTK2B,,pKI,5.800000874803203,NM,CN(C)c1cccc2c(cccc12)S(=O)(=O)N(CCN)c3cncc(c3)c4ccc5cnccc5c4
CHEMBL1968590,XNEPVLVYFUGJLF-UHFFFAOYSA-N,,,Q14289,PROTEIN TYROSINE KINASE 2 BETA,PTK2B,,pKI,5.800000874803203,NM,CNC(=O)C=Cc1cnc(N)c2c(csc12)c3ccc4sc(C)nc4c3
CHEMBL1971141,XNLJDUXNZQBRSE-UHFFFAOYSA-N,,,Q14289,PROTEIN TYROSINE KINASE 2 BETA,PTK2B,,pKI,5.800000874803203,NM,Cc1cccc(NC(=O)Nc2ccc(cc2)c3cccc(c3)C(=O)N)c1
CHEMBL1988387,XOOAAYRIVATZNM-UHFFFAOYSA-N,,,Q14289,PROTEIN TYROSINE KINASE 2 BETA,PTK2B,,pKI,7.199970640755866,NM,Cn1cc(cn1)c2cnc(N)c3c(csc23)c4ccc(NC(=O)Nc5ccc(OC(F)F)cc5)cc4
CHEMBL340921,XOVPCPRZRHQFBI-UHFFFAOYSA-N,,,Q14289,PROTEIN TYROSINE KINASE 2 BETA,PTK2B,21336281.0,pKI,6.0,NM,Cc1cc(O)ccc1N2C=C(C(=O)N)C(=O)c3ccc(cc23)c4ccncc4
CHEMBL340921,XOVPCPRZRHQFBI-UHFFFAOYSA-N,,,Q14289,PROTEIN TYROSINE KINASE 2 BETA,PTK2B,,pKI,6.0,NM,Cc1cc(O)ccc1N2C=C(C(=O)N)C(=O)c3ccc(cc23)c4ccncc4
CHEMBL1991285,XPPLYAKZGXYPOZ-UHFFFAOYSA-N,,,Q14289,PROTEIN TYROSINE KINASE 2 BETA,PTK2B,,pKI,5.800000874803203,NM,Cc1cc(OCC2CCC(C2)C(=O)O)c(NC(=O)Nc3cnc(cn3)C#N)cc1Cl
CHEMBL1968380,XQVVPGYIWAGRNI-UHFFFAOYSA-N,,,Q14289,PROTEIN TYROSINE KINASE 2 BETA,PTK2B,,pKI,6.199998172182031,NM,CCC1N(C2CCCC2)c3nc(Nc4ccc(cc4OC)C(=O)NC5CCN(C)CC5)ncc3N(C)C1=O
CHEMBL491473,XXJWYDDUDKYVKI-UHFFFAOYSA-N,CEDIRANIB,,Q14289,PROTEIN TYROSINE KINASE 2 BETA,PTK2B,21336281.0,pKI,5.800244822746525,NM,COc1cc2c(Oc3ccc4[nH]c(C)cc4c3F)ncnc2cc1OCCCN5CCCC5
CHEMBL491473,XXJWYDDUDKYVKI-UHFFFAOYSA-N,CEDIRANIB,,Q14289,PROTEIN TYROSINE KINASE 2 BETA,PTK2B,,pKI,5.800000874803203,NM,COc1cc2c(Oc3ccc4[nH]c(C)cc4c3F)ncnc2cc1OCCCN5CCCC5
CHEMBL1968406,XYXLUJQBBIBJFV-UHFFFAOYSA-N,,,Q14289,PROTEIN TYROSINE KINASE 2 BETA,PTK2B,,pKI,5.800000874803203,NM,CCc1cccc(NC(=O)Nc2ccc3c(CCc4sc5ncnc(N)c5c34)c2)c1
CHEMBL1998121,XYZNKCSDQRKAFR-UHFFFAOYSA-N,,,Q14289,PROTEIN TYROSINE KINASE 2 BETA,PTK2B,,pKI,5.800000874803203,NM,NCCC(C(=O)Nc1ccc2[nH]ncc2c1)c3ccc(Cl)c(Cl)c3
CHEMBL387971,YACXOXQTGJXYNX-UHFFFAOYSA-N,,,Q14289,PROTEIN TYROSINE KINASE 2 BETA,PTK2B,21336281.0,pKI,5.800244822746525,NM,COCCOCC#Cc1cc(cs1)c2n[nH]c3c4ccc(CN5CCN(C)CC5)cc4C(=O)c23
CHEMBL387971,YACXOXQTGJXYNX-UHFFFAOYSA-N,,,Q14289,PROTEIN TYROSINE KINASE 2 BETA,PTK2B,,pKI,5.800000874803203,NM,COCCOCC#Cc1cc(cs1)c2n[nH]c3c4ccc(CN5CCN(C)CC5)cc4C(=O)c23
CHEMBL1971029,YADXIKLQVVBNLC-UHFFFAOYSA-N,,,Q14289,PROTEIN TYROSINE KINASE 2 BETA,PTK2B,,pKI,8.801342913045577,NM,CNS(=O)(=O)c1ccccc1Nc2nc(Nc3cc(ccc3OC)N4CCN(CC4)C(=O)C)ncc2Br
CHEMBL2006493,YCBJUIHLMYFQSQ-UHFFFAOYSA-N,,,Q14289,PROTEIN TYROSINE KINASE 2 BETA,PTK2B,,pKI,5.800000874803203,NM,FC(F)(F)c1ccc2C(=O)C3=C(CCCC3=O)Oc2c1
CHEMBL101253,YCOYDOIWSSHVCK-UHFFFAOYSA-N,VATALANIB,,Q14289,PROTEIN TYROSINE KINASE 2 BETA,PTK2B,,pKI,5.800000874803203,NM,Clc1ccc(Nc2nnc(Cc3ccncc3)c4ccccc24)cc1
CHEMBL1974664,YDOPLCNFRXOHCC-UHFFFAOYSA-N,,,Q14289,PROTEIN TYROSINE KINASE 2 BETA,PTK2B,,pKI,5.800000874803203,NM,COc1ccc(C=NNc2ncnc3c4ccccc4[nH]c23)cc1OC
CHEMBL1997822,YDWMUCKJUNLURC-UHFFFAOYSA-N,,,Q14289,PROTEIN TYROSINE KINASE 2 BETA,PTK2B,,pKI,5.800000874803203,NM,Cc1cc2cc(ccc2[nH]1)c3csc4c(cnc(N)c34)c5cccc(c5)S(=O)(=O)C
CHEMBL402846,YEPNVBNYCRGZRX-UHFFFAOYSA-N,,,Q14289,PROTEIN TYROSINE KINASE 2 BETA,PTK2B,21336281.0,pKI,5.800244822746525,NM,Cc1ccc(F)c(NC(=O)Nc2ccc(cc2)c3cncc4c3c(N)nn4C)c1
CHEMBL402846,YEPNVBNYCRGZRX-UHFFFAOYSA-N,,,Q14289,PROTEIN TYROSINE KINASE 2 BETA,PTK2B,,pKI,5.800000874803203,NM,Cc1ccc(F)c(NC(=O)Nc2ccc(cc2)c3cncc4c3c(N)nn4C)c1
CHEMBL1999428,YGEACCLUBSGMMJ-UHFFFAOYSA-N,,,Q14289,PROTEIN TYROSINE KINASE 2 BETA,PTK2B,,pKI,5.800000874803203,NM,CC(NC(=O)c1ccc(cc1)c2ccncc2)c3ccccc3
CHEMBL2003271,YKJSWMAVAKRUAN-UHFFFAOYSA-N,,,Q14289,PROTEIN TYROSINE KINASE 2 BETA,PTK2B,,pKI,5.800000874803203,NM,NC(=O)c1sc2ccc(Cl)c(Cl)c2c1NC(=O)c3ccc(Cl)cc3
CHEMBL1992342,YKYRQCWLYUTVIE-UHFFFAOYSA-N,,,Q14289,PROTEIN TYROSINE KINASE 2 BETA,PTK2B,,pKI,5.800000874803203,NM,CCCS(=O)(=O)Nc1ccc(cc1)c2ccc3[nH]nc(N)c3c2
CHEMBL1969126,YMSZHISTTIUBDG-UHFFFAOYSA-N,,,Q14289,PROTEIN TYROSINE KINASE 2 BETA,PTK2B,,pKI,5.800000874803203,NM,CC(C)n1nnc2ccc(cc12)c3c(nc4occn34)c5ccc(F)cc5F
CHEMBL1978200,YPDWGKSFVMASOZ-UHFFFAOYSA-N,,,Q14289,PROTEIN TYROSINE KINASE 2 BETA,PTK2B,,pKI,5.800000874803203,NM,Cc1nccn2c(c3ccnc(NCCC(C)(C)O)n3)c(nc12)c4ccc(F)cc4F
CHEMBL1992740,YRVHWCZERXVDLL-UHFFFAOYSA-N,,,Q14289,PROTEIN TYROSINE KINASE 2 BETA,PTK2B,,pKI,5.800000874803203,NM,CCN1CCN(CCCC(=O)Nc2n[nH]c3nnc(cc23)c4cccc(F)c4F)CC1
CHEMBL1970806,YRWZRNPWLKELTF-UHFFFAOYSA-N,,,Q14289,PROTEIN TYROSINE KINASE 2 BETA,PTK2B,,pKI,5.800000874803203,NM,O=C1Nc2sc3CCCCc3c2c4nc(nn14)c5cccnc5
CHEMBL2000071,YUOWJICKAJQZLS-UHFFFAOYSA-N,,,Q14289,PROTEIN TYROSINE KINASE 2 BETA,PTK2B,,pKI,6.0999990348465305,NM,OCCCNc1ncnc2[nH]cc(c3ccccc3)c12
CHEMBL1998545,YVKVSKQNYIHXPX-UHFFFAOYSA-N,,,Q14289,PROTEIN TYROSINE KINASE 2 BETA,PTK2B,,pKI,5.800000874803203,NM,OCC(Cc1ccccc1)NC(=O)c2ccc(cc2)c3ccncc3
CHEMBL1985406,YWITWZUKNXWOSD-UHFFFAOYSA-N,,,Q14289,PROTEIN TYROSINE KINASE 2 BETA,PTK2B,,pKI,5.800000874803203,NM,CCCC(=O)Nc1n[nH]c2ccc(cc12)c3cccc(F)c3F
CHEMBL1970903,YWTBGJGMTBHQTM-UHFFFAOYSA-N,,,Q14289,PROTEIN TYROSINE KINASE 2 BETA,PTK2B,,pKI,5.800000874803203,NM,Cc1n[nH]c2ccc(cc12)c3cncc(OCC(N)Cc4c[nH]c5ccccc45)c3
CHEMBL185569,ZAARMHXLYCHRAK-UHFFFAOYSA-N,,,Q14289,PROTEIN TYROSINE KINASE 2 BETA,PTK2B,21336281.0,pKI,5.800244822746525,NM,Cc1cccc(NC(=O)Nc2ccc(cc2)c3cccc4C(=O)NCc34)c1
CHEMBL185569,ZAARMHXLYCHRAK-UHFFFAOYSA-N,,,Q14289,PROTEIN TYROSINE KINASE 2 BETA,PTK2B,,pKI,5.800000874803203,NM,Cc1cccc(NC(=O)Nc2ccc(cc2)c3cccc4C(=O)NCc34)c1
CHEMBL1421,ZBNZXTGUTAYRHI-UHFFFAOYSA-N,DASATINIB,,Q14289,PROTEIN TYROSINE KINASE 2 BETA,PTK2B,21336281.0,pKI,5.800244822746525,NM,Cc1nc(Nc2ncc(s2)C(=O)Nc3c(C)cccc3Cl)cc(n1)N4CCN(CCO)CC4
CHEMBL1421,ZBNZXTGUTAYRHI-UHFFFAOYSA-N,DASATINIB,,Q14289,PROTEIN TYROSINE KINASE 2 BETA,PTK2B,,pKI,5.800000874803203,NM,Cc1nc(Nc2ncc(s2)C(=O)Nc3c(C)cccc3Cl)cc(n1)N4CCN(CCO)CC4
CHEMBL1971694,ZDXCUVXIHVTLEU-UHFFFAOYSA-N,,,Q14289,PROTEIN TYROSINE KINASE 2 BETA,PTK2B,,pKI,5.800000874803203,NM,CCCCNC1=NS(=O)N=C1Nc2ccc(F)cc2
CHEMBL508928,ZGDSBEUMPIMXBM-UHFFFAOYSA-N,,,Q14289,PROTEIN TYROSINE KINASE 2 BETA,PTK2B,21336281.0,pKI,5.800244822746525,NM,Cc1cccc(NC(=O)Nc2ccc(cc2)c3cnc4c(cnn4c3N)c5cnn(C)c5)c1
CHEMBL508928,ZGDSBEUMPIMXBM-UHFFFAOYSA-N,,,Q14289,PROTEIN TYROSINE KINASE 2 BETA,PTK2B,,pKI,5.800000874803203,NM,Cc1cccc(NC(=O)Nc2ccc(cc2)c3cnc4c(cnn4c3N)c5cnn(C)c5)c1
CHEMBL1976093,ZJAHDRFLBKWZPM-UHFFFAOYSA-N,,,Q14289,PROTEIN TYROSINE KINASE 2 BETA,PTK2B,,pKI,5.800000874803203,NM,CN(C)CC(C)(C)CNc1nccc(n1)c2c(nc3cnccn23)c4ccc(F)cc4
CHEMBL1969502,ZKHDDJKHTPLPOQ-UHFFFAOYSA-N,,,Q14289,PROTEIN TYROSINE KINASE 2 BETA,PTK2B,,pKI,5.800000874803203,NM,O=C(Nc1cc2C(=O)NN=Cc3c[nH]c(c1)c23)C4CC4c5ccccc5
CHEMBL1976134,ZLVOTRRGLSDLPF-UHFFFAOYSA-N,,,Q14289,PROTEIN TYROSINE KINASE 2 BETA,PTK2B,,pKI,5.800000874803203,NM,c1cc2cc(cnc2[nH]1)c3ccc4cn[nH]c4c3
CHEMBL1989518,ZMBDLCDLIZXFHY-UHFFFAOYSA-N,,,Q14289,PROTEIN TYROSINE KINASE 2 BETA,PTK2B,,pKI,5.800000874803203,NM,NCCOc1cncc(C=Cc2ccncc2)c1
CHEMBL2005899,ZPVLRSVLOWVDJC-UHFFFAOYSA-N,,,Q14289,PROTEIN TYROSINE KINASE 2 BETA,PTK2B,,pKI,5.800000874803203,NM,CC(NC1=C(N(C(=O)C)c2ccncc2)C(=O)C1=O)C(C)(C)C
CHEMBL17370,ZPXPEKQMLOAPLT-UHFFFAOYSA-N,,,Q14289,PROTEIN TYROSINE KINASE 2 BETA,PTK2B,21336281.0,pKI,5.800244822746525,NM,CSc1ccc(cc1)c2nc(c3ccc(F)cc3)c([nH]2)c4ccncc4
CHEMBL17370,ZPXPEKQMLOAPLT-UHFFFAOYSA-N,,,Q14289,PROTEIN TYROSINE KINASE 2 BETA,PTK2B,,pKI,5.800000874803203,NM,CSc1ccc(cc1)c2nc(c3ccc(F)cc3)c([nH]2)c4ccncc4
CHEMBL256835,ZQUSFAUAYSEREK-UHFFFAOYSA-N,,,Q14289,PROTEIN TYROSINE KINASE 2 BETA,PTK2B,,pKI,5.800000874803203,NM,COc1nccc(n1)c2c(ncn2C3CCC(O)CC3)c4ccc(F)cc4
CHEMBL97162,ZQUSFAUAYSEREK-WKILWMFISA-N,SB-239063,,Q14289,PROTEIN TYROSINE KINASE 2 BETA,PTK2B,21336281.0,pKI,5.800244822746525,NM,COc1nccc(n1)c2c(ncn2[C@@H]3CC[C@@H](O)CC3)c4ccc(F)cc4
CHEMBL2005936,ZRQXCQXWTLVASO-UHFFFAOYSA-N,,,Q14289,PROTEIN TYROSINE KINASE 2 BETA,PTK2B,,pKI,5.800000874803203,NM,CCCC(=O)Nc1n[nH]c2ccc(cc12)c3nnn(Cc4ccccc4)c3c5ccccc5
CHEMBL377383,ZVDDPXIWKBBCQE-UHFFFAOYSA-N,,,Q14289,PROTEIN TYROSINE KINASE 2 BETA,PTK2B,21336281.0,pKI,5.800244822746525,NM,CCOc1nc(cc(N)c1Cl)C(=O)NCc2ccc(cc2)S(=O)(=O)C
CHEMBL377383,ZVDDPXIWKBBCQE-UHFFFAOYSA-N,,,Q14289,PROTEIN TYROSINE KINASE 2 BETA,PTK2B,,pKI,5.800000874803203,NM,CCOc1nc(cc(N)c1Cl)C(=O)NCc2ccc(cc2)S(=O)(=O)C
CHEMBL2007592,ZVGVJHARPQUYQS-UHFFFAOYSA-N,,,Q14289,PROTEIN TYROSINE KINASE 2 BETA,PTK2B,,pKI,5.800000874803203,NM,O=C1Nc2sc3CCCCc3c2c4nc(nn14)c5ccccc5
CHEMBL306380,ZVPDNRVYHLRXLX-UHFFFAOYSA-N,,,Q14289,PROTEIN TYROSINE KINASE 2 BETA,PTK2B,21336281.0,pKI,5.800244822746525,NM,Cc1ccc(cc1)c2nn(c3ncnc(N)c23)C(C)(C)C
CHEMBL306380,ZVPDNRVYHLRXLX-UHFFFAOYSA-N,,,Q14289,PROTEIN TYROSINE KINASE 2 BETA,PTK2B,,pKI,5.800000874803203,NM,Cc1ccc(cc1)c2nn(c3ncnc(N)c23)C(C)(C)C
CHEMBL1988838,ZVWRFVCNQOECJS-UHFFFAOYSA-N,,,Q14289,PROTEIN TYROSINE KINASE 2 BETA,PTK2B,,pKI,7.0,NM,Cc1cnc(Nc2cccc(c2)S(=O)(=O)N)nc1Nc3ccc(OCC(=O)N)cc3
CHEMBL2005886,ZWVZORIKUNOTCS-UHFFFAOYSA-N,,,Q14289,PROTEIN TYROSINE KINASE 2 BETA,PTK2B,,pKI,7.599980364934842,NM,Cc1cc(cc2[nH]c(nc12)C3=C(NCC(O)c4cccc(Cl)c4)C=CNC3=O)N5CCOCC5
CHEMBL213505,ZXLFIHLBHMLHFJ-UHFFFAOYSA-N,,,Q14289,PROTEIN TYROSINE KINASE 2 BETA,PTK2B,21336281.0,pKI,5.800244822746525,NM,Nc1ncnc2onc(c3ccc(NC(=O)Nc4cccc(c4)C(F)(F)F)cc3)c12
CHEMBL213505,ZXLFIHLBHMLHFJ-UHFFFAOYSA-N,,,Q14289,PROTEIN TYROSINE KINASE 2 BETA,PTK2B,,pKI,5.800000874803203,NM,Nc1ncnc2onc(c3ccc(NC(=O)Nc4cccc(c4)C(F)(F)F)cc3)c12
CHEMBL1967887,ZYTFPHRVOZXPGZ-UHFFFAOYSA-N,,,Q14289,PROTEIN TYROSINE KINASE 2 BETA,PTK2B,,pKI,5.800000874803203,NM,Cc1n[nH]c2ccc(cc12)c3cncc(OCCN)c3
